Episode,Success_Rate
1,0.0
2,0.0
3,0.0
4,0.0
5,0.0
6,0.0
7,0.0
8,0.0
9,0.0
10,0.0
11,0.0
12,0.0
13,0.0
14,0.0
15,0.0
16,0.0
17,0.0
18,0.0
19,0.0
20,0.0
21,0.0
22,0.0
23,0.0
24,0.0
25,0.0
26,0.0
27,0.0
28,0.0
29,0.034482758620689655
30,0.06666666666666667
31,0.0967741935483871
32,0.125
33,0.12121212121212122
34,0.11764705882352941
35,0.11428571428571428
36,0.1111111111111111
37,0.10810810810810811
38,0.10526315789473684
39,0.10256410256410256
40,0.1
41,0.0975609756097561
42,0.09523809523809523
43,0.09302325581395349
44,0.09090909090909091
45,0.08888888888888889
46,0.08695652173913043
47,0.0851063829787234
48,0.08333333333333333
49,0.08163265306122448
50,0.08
51,0.0784313725490196
52,0.07692307692307693
53,0.07547169811320754
54,0.07407407407407407
55,0.07272727272727272
56,0.07142857142857142
57,0.07017543859649122
58,0.06896551724137931
59,0.06779661016949153
60,0.06666666666666667
61,0.06557377049180328
62,0.08064516129032258
63,0.09523809523809523
64,0.09375
65,0.09230769230769231
66,0.09090909090909091
67,0.1044776119402985
68,0.10294117647058823
69,0.10144927536231885
70,0.1
71,0.09859154929577464
72,0.09722222222222222
73,0.0958904109589041
74,0.0945945945945946
75,0.10666666666666667
76,0.11842105263157894
77,0.11688311688311688
78,0.11538461538461539
79,0.11392405063291139
80,0.1125
81,0.1111111111111111
82,0.10975609756097561
83,0.10843373493975904
84,0.10714285714285714
85,0.11764705882352941
86,0.11627906976744186
87,0.11494252873563218
88,0.11363636363636363
89,0.11235955056179775
90,0.1111111111111111
91,0.10989010989010989
92,0.10869565217391304
93,0.10752688172043011
94,0.10638297872340426
95,0.10526315789473684
96,0.10416666666666667
97,0.10309278350515463
98,0.10204081632653061
99,0.10101010101010101
100,0.1
101,0.09900990099009901
102,0.09803921568627451
103,0.0970873786407767
104,0.10576923076923077
105,0.10476190476190476
106,0.10377358490566038
107,0.102803738317757
108,0.10185185185185185
109,0.11009174311926606
110,0.10909090909090909
111,0.10810810810810811
112,0.10714285714285714
113,0.10619469026548672
114,0.10526315789473684
115,0.10434782608695652
116,0.10344827586206896
117,0.10256410256410256
118,0.1016949152542373
119,0.10084033613445378
120,0.1
121,0.09917355371900827
122,0.09836065573770492
123,0.0975609756097561
124,0.0967741935483871
125,0.096
126,0.10317460317460317
127,0.10236220472440945
128,0.1015625
129,0.10077519379844961
130,0.1
131,0.09923664122137404
132,0.09848484848484848
133,0.09774436090225563
134,0.09701492537313433
135,0.0962962962962963
136,0.09558823529411764
137,0.0948905109489051
138,0.09420289855072464
139,0.10071942446043165
140,0.10714285714285714
141,0.10638297872340426
142,0.1056338028169014
143,0.1048951048951049
144,0.10416666666666667
145,0.10344827586206896
146,0.10273972602739725
147,0.10204081632653061
148,0.10135135135135136
149,0.10067114093959731
150,0.1
151,0.09933774834437085
152,0.09868421052631579
153,0.10457516339869281
154,0.1038961038961039
155,0.1032258064516129
156,0.10256410256410256
157,0.10191082802547771
158,0.10126582278481013
159,0.10062893081761007
160,0.1
161,0.09937888198757763
162,0.09876543209876543
163,0.09815950920245399
164,0.0975609756097561
165,0.09696969696969697
166,0.0963855421686747
167,0.10179640718562874
168,0.10119047619047619
169,0.10059171597633136
170,0.1
171,0.09941520467836257
172,0.09883720930232558
173,0.09826589595375723
174,0.09770114942528736
175,0.09714285714285714
176,0.09659090909090909
177,0.096045197740113
178,0.09550561797752809
179,0.09497206703910614
180,0.09444444444444444
181,0.09392265193370165
182,0.09340659340659341
183,0.09289617486338798
184,0.09239130434782608
185,0.0918918918918919
186,0.0913978494623656
187,0.09090909090909091
188,0.09042553191489362
189,0.08994708994708994
190,0.08947368421052632
191,0.08900523560209424
192,0.09375
193,0.09326424870466321
194,0.09278350515463918
195,0.09230769230769231
196,0.09183673469387756
197,0.09137055837563451
198,0.09595959595959595
199,0.09547738693467336
200,0.095
201,0.0945273631840796
202,0.09900990099009901
203,0.09852216748768473
204,0.09803921568627451
205,0.0975609756097561
206,0.10194174757281553
207,0.10144927536231885
208,0.10096153846153846
209,0.10047846889952153
210,0.1
211,0.0995260663507109
212,0.09905660377358491
213,0.09859154929577464
214,0.102803738317757
215,0.10232558139534884
216,0.10185185185185185
217,0.10138248847926268
218,0.10091743119266056
219,0.1004566210045662
220,0.1
221,0.09954751131221719
222,0.0990990990990991
223,0.09865470852017937
224,0.09821428571428571
225,0.10222222222222223
226,0.10619469026548672
227,0.10572687224669604
228,0.10526315789473684
229,0.10480349344978165
230,0.10869565217391304
231,0.11255411255411256
232,0.11637931034482758
233,0.11587982832618025
234,0.11538461538461539
235,0.1148936170212766
236,0.11440677966101695
237,0.11392405063291139
238,0.1134453781512605
239,0.11715481171548117
240,0.11666666666666667
241,0.11618257261410789
242,0.11570247933884298
243,0.11522633744855967
244,0.11475409836065574
245,0.11428571428571428
246,0.11382113821138211
247,0.11740890688259109
248,0.11693548387096774
249,0.11646586345381527
250,0.116
251,0.11553784860557768
252,0.11507936507936507
253,0.11857707509881422
254,0.11811023622047244
255,0.11764705882352941
256,0.1171875
257,0.11673151750972763
258,0.12015503875968993
259,0.11969111969111969
260,0.11923076923076924
261,0.11877394636015326
262,0.1183206106870229
263,0.11787072243346007
264,0.11742424242424243
265,0.1169811320754717
266,0.11654135338345864
267,0.11610486891385768
268,0.11567164179104478
269,0.11895910780669144
270,0.11851851851851852
271,0.11808118081180811
272,0.11764705882352941
273,0.11721611721611722
274,0.12043795620437957
275,0.12
276,0.11956521739130435
277,0.11913357400722022
278,0.11870503597122302
279,0.11827956989247312
280,0.11785714285714285
281,0.11743772241992882
282,0.11702127659574468
283,0.1166077738515901
284,0.11619718309859155
285,0.11578947368421053
286,0.11538461538461539
287,0.11498257839721254
288,0.11458333333333333
289,0.11418685121107267
290,0.11379310344827587
291,0.1134020618556701
292,0.11301369863013698
293,0.11262798634812286
294,0.11224489795918367
295,0.11186440677966102
296,0.11148648648648649
297,0.1111111111111111
298,0.11073825503355705
299,0.11371237458193979
300,0.11666666666666667
301,0.11627906976744186
302,0.11589403973509933
303,0.11551155115511551
304,0.11842105263157894
305,0.1180327868852459
306,0.11764705882352941
307,0.11726384364820847
308,0.11688311688311688
309,0.11650485436893204
310,0.11612903225806452
311,0.1189710610932476
312,0.11858974358974358
313,0.1182108626198083
314,0.12101910828025478
315,0.12063492063492064
316,0.12025316455696203
317,0.11987381703470032
318,0.11949685534591195
319,0.11912225705329153
320,0.11875
321,0.11838006230529595
322,0.11801242236024845
323,0.11764705882352941
324,0.11728395061728394
325,0.11692307692307692
326,0.1165644171779141
327,0.1162079510703364
328,0.11585365853658537
329,0.11550151975683891
330,0.11515151515151516
331,0.1148036253776435
332,0.1144578313253012
333,0.11411411411411411
334,0.11377245508982035
335,0.11343283582089553
336,0.1130952380952381
337,0.11275964391691394
338,0.11242603550295859
339,0.11209439528023599
340,0.11176470588235295
341,0.11143695014662756
342,0.1111111111111111
343,0.11078717201166181
344,0.11046511627906977
345,0.11014492753623188
346,0.10982658959537572
347,0.10951008645533142
348,0.10919540229885058
349,0.10888252148997135
350,0.10857142857142857
351,0.10826210826210826
352,0.10795454545454546
353,0.10764872521246459
354,0.10734463276836158
355,0.10704225352112676
356,0.10674157303370786
357,0.10644257703081232
358,0.10614525139664804
359,0.10584958217270195
360,0.10555555555555556
361,0.10526315789473684
362,0.10497237569060773
363,0.1046831955922865
364,0.1043956043956044
365,0.10410958904109589
366,0.10382513661202186
367,0.10354223433242507
368,0.10326086956521739
369,0.10298102981029811
370,0.10270270270270271
371,0.10242587601078167
372,0.10215053763440861
373,0.10187667560321716
374,0.10160427807486631
375,0.10133333333333333
376,0.10106382978723404
377,0.10079575596816977
378,0.10052910052910052
379,0.10026385224274406
380,0.1
381,0.09973753280839895
382,0.09947643979057591
383,0.09921671018276762
384,0.09895833333333333
385,0.0987012987012987
386,0.09844559585492228
387,0.09819121447028424
388,0.0979381443298969
389,0.09768637532133675
390,0.09743589743589744
391,0.09718670076726342
392,0.09693877551020408
393,0.09669211195928754
394,0.09644670050761421
395,0.09620253164556962
396,0.09595959595959595
397,0.09571788413098237
398,0.09547738693467336
399,0.09523809523809523
400,0.095
401,0.09476309226932668
402,0.0945273631840796
403,0.09429280397022333
404,0.09405940594059406
405,0.09382716049382717
406,0.09359605911330049
407,0.09336609336609336
408,0.09313725490196079
409,0.09290953545232274
410,0.09268292682926829
411,0.09245742092457421
412,0.09223300970873786
413,0.09200968523002422
414,0.09178743961352658
415,0.09156626506024096
416,0.09134615384615384
417,0.09112709832134293
418,0.09090909090909091
419,0.09069212410501193
420,0.09047619047619047
421,0.09026128266033254
422,0.09004739336492891
423,0.08983451536643026
424,0.08962264150943396
425,0.08941176470588236
426,0.0892018779342723
427,0.08899297423887588
428,0.08878504672897196
429,0.08857808857808858
430,0.08837209302325581
431,0.08816705336426914
432,0.08796296296296297
433,0.08775981524249422
434,0.08755760368663594
435,0.08735632183908046
436,0.0871559633027523
437,0.08695652173913043
438,0.0867579908675799
439,0.08656036446469248
440,0.08636363636363636
441,0.08616780045351474
442,0.08597285067873303
443,0.08577878103837472
444,0.08558558558558559
445,0.0853932584269663
446,0.08520179372197309
447,0.08501118568232663
448,0.08482142857142858
449,0.08463251670378619
450,0.08444444444444445
451,0.08425720620842572
452,0.084070796460177
453,0.08388520971302428
454,0.08370044052863436
455,0.08351648351648351
456,0.08333333333333333
457,0.08315098468271334
458,0.08296943231441048
459,0.08278867102396514
460,0.08260869565217391
461,0.0824295010845987
462,0.08225108225108226
463,0.08207343412526998
464,0.08189655172413793
465,0.08172043010752689
466,0.0815450643776824
467,0.08137044967880086
468,0.0811965811965812
469,0.08102345415778252
470,0.08085106382978724
471,0.08067940552016985
472,0.08050847457627118
473,0.080338266384778
474,0.08016877637130802
475,0.08
476,0.07983193277310924
477,0.07966457023060797
478,0.0794979079497908
479,0.07933194154488518
480,0.07916666666666666
481,0.079002079002079
482,0.07883817427385892
483,0.07867494824016563
484,0.07851239669421488
485,0.07835051546391752
486,0.07818930041152264
487,0.07802874743326489
488,0.0778688524590164
489,0.07770961145194274
490,0.07755102040816327
491,0.07739307535641547
492,0.07723577235772358
493,0.07707910750507099
494,0.07692307692307693
495,0.07676767676767676
496,0.07661290322580645
497,0.07645875251509054
498,0.07630522088353414
499,0.07615230460921844
500,0.076
501,0.07584830339321358
502,0.07569721115537849
503,0.07554671968190854
504,0.07539682539682539
505,0.07524752475247524
506,0.07509881422924901
507,0.07495069033530571
508,0.07480314960629922
509,0.07465618860510806
510,0.07450980392156863
511,0.07436399217221135
512,0.07421875
513,0.07407407407407407
514,0.07392996108949416
515,0.07378640776699029
516,0.07364341085271318
517,0.0735009671179884
518,0.07335907335907337
519,0.07321772639691715
520,0.07307692307692308
521,0.07293666026871401
522,0.07279693486590039
523,0.07265774378585087
524,0.07251908396946564
525,0.07238095238095238
526,0.07224334600760456
527,0.07210626185958255
528,0.07196969696969698
529,0.07183364839319471
530,0.07169811320754717
531,0.07156308851224105
532,0.07142857142857142
533,0.07129455909943715
534,0.07116104868913857
535,0.07102803738317758
536,0.0708955223880597
537,0.07076350093109869
538,0.07063197026022305
539,0.07050092764378478
540,0.07037037037037037
541,0.07024029574861368
542,0.07011070110701106
543,0.06998158379373849
544,0.06985294117647059
545,0.06972477064220184
546,0.0695970695970696
547,0.06946983546617916
548,0.06934306569343066
549,0.0692167577413479
550,0.06909090909090909
551,0.06896551724137931
552,0.06884057971014493
553,0.06871609403254973
554,0.06859205776173286
555,0.06846846846846846
556,0.0683453237410072
557,0.06822262118491922
558,0.06810035842293907
559,0.06797853309481217
560,0.06785714285714285
561,0.0677361853832442
562,0.06761565836298933
563,0.0674955595026643
564,0.0673758865248227
565,0.06725663716814159
566,0.06713780918727916
567,0.06701940035273368
568,0.06690140845070422
569,0.06678383128295255
570,0.06666666666666667
571,0.06654991243432574
572,0.06643356643356643
573,0.06631762652705062
574,0.06620209059233449
575,0.06608695652173913
576,0.06597222222222222
577,0.0658578856152513
578,0.0657439446366782
579,0.06563039723661486
580,0.06551724137931035
581,0.06540447504302926
582,0.06529209621993128
583,0.06518010291595197
584,0.06506849315068493
585,0.06495726495726496
586,0.06484641638225255
587,0.06473594548551959
588,0.06462585034013606
589,0.06451612903225806
590,0.06440677966101695
591,0.06429780033840947
592,0.06418918918918919
593,0.06408094435075885
594,0.06397306397306397
595,0.06386554621848739
596,0.06375838926174497
597,0.06365159128978225
598,0.06354515050167224
599,0.06343906510851419
600,0.06333333333333334
601,0.0632279534109817
602,0.06312292358803986
603,0.06301824212271974
604,0.06291390728476821
605,0.0628099173553719
606,0.0627062706270627
607,0.06260296540362438
608,0.0625
609,0.06239737274220033
610,0.06229508196721312
611,0.062193126022913256
612,0.06209150326797386
613,0.06199021207177814
614,0.06188925081433225
615,0.061788617886178863
616,0.06168831168831169
617,0.06158833063209076
618,0.061488673139158574
619,0.061389337641357025
620,0.06129032258064516
621,0.061191626409017714
622,0.06109324758842444
623,0.060995184590690206
624,0.060897435897435896
625,0.0608
626,0.06070287539936102
627,0.06060606060606061
628,0.06050955414012739
629,0.06041335453100159
630,0.06031746031746032
631,0.060221870047543584
632,0.060126582278481014
633,0.06003159557661927
634,0.05993690851735016
635,0.05984251968503937
636,0.059748427672955975
637,0.059654631083202514
638,0.05956112852664577
639,0.0594679186228482
640,0.059375
641,0.059282371294851796
642,0.059190031152647975
643,0.05909797822706065
644,0.059006211180124224
645,0.05891472868217054
646,0.058823529411764705
647,0.05873261205564142
648,0.05864197530864197
649,0.05855161787365177
650,0.05846153846153846
651,0.05837173579109063
652,0.05828220858895705
653,0.05819295558958652
654,0.0581039755351682
655,0.05801526717557252
656,0.057926829268292686
657,0.0578386605783866
658,0.057750759878419454
659,0.057663125948406675
660,0.05757575757575758
661,0.057488653555219364
662,0.05740181268882175
663,0.05731523378582202
664,0.0572289156626506
665,0.05714285714285714
666,0.057057057057057055
667,0.05697151424287856
668,0.05688622754491018
669,0.05680119581464873
670,0.056716417910447764
671,0.05663189269746647
672,0.05654761904761905
673,0.05646359583952452
674,0.05637982195845697
675,0.056296296296296296
676,0.05621301775147929
677,0.056129985228951254
678,0.05604719764011799
679,0.055964653902798235
680,0.05588235294117647
681,0.055800293685756244
682,0.05571847507331378
683,0.055636896046852125
684,0.05555555555555555
685,0.05547445255474453
686,0.05539358600583091
687,0.055312954876273655
688,0.055232558139534885
689,0.055152394775036286
690,0.05507246376811594
691,0.05499276410998553
692,0.05491329479768786
693,0.05627705627705628
694,0.056195965417867436
695,0.05611510791366906
696,0.05603448275862069
697,0.05595408895265423
698,0.055873925501432664
699,0.055793991416309016
700,0.055714285714285716
701,0.05563480741797432
702,0.05555555555555555
703,0.05547652916073969
704,0.05539772727272727
705,0.05531914893617021
706,0.05524079320113314
707,0.055162659123055166
708,0.05508474576271186
709,0.05500705218617771
710,0.054929577464788736
711,0.05485232067510549
712,0.054775280898876406
713,0.0546984572230014
714,0.0546218487394958
715,0.05454545454545454
716,0.05446927374301676
717,0.05439330543933055
718,0.054317548746518104
719,0.054242002781641166
720,0.05416666666666667
721,0.05409153952843273
722,0.054016620498614956
723,0.05394190871369295
724,0.05386740331491713
725,0.05379310344827586
726,0.05371900826446281
727,0.05364511691884457
728,0.05357142857142857
729,0.053497942386831275
730,0.05342465753424658
731,0.0533515731874145
732,0.05327868852459016
733,0.05320600272851296
734,0.05449591280653951
735,0.05442176870748299
736,0.05434782608695652
737,0.054274084124830396
738,0.05420054200542006
739,0.05412719891745602
740,0.05405405405405406
741,0.05398110661268556
742,0.05390835579514825
743,0.05383580080753701
744,0.053763440860215055
745,0.053691275167785234
746,0.05361930294906166
747,0.0535475234270415
748,0.053475935828877004
749,0.0534045393858478
750,0.05333333333333334
751,0.05326231691078562
752,0.05319148936170213
753,0.05312084993359894
754,0.05305039787798409
755,0.052980132450331126
756,0.05291005291005291
757,0.052840158520475564
758,0.052770448548812667
759,0.052700922266139656
760,0.05263157894736842
761,0.052562417871222074
762,0.05249343832020997
763,0.05242463958060288
764,0.05235602094240838
765,0.05228758169934641
766,0.05221932114882506
767,0.05215123859191656
768,0.052083333333333336
769,0.053315994798439535
770,0.053246753246753244
771,0.05317769130998703
772,0.05310880829015544
773,0.05304010349288486
774,0.05297157622739018
775,0.05290322580645161
776,0.05283505154639175
777,0.05276705276705277
778,0.05269922879177378
779,0.05263157894736842
780,0.052564102564102565
781,0.052496798975672214
782,0.052429667519181586
783,0.05236270753512133
784,0.05229591836734694
785,0.05222929936305733
786,0.05216284987277354
787,0.052096569250317665
788,0.05203045685279188
789,0.051964512040557666
790,0.05189873417721519
791,0.051833122629582805
792,0.05176767676767677
793,0.05170239596469105
794,0.05163727959697733
795,0.05157232704402516
796,0.05150753768844221
797,0.05144291091593475
798,0.05137844611528822
799,0.05131414267834793
800,0.05125
801,0.05118601747815231
802,0.05112219451371571
803,0.05105853051058531
804,0.05099502487562189
805,0.05093167701863354
806,0.05086848635235732
807,0.05080545229244114
808,0.050742574257425746
809,0.05067985166872682
810,0.050617283950617285
811,0.051787916152897656
812,0.05172413793103448
813,0.05166051660516605
814,0.051597051597051594
815,0.051533742331288344
816,0.051470588235294115
817,0.051407588739290085
818,0.05134474327628362
819,0.05128205128205128
820,0.05121951219512195
821,0.05115712545676005
822,0.051094890510948905
823,0.05103280680437424
824,0.050970873786407765
825,0.05090909090909091
826,0.05084745762711865
827,0.05078597339782346
828,0.050724637681159424
829,0.05066344993968637
830,0.05060240963855422
831,0.05054151624548736
832,0.05048076923076923
833,0.05042016806722689
834,0.050359712230215826
835,0.05029940119760479
836,0.050239234449760764
837,0.05017921146953405
838,0.050119331742243436
839,0.050059594755661505
840,0.05
841,0.04994054696789536
842,0.0498812351543943
843,0.0498220640569395
844,0.04976303317535545
845,0.04970414201183432
846,0.04964539007092199
847,0.049586776859504134
848,0.049528301886792456
849,0.04946996466431095
850,0.04941176470588235
851,0.04935370152761457
852,0.04929577464788732
853,0.0492379835873388
854,0.04918032786885246
855,0.04912280701754386
856,0.04906542056074766
857,0.049008168028004666
858,0.04895104895104895
859,0.048894062863795114
860,0.04883720930232558
861,0.04878048780487805
862,0.048723897911832945
863,0.04866743916570104
864,0.04861111111111111
865,0.048554913294797684
866,0.04849884526558892
867,0.04844290657439446
868,0.04838709677419355
869,0.04833141542002301
870,0.04827586206896552
871,0.04822043628013777
872,0.0481651376146789
873,0.048109965635738834
874,0.04805491990846682
875,0.048
876,0.04794520547945205
877,0.04789053591790194
878,0.04783599088838269
879,0.04778156996587031
880,0.04772727272727273
881,0.04767309875141884
882,0.047619047619047616
883,0.04756511891279728
884,0.04751131221719457
885,0.04745762711864407
886,0.04740406320541761
887,0.04735062006764374
888,0.0472972972972973
889,0.047244094488188976
890,0.04719101123595506
891,0.04713804713804714
892,0.04708520179372197
893,0.04703247480403135
894,0.04697986577181208
895,0.04692737430167598
896,0.046875
897,0.046822742474916385
898,0.0467706013363029
899,0.04671857619577308
900,0.04666666666666667
901,0.04661487236403995
902,0.04656319290465632
903,0.046511627906976744
904,0.046460176991150445
905,0.04640883977900553
906,0.046357615894039736
907,0.04630650496141125
908,0.046255506607929514
909,0.0462046204620462
910,0.046153846153846156
911,0.04610318331503842
912,0.046052631578947366
913,0.04600219058050383
914,0.045951859956236324
915,0.04590163934426229
916,0.04585152838427948
917,0.04580152671755725
918,0.0457516339869281
919,0.04570184983677911
920,0.04565217391304348
921,0.04560260586319218
922,0.0455531453362256
923,0.04550379198266522
924,0.045454545454545456
925,0.04540540540540541
926,0.04535637149028078
927,0.045307443365695796
928,0.04525862068965517
929,0.04520990312163617
930,0.04516129032258064
931,0.045112781954887216
932,0.045064377682403435
933,0.04501607717041801
934,0.044967880085653104
935,0.044919786096256686
936,0.04487179487179487
937,0.044823906083244394
938,0.04477611940298507
939,0.04472843450479233
940,0.04468085106382979
941,0.044633368756641874
942,0.044585987261146494
943,0.044538706256627786
944,0.04449152542372881
945,0.044444444444444446
946,0.04439746300211417
947,0.044350580781414996
948,0.04430379746835443
949,0.044257112750263436
950,0.04421052631578947
951,0.04416403785488959
952,0.04411764705882353
953,0.04407135362014691
954,0.0440251572327044
955,0.04397905759162304
956,0.043933054393305436
957,0.0438871473354232
958,0.04384133611691023
959,0.043795620437956206
960,0.04375
961,0.043704474505723206
962,0.04365904365904366
963,0.04361370716510903
964,0.043568464730290454
965,0.043523316062176166
966,0.043478260869565216
967,0.04343329886246122
968,0.04338842975206612
969,0.043343653250773995
970,0.04329896907216495
971,0.04325437693099897
972,0.043209876543209874
973,0.04316546762589928
974,0.043121149897330596
975,0.043076923076923075
976,0.0430327868852459
977,0.042988741044012284
978,0.04294478527607362
979,0.04290091930541369
980,0.04285714285714286
981,0.04281345565749235
982,0.04276985743380855
983,0.042726347914547304
984,0.042682926829268296
985,0.04263959390862944
986,0.04259634888438134
987,0.0425531914893617
988,0.04251012145748988
989,0.042467138523761376
990,0.04242424242424243
991,0.04238143289606458
992,0.04233870967741935
993,0.04229607250755287
994,0.04225352112676056
995,0.04221105527638191
996,0.04216867469879518
997,0.04212637913741224
998,0.04208416833667335
999,0.042042042042042045
1000,0.042
1001,0.04195804195804196
1002,0.041916167664670656
1003,0.04187437686939183
1004,0.04183266932270916
1005,0.041791044776119404
1006,0.041749502982107355
1007,0.041708043694141016
1008,0.041666666666666664
1009,0.04162537165510406
1010,0.041584158415841586
1011,0.04154302670623145
1012,0.041501976284584984
1013,0.04146100691016782
1014,0.04142011834319527
1015,0.041379310344827586
1016,0.04133858267716536
1017,0.04129793510324484
1018,0.0412573673870334
1019,0.04121687929342493
1020,0.041176470588235294
1021,0.04113614103819784
1022,0.0410958904109589
1023,0.04105571847507331
1024,0.041015625
1025,0.04097560975609756
1026,0.04093567251461988
1027,0.04089581304771178
1028,0.04085603112840467
1029,0.04081632653061224
1030,0.040776699029126215
1031,0.040737148399612025
1032,0.040697674418604654
1033,0.04065827686350436
1034,0.04061895551257253
1035,0.04057971014492753
1036,0.04054054054054054
1037,0.040501446480231434
1038,0.04046242774566474
1039,0.04042348411934552
1040,0.04038461538461539
1041,0.040345821325648415
1042,0.04030710172744722
1043,0.040268456375838924
1044,0.040229885057471264
1045,0.04019138755980861
1046,0.040152963671128104
1047,0.04011461318051576
1048,0.04007633587786259
1049,0.04003813155386082
1050,0.04
1051,0.039961941008563276
1052,0.039923954372623575
1053,0.039886039886039885
1054,0.03984819734345351
1055,0.03981042654028436
1056,0.03977272727272727
1057,0.039735099337748346
1058,0.03969754253308128
1059,0.039660056657223795
1060,0.03962264150943396
1061,0.03958529688972667
1062,0.03954802259887006
1063,0.03951081843838194
1064,0.039473684210526314
1065,0.03943661971830986
1066,0.039399624765478425
1067,0.03936269915651359
1068,0.03932584269662921
1069,0.03928905519176801
1070,0.03925233644859813
1071,0.0392156862745098
1072,0.03917910447761194
1073,0.0391425908667288
1074,0.03910614525139665
1075,0.03906976744186046
1076,0.03903345724907063
1077,0.03899721448467967
1078,0.03896103896103896
1079,0.03892493049119555
1080,0.03888888888888889
1081,0.03885291396854764
1082,0.038817005545286505
1083,0.038781163434903045
1084,0.03874538745387454
1085,0.03870967741935484
1086,0.03867403314917127
1087,0.03863845446182153
1088,0.03860294117647059
1089,0.03856749311294766
1090,0.03853211009174312
1091,0.0384967919340055
1092,0.038461538461538464
1093,0.0384263494967978
1094,0.038391224862888484
1095,0.038356164383561646
1096,0.03832116788321168
1097,0.03828623518687329
1098,0.03825136612021858
1099,0.03821656050955414
1100,0.038181818181818185
1101,0.03814713896457766
1102,0.038112522686025406
1103,0.038077969174977334
1104,0.03804347826086957
1105,0.03800904977375565
1106,0.0379746835443038
1107,0.037940379403794036
1108,0.03790613718411552
1109,0.03787195671776375
1110,0.03783783783783784
1111,0.037803780378037805
1112,0.03776978417266187
1113,0.03773584905660377
1114,0.03770197486535009
1115,0.03766816143497758
1116,0.03763440860215054
1117,0.03760071620411817
1118,0.03756708407871199
1119,0.03753351206434316
1120,0.0375
1121,0.03746654772524532
1122,0.0374331550802139
1123,0.037399821905609976
1124,0.037366548042704624
1125,0.037333333333333336
1126,0.037300177619893425
1127,0.037267080745341616
1128,0.03723404255319149
1129,0.03720106288751107
1130,0.03716814159292035
1131,0.03713527851458886
1132,0.037102473498233215
1133,0.037069726390114736
1134,0.037037037037037035
1135,0.03700440528634361
1136,0.03697183098591549
1137,0.036939313984168866
1138,0.03690685413005272
1139,0.03687445127304653
1140,0.03684210526315789
1141,0.03680981595092025
1142,0.03677758318739054
1143,0.03674540682414698
1144,0.03671328671328671
1145,0.03668122270742358
1146,0.03664921465968586
1147,0.036617262423714034
1148,0.036585365853658534
1149,0.03655352480417755
1150,0.036521739130434785
1151,0.036490008688097306
1152,0.03732638888888889
1153,0.0372940156114484
1154,0.03726169844020797
1155,0.03722943722943723
1156,0.037197231833910036
1157,0.037165082108902334
1158,0.037132987910189985
1159,0.03710094909404659
1160,0.03706896551724138
1161,0.037037037037037035
1162,0.03700516351118761
1163,0.03697334479793637
1164,0.036941580756013746
1165,0.03690987124463519
1166,0.03687821612349914
1167,0.03684661525278492
1168,0.036815068493150686
1169,0.036783575705731396
1170,0.03675213675213675
1171,0.036720751494449186
1172,0.03668941979522184
1173,0.03665814151747655
1174,0.036626916524701875
1175,0.03659574468085106
1176,0.036564625850340135
1177,0.03653355989804588
1178,0.0365025466893039
1179,0.0364715860899067
1180,0.036440677966101696
1181,0.03640982218458933
1182,0.03637901861252115
1183,0.03634826711749789
1184,0.036317567567567564
1185,0.036286919831223625
1186,0.03625632377740304
1187,0.03622577927548441
1188,0.0361952861952862
1189,0.03616484440706476
1190,0.03613445378151261
1191,0.03610411418975651
1192,0.03607382550335571
1193,0.03604358759430008
1194,0.036013400335008376
1195,0.03598326359832636
1196,0.03595317725752508
1197,0.03592314118629908
1198,0.03589315525876461
1199,0.03586321934945788
1200,0.035833333333333335
1201,0.035803497085761866
1202,0.03577371048252912
1203,0.03574397339983375
1204,0.03571428571428571
1205,0.03568464730290456
1206,0.03565505804311774
1207,0.035625517812758904
1208,0.03559602649006623
1209,0.03556658395368073
1210,0.03553719008264463
1211,0.03550784475639967
1212,0.03547854785478548
1213,0.03544929925803792
1214,0.03542009884678748
1215,0.03539094650205761
1216,0.03536184210526316
1217,0.03533278553820871
1218,0.035303776683087026
1219,0.03527481542247744
1220,0.03524590163934426
1221,0.03521703521703522
1222,0.03518821603927987
1223,0.03515944399018806
1224,0.035130718954248366
1225,0.03510204081632653
1226,0.03507340946166395
1227,0.03504482477587612
1228,0.03501628664495114
1229,0.03498779495524817
1230,0.034959349593495934
1231,0.034930950446791224
1232,0.0349025974025974
1233,0.034874290348742905
1234,0.03484602917341977
1235,0.034817813765182185
1236,0.03478964401294499
1237,0.034761519805982216
1238,0.034733441033925685
1239,0.03470540758676352
1240,0.03467741935483871
1241,0.0346494762288477
1242,0.03462157809983897
1243,0.03459372485921158
1244,0.03456591639871383
1245,0.03453815261044177
1246,0.03451043338683788
1247,0.034482758620689655
1248,0.03445512820512821
1249,0.0344275420336269
1250,0.0344
1251,0.03437250199840128
1252,0.034345047923322686
1253,0.034317637669592976
1254,0.0342902711323764
1255,0.034262948207171316
1256,0.03423566878980892
1257,0.03420843277645187
1258,0.03418124006359301
1259,0.03415409054805401
1260,0.034126984126984124
1261,0.03409992069785884
1262,0.03407290015847861
1263,0.034045922406967535
1264,0.03401898734177215
1265,0.03399209486166008
1266,0.0339652448657188
1267,0.03393843725335438
1268,0.03391167192429022
1269,0.0338849487785658
1270,0.03385826771653543
1271,0.03383162863886703
1272,0.03380503144654088
1273,0.03377847604084839
1274,0.033751962323390894
1275,0.03372549019607843
1276,0.03369905956112853
1277,0.033672670321064996
1278,0.033646322378716745
1279,0.033620015637216574
1280,0.03359375
1281,0.03356752537080406
1282,0.033541341653666144
1283,0.03351519875292284
1284,0.03348909657320872
1285,0.03346303501945525
1286,0.03343701399688958
1287,0.03341103341103341
1288,0.033385093167701864
1289,0.03335919317300233
1290,0.03333333333333333
1291,0.033307513555383424
1292,0.033281733746130034
1293,0.033255993812838364
1294,0.03323029366306028
1295,0.033204633204633204
1296,0.033179012345679014
1297,0.03315343099460293
1298,0.03312788906009245
1299,0.033102386451116246
1300,0.03307692307692308
1301,0.033051498847040735
1302,0.03302611367127496
1303,0.03300076745970836
1304,0.032975460122699383
1305,0.03295019157088123
1306,0.032924961715160794
1307,0.03289977046671767
1308,0.03287461773700306
1309,0.03284950343773873
1310,0.03282442748091603
1311,0.03279938977879481
1312,0.03277439024390244
1313,0.03274942878903275
1314,0.03272450532724505
1315,0.03269961977186312
1316,0.03267477203647416
1317,0.032649962034927864
1318,0.032625189681335355
1319,0.032600454890068235
1320,0.03257575757575758
1321,0.03255109765329296
1322,0.03252647503782148
1323,0.03250188964474679
1324,0.0324773413897281
1325,0.03245283018867925
1326,0.032428355957767725
1327,0.03240391861341371
1328,0.03237951807228916
1329,0.03235515425131678
1330,0.032330827067669175
1331,0.032306536438767845
1332,0.03228228228228228
1333,0.03225806451612903
1334,0.03223388305847077
1335,0.03220973782771536
1336,0.03218562874251497
1337,0.03216155572176515
1338,0.032137518684603884
1339,0.03286034353995519
1340,0.03283582089552239
1341,0.03281133482475764
1342,0.03278688524590164
1343,0.03276247207743857
1344,0.03273809523809524
1345,0.03271375464684015
1346,0.03268945022288262
1347,0.032665181885671864
1348,0.032640949554896145
1349,0.03261675315048184
1350,0.03259259259259259
1351,0.03256846780162842
1352,0.03254437869822485
1353,0.03325942350332594
1354,0.03323485967503693
1355,0.033210332103321034
1356,0.033185840707964605
1357,0.03316138540899042
1358,0.03313696612665685
1359,0.033112582781456956
1360,0.03308823529411765
1361,0.03306392358559882
1362,0.03303964757709251
1363,0.03301540719002201
1364,0.032991202346041054
1365,0.03296703296703297
1366,0.03294289897510981
1367,0.03291880029261156
1368,0.03289473684210526
1369,0.03287070854638422
1370,0.032846715328467155
1371,0.03282275711159737
1372,0.03279883381924198
1373,0.03277494537509104
1374,0.03275109170305677
1375,0.03272727272727273
1376,0.032703488372093026
1377,0.032679738562091505
1378,0.03265602322206096
1379,0.032632342277012324
1380,0.03260869565217391
1381,0.03258508327299059
1382,0.03256150506512301
1383,0.03253796095444685
1384,0.03251445086705202
1385,0.032490974729241874
1386,0.032467532467532464
1387,0.032444124008651765
1388,0.032420749279538905
1389,0.03311735061195104
1390,0.033093525179856115
1391,0.03306973400431344
1392,0.033045977011494254
1393,0.033022254127781765
1394,0.03299856527977044
1395,0.032974910394265235
1396,0.0329512893982808
1397,0.0329277022190408
1398,0.032904148783977114
1399,0.032880629020729094
1400,0.032857142857142856
1401,0.03283369022127052
1402,0.03281027104136947
1403,0.03278688524590164
1404,0.03276353276353276
1405,0.032740213523131674
1406,0.032716927453769556
1407,0.032693674484719264
1408,0.032670454545454544
1409,0.032647267565649396
1410,0.032624113475177303
1411,0.03260099220411056
1412,0.032577903682719546
1413,0.03255484784147204
1414,0.03253182461103253
1415,0.03250883392226148
1416,0.03248587570621469
1417,0.032462949894142556
1418,0.03244005641748942
1419,0.03241719520789288
1420,0.0323943661971831
1421,0.03237156931738212
1422,0.03234880450070324
1423,0.03232607167955025
1424,0.032303370786516857
1425,0.032280701754385965
1426,0.03225806451612903
1427,0.0322354590049054
1428,0.03221288515406162
1429,0.03219034289713086
1430,0.032167832167832165
1431,0.03214535290006988
1432,0.03212290502793296
1433,0.03210048848569435
1434,0.03207810320781032
1435,0.03205574912891986
1436,0.03203342618384401
1437,0.032011134307585246
1438,0.031988873435326845
1439,0.031966643502432245
1440,0.03194444444444444
1441,0.031922276197085354
1442,0.0319001386962552
1443,0.03187803187803188
1444,0.03185595567867036
1445,0.03183391003460208
1446,0.0318118948824343
1447,0.03178991015894955
1448,0.031767955801104975
1449,0.031746031746031744
1450,0.031724137931034485
1451,0.03170227429359063
1452,0.03168044077134986
1453,0.031658637302133516
1454,0.03163686382393398
1455,0.03161512027491409
1456,0.03159340659340659
1457,0.031571722717913524
1458,0.03155006858710562
1459,0.031528444139821796
1460,0.031506849315068496
1461,0.03216974674880219
1462,0.032147742818057455
1463,0.03212576896787423
1464,0.03210382513661202
1465,0.032081911262798635
1466,0.032060027285129605
1467,0.032038173142467624
1468,0.03201634877384196
1469,0.031994554118447927
1470,0.03197278911564626
1471,0.03195105370496261
1472,0.03192934782608696
1473,0.031907671418873046
1474,0.03188602442333786
1475,0.031864406779661014
1476,0.03184281842818428
1477,0.03182125930941097
1478,0.031799729364005415
1479,0.03177822853279243
1480,0.03175675675675676
1481,0.03173531397704254
1482,0.03171390013495277
1483,0.03169251517194875
1484,0.03167115902964959
1485,0.03164983164983165
1486,0.031628532974428
1487,0.03160726294552791
1488,0.031586021505376344
1489,0.0315648085963734
1490,0.03154362416107383
1491,0.031522468142186455
1492,0.03150134048257373
1493,0.03148024112525117
1494,0.03145917001338688
1495,0.031438127090301006
1496,0.03141711229946524
1497,0.03139612558450234
1498,0.03137516688918558
1499,0.03135423615743829
1500,0.03133333333333333
1501,0.0313124583610926
1502,0.031291611185086554
1503,0.03127079174983367
1504,0.03125
1505,0.03122923588039867
1506,0.031208499335989376
1507,0.031187790311877902
1508,0.03116710875331565
1509,0.031146454605699137
1510,0.031125827814569535
1511,0.031105228325612178
1512,0.031084656084656083
1513,0.031064111037673495
1514,0.031043593130779392
1515,0.031023102310231022
1516,0.03100263852242744
1517,0.03098220171390903
1518,0.030961791831357048
1519,0.030941408821593155
1520,0.030921052631578946
1521,0.030900723208415515
1522,0.03088042049934297
1523,0.030860144451739988
1524,0.031496062992125984
1525,0.031475409836065574
1526,0.03145478374836173
1527,0.03143418467583497
1528,0.031413612565445025
1529,0.031393067364290386
1530,0.03137254901960784
1531,0.031352057478772045
1532,0.031331592689295036
1533,0.03131115459882583
1534,0.03129074315514994
1535,0.031270358306188926
1536,0.03125
1537,0.031229668184775537
1538,0.031209362808842653
1539,0.031189083820662766
1540,0.03116883116883117
1541,0.031148604802076575
1542,0.0311284046692607
1543,0.031108230719377836
1544,0.031088082901554404
1545,0.031067961165048542
1546,0.031047865459249677
1547,0.031027795733678087
1548,0.031007751937984496
1549,0.030987734021949646
1550,0.03096774193548387
1551,0.030947775628626693
1552,0.030927835051546393
1553,0.030907920154539602
1554,0.03088803088803089
1555,0.030868167202572346
1556,0.030848329048843187
1557,0.030828516377649325
1558,0.03080872913992298
1559,0.030788967286722257
1560,0.03076923076923077
1561,0.03074951953875721
1562,0.030729833546734954
1563,0.030710172744721688
1564,0.030690537084398978
1565,0.030670926517571886
1566,0.03065134099616858
1567,0.03063178047223995
1568,0.030612244897959183
1569,0.030592734225621414
1570,0.030573248407643312
1571,0.030553787396562698
1572,0.030534351145038167
1573,0.030514939605848695
1574,0.030495552731893267
1575,0.030476190476190476
1576,0.030456852791878174
1577,0.030437539632213063
1578,0.030418250950570342
1579,0.030398986700443317
1580,0.030379746835443037
1581,0.030360531309297913
1582,0.03034134007585335
1583,0.030322173089071383
1584,0.030303030303030304
1585,0.03028391167192429
1586,0.03026481715006305
1587,0.030245746691871456
1588,0.030226700251889168
1589,0.030207677784770296
1590,0.03018867924528302
1591,0.03016970458830924
1592,0.03015075376884422
1593,0.030131826741996232
1594,0.030112923462986198
1595,0.030094043887147336
1596,0.03007518796992481
1597,0.030682529743268627
1598,0.030663329161451813
1599,0.030644152595372107
1600,0.030625
1601,0.030605871330418487
1602,0.03058676654182272
1603,0.03056768558951965
1604,0.03054862842892768
1605,0.030529595015576325
1606,0.030510585305105854
1607,0.030491599253266957
1608,0.030472636815920398
1609,0.030453697949036667
1610,0.030434782608695653
1611,0.03041589075108628
1612,0.030397022332506202
1613,0.03037817730936144
1614,0.030359355638166045
1615,0.030340557275541795
1616,0.03032178217821782
1617,0.030921459492888066
1618,0.030902348578491966
1619,0.030883261272390366
1620,0.030864197530864196
1621,0.030845157310302282
1622,0.030826140567200986
1623,0.030807147258163893
1624,0.03078817733990148
1625,0.03076923076923077
1626,0.03075030750307503
1627,0.03073140749846343
1628,0.030712530712530713
1629,0.030693677102516883
1630,0.03067484662576687
1631,0.030656039239730228
1632,0.030637254901960783
1633,0.03061849357011635
1634,0.030599755201958383
1635,0.03058103975535168
1636,0.030562347188264057
1637,0.030543677458766034
1638,0.030525030525030524
1639,0.03050640634533252
1640,0.03048780487804878
1641,0.030469226081657527
1642,0.030450669914738125
1643,0.030432136335970784
1644,0.030413625304136254
1645,0.030395136778115502
1646,0.030376670716889428
1647,0.030358227079538554
1648,0.03033980582524272
1649,0.030321406913280776
1650,0.030303030303030304
1651,0.03028467595396729
1652,0.03026634382566586
1653,0.030248033877797943
1654,0.030229746070133012
1655,0.030211480362537766
1656,0.030193236714975844
1657,0.030175015087507542
1658,0.030156815440289506
1659,0.030138637733574444
1660,0.030120481927710843
1661,0.030102347983142687
1662,0.030084235860409144
1663,0.03006614552014432
1664,0.030048076923076924
1665,0.03003003003003003
1666,0.030012004801920768
1667,0.029994001199760048
1668,0.02997601918465228
1669,0.029958058717795086
1670,0.029940119760479042
1671,0.03052064631956912
1672,0.030502392344497607
1673,0.030484160191273164
1674,0.03046594982078853
1675,0.03044776119402985
1676,0.030429594272076373
1677,0.03041144901610018
1678,0.030393325387365912
1679,0.030375223347230494
1680,0.030357142857142857
1681,0.030339083878643664
1682,0.03032104637336504
1683,0.030303030303030304
1684,0.030285035629453682
1685,0.030267062314540058
1686,0.030249110320284697
1687,0.03082394783639597
1688,0.03139810426540284
1689,0.03137951450562463
1690,0.031360946745562134
1691,0.03134240094618569
1692,0.031323877068557916
1693,0.03130537507383343
1694,0.03128689492325856
1695,0.03126843657817109
1696,0.03125
1697,0.03182086034177961
1698,0.03180212014134275
1699,0.031783402001177165
1700,0.03176470588235294
1701,0.031746031746031744
1702,0.03172737955346651
1703,0.031708749266001174
1704,0.03169014084507042
1705,0.03167155425219941
1706,0.031652989449003514
1707,0.03163444639718805
1708,0.03161592505854801
1709,0.03159742539496782
1710,0.031578947368421054
1711,0.031560490940970194
1712,0.03154205607476635
1713,0.03152364273204904
1714,0.03150525087514586
1715,0.0314868804664723
1716,0.03146853146853147
1717,0.0314502038439138
1718,0.03143189755529686
1719,0.031413612565445025
1720,0.031395348837209305
1721,0.03137710633352702
1722,0.0313588850174216
1723,0.03134068485200232
1724,0.031322505800464036
1725,0.03130434782608696
1726,0.031286210892236384
1727,0.03184713375796178
1728,0.031828703703703706
1729,0.031810294968189705
1730,0.031791907514450865
1731,0.0317735413056037
1732,0.03175519630484989
1733,0.031736872475476054
1734,0.031718569780853516
1735,0.03170028818443804
1736,0.03225806451612903
1737,0.03223949337938975
1738,0.03222094361334868
1739,0.03220241518113859
1740,0.03218390804597701
1741,0.032165422171166
1742,0.03214695752009185
1743,0.0321285140562249
1744,0.03211009174311927
1745,0.032091690544412604
1746,0.032073310423825885
1747,0.03205495134516314
1748,0.032036613272311214
1749,0.03201829616923957
1750,0.032
1751,0.03198172472872644
1752,0.0319634703196347
1753,0.03194523673702225
1754,0.03192702394526796
1755,0.03190883190883191
1756,0.03246013667425968
1757,0.032441661923733635
1758,0.032423208191126277
1759,0.03240477544059125
1760,0.03238636363636364
1761,0.03236797274275979
1762,0.03234960272417707
1763,0.03233125354509359
1764,0.03231292517006803
1765,0.03229461756373938
1766,0.03227633069082673
1767,0.032823995472552346
1768,0.032805429864253395
1769,0.03278688524590164
1770,0.0327683615819209
1771,0.03274985883681536
1772,0.0327313769751693
1773,0.032712915961646924
1774,0.03269447576099211
1775,0.03267605633802817
1776,0.03265765765765766
1777,0.032639279684862126
1778,0.03262092238470191
1779,0.032602585722315905
1780,0.03258426966292135
1781,0.03256597417181359
1782,0.03254769921436588
1783,0.03252944475602917
1784,0.032511210762331835
1785,0.032492997198879554
1786,0.032474804031354984
1787,0.03301622831561276
1788,0.032997762863534674
1789,0.03297931805477921
1790,0.0329608938547486
1791,0.03350083752093802
1792,0.033482142857142856
1793,0.03346346904629113
1794,0.033444816053511704
1795,0.033426183844011144
1796,0.0334075723830735
1797,0.03394546466332777
1798,0.0339265850945495
1799,0.0339077265147304
1800,0.03388888888888889
1801,0.03387007218212104
1802,0.033851276359600446
1803,0.03383250138657792
1804,0.033813747228381374
1805,0.033795013850415515
1806,0.03433001107419712
1807,0.03431101272827892
1808,0.034292035398230086
1809,0.03427307904919845
1810,0.03425414364640884
1811,0.034235229155162895
1812,0.03421633554083885
1813,0.03419746276889134
1814,0.034178610804851156
1815,0.03415977961432507
1816,0.034140969162995596
1817,0.0341221794166208
1818,0.034103410341034104
1819,0.034084661902144035
1820,0.03406593406593406
1821,0.034047226798462386
1822,0.03402854006586169
1823,0.034009873834339004
1824,0.03399122807017544
1825,0.03397260273972603
1826,0.033953997809419496
1827,0.03393541324575807
1828,0.03391684901531729
1829,0.03389830508474576
1830,0.033879781420765025
1831,0.03386127799016931
1832,0.03384279475982533
1833,0.03382433169667212
1834,0.03380588876772083
1835,0.03433242506811989
1836,0.03431372549019608
1837,0.03429504627109418
1838,0.03427638737758433
1839,0.03425774877650897
1840,0.034239130434782605
1841,0.034220532319391636
1842,0.03420195439739414
1843,0.0341833966359197
1844,0.034164859002169194
1845,0.03414634146341464
1846,0.03412784398699892
1847,0.03410936654033568
1848,0.03409090909090909
1849,0.03407247160627366
1850,0.03405405405405405
1851,0.03403565640194489
1852,0.03401727861771058
1853,0.033998920669185105
1854,0.03398058252427184
1855,0.033962264150943396
1856,0.03394396551724138
1857,0.033925686591276254
1858,0.03390742734122713
1859,0.03388918773534158
1860,0.03387096774193549
1861,0.0338527673293928
1862,0.03383458646616541
1863,0.033816425120772944
1864,0.03379828326180258
1865,0.033780160857908845
1866,0.03376205787781351
1867,0.033743974290305304
1868,0.03372591006423983
1869,0.033707865168539325
1870,0.033689839572192515
1871,0.03367183324425441
1872,0.03365384615384615
1873,0.03363587827015483
1874,0.0336179295624333
1875,0.0336
1876,0.03411513859275053
1877,0.034096963239211506
1878,0.03407880724174654
1879,0.034060670569451834
1880,0.03404255319148936
1881,0.03402445507708666
1882,0.03400637619553666
1883,0.033988316516197555
1884,0.03397027600849257
1885,0.03395225464190981
1886,0.033934252386002124
1887,0.03391626921038686
1888,0.03389830508474576
1889,0.03388035997882478
1890,0.033862433862433865
1891,0.033844526705446853
1892,0.034355179704016914
1893,0.03433703116745906
1894,0.034318901795142555
1895,0.034828496042216356
1896,0.03481012658227848
1897,0.03479177648919346
1898,0.03477344573234984
1899,0.03475513428120063
1900,0.034736842105263156
1901,0.034718569174118884
1902,0.035226077812828605
1903,0.03520756699947451
1904,0.0351890756302521
1905,0.03517060367454068
1906,0.03515215110178384
1907,0.03513371788148925
1908,0.03511530398322851
1909,0.03509690937663698
1910,0.03507853403141361
1911,0.03506017791732077
1912,0.0350418410041841
1913,0.035023523261892314
1914,0.03500522466039707
1915,0.03498694516971279
1916,0.03496868475991649
1917,0.03495044340114763
1918,0.034932221063607924
1919,0.03491401771756123
1920,0.034895833333333334
1921,0.034877667881311816
1922,0.03485952133194589
1923,0.034841393655746226
1924,0.034823284823284825
1925,0.034805194805194804
1926,0.0347871235721703
1927,0.03476907109496627
1928,0.03475103734439834
1929,0.03473302229134267
1930,0.03471502590673575
1931,0.03469704816157431
1932,0.03467908902691511
1933,0.0346611484738748
1934,0.03464322647362978
1935,0.03462532299741602
1936,0.03460743801652893
1937,0.035105833763551884
1938,0.03508771929824561
1939,0.035069623517276945
1940,0.03505154639175258
1941,0.03503348789283874
1942,0.035015447991761074
1943,0.034997426659804425
1944,0.03497942386831276
1945,0.03496143958868895
1946,0.03494347379239465
1947,0.03492552645095018
1948,0.03490759753593429
1949,0.034889687018984095
1950,0.03487179487179487
1951,0.03485392106611994
1952,0.03483606557377049
1953,0.03481822836661547
1954,0.035312180143295804
1955,0.03529411764705882
1956,0.0352760736196319
1957,0.03525804803270312
1958,0.035240040858018386
1959,0.03522205206738132
1960,0.03571428571428571
1961,0.035696073431922486
1962,0.03567787971457696
1963,0.03565970453387672
1964,0.035641547861507125
1965,0.035623409669211195
1966,0.03560528992878942
1967,0.03558718861209965
1968,0.03556910569105691
1969,0.03555104113763331
1970,0.03553299492385787
1971,0.035514967021816335
1972,0.035496957403651115
1973,0.035478966041561075
1974,0.03546099290780142
1975,0.035443037974683546
1976,0.0354251012145749
1977,0.035407182599898834
1978,0.03538928210313448
1979,0.035371399696816574
1980,0.03535353535353535
1981,0.0353356890459364
1982,0.035317860746720484
1983,0.03530005042864347
1984,0.03528225806451613
1985,0.03526448362720403
1986,0.035246727089627394
1987,0.035228988424760944
1988,0.035211267605633804
1989,0.03519356460532931
1990,0.035175879396984924
1991,0.03515821195379206
1992,0.0356425702811245
1993,0.03562468640240843
1994,0.03560682046138415
1995,0.03558897243107769
1996,0.03557114228456914
1997,0.035553329994992486
1998,0.03553553553553553
1999,0.03551775887943972
2000,0.0355
2001,0.03548225887056472
2002,0.035464535464535464
2003,0.03544682975536695
2004,0.035429141716566866
2005,0.03541147132169576
2006,0.0353938185443669
2007,0.03537618335824614
2008,0.035856573705179286
2009,0.035838725734196115
2010,0.03582089552238806
2011,0.03580308304326206
2012,0.03578528827037773
2013,0.03576751117734724
2014,0.03574975173783516
2015,0.03573200992555831
2016,0.03571428571428571
2017,0.035696579077838374
2018,0.035678889990089196
2019,0.03566121842496285
2020,0.03564356435643564
2021,0.035625927758535375
2022,0.03560830860534125
2023,0.03559070687098369
2024,0.03557312252964427
2025,0.035555555555555556
2026,0.035538005923000986
2027,0.03552047360631475
2028,0.03550295857988166
2029,0.03548546081813701
2030,0.035467980295566505
2031,0.035942885278188084
2032,0.03641732283464567
2033,0.03639940973930152
2034,0.03638151425762045
2035,0.03636363636363636
2036,0.036345776031434185
2037,0.03632793323514973
2038,0.03631010794896958
2039,0.036292300147130946
2040,0.03627450980392157
2041,0.036256736893679566
2042,0.03623898139079334
2043,0.03622124326970142
2044,0.036203522504892366
2045,0.036185819070904644
2046,0.03616813294232649
2047,0.0361504640937958
2048,0.0361328125
2049,0.03611517813567594
2050,0.03609756097560975
2051,0.03607996099463676
2052,0.03654970760233918
2053,0.037018996590355575
2054,0.03700097370983447
2055,0.036982968369829686
2056,0.03745136186770428
2057,0.0374331550802139
2058,0.03741496598639456
2059,0.03739679456046625
2060,0.03737864077669903
2061,0.037360504609412905
2062,0.03734238603297769
2063,0.03780901599612215
2064,0.0377906976744186
2065,0.03777239709443099
2066,0.03823814133591481
2067,0.0382196419932269
2068,0.03820116054158607
2069,0.03818269695505075
2070,0.03816425120772947
2071,0.038145823273780785
2072,0.03812741312741313
2073,0.038109020742884706
2074,0.038090646094503376
2075,0.038072289156626506
2076,0.038535645472061654
2077,0.038517091959557055
2078,0.03849855630413859
2079,0.03848003848003848
2080,0.038461538461538464
2081,0.03844305622296973
2082,0.03842459173871278
2083,0.03840614498319731
2084,0.03838771593090211
2085,0.03836930455635491
2086,0.038350910834132314
2087,0.03833253473885961
2088,0.038314176245210725
2089,0.03829583532790809
2090,0.03827751196172249
2091,0.03873744619799139
2092,0.038718929254302106
2093,0.03870043000477783
2094,0.03868194842406877
2095,0.03866348448687351
2096,0.03864503816793893
2097,0.03862660944206009
2098,0.038608198284080075
2099,0.03858980466888995
2100,0.03857142857142857
2101,0.038553069966682535
2102,0.03853472882968601
2103,0.03851640513552068
2104,0.03849809885931559
2105,0.03895486935866983
2106,0.0389363722697056
2107,0.03891789273849074
2108,0.03889943074003795
2109,0.0388809862494073
2110,0.03886255924170616
2111,0.038844149692089054
2112,0.038825757575757576
2113,0.03880738286796025
2114,0.03878902554399243
2115,0.03877068557919622
2116,0.038752362948960305
2117,0.038734057628719884
2118,0.03871576959395656
2119,0.038697498820198205
2120,0.038679245283018866
2121,0.03866100895803866
2122,0.03864278982092366
2123,0.038624587847385775
2124,0.038606403013182675
2125,0.038588235294117645
2126,0.03857008466603951
2127,0.038551951104842504
2128,0.03853383458646616
2129,0.03851573508689526
2130,0.038497652582159626
2131,0.03847958704833412
2132,0.038461538461538464
2133,0.03844350679793718
2134,0.03889409559512652
2135,0.03887587822014051
2136,0.03885767790262172
2137,0.03883949461862424
2138,0.03882132834424696
2139,0.03880317905563347
2140,0.03878504672897196
2141,0.038766931340495095
2142,0.038748832866479926
2143,0.03873075128324778
2144,0.03917910447761194
2145,0.039160839160839164
2146,0.0391425908667288
2147,0.03912435957149511
2148,0.03910614525139665
2149,0.03908794788273615
2150,0.03906976744186046
2151,0.03905160390516039
2152,0.03903345724907063
2153,0.039479795633999074
2154,0.03946146703806871
2155,0.03944315545243619
2156,0.03942486085343228
2157,0.039870190078813164
2158,0.04031510658016682
2159,0.04029643353404354
2160,0.04027777777777778
2161,0.04072188801480796
2162,0.04070305272895467
2163,0.04068423485899214
2164,0.04066543438077634
2165,0.040646651270207855
2166,0.040627885503231764
2167,0.04060913705583756
2168,0.04059040590405904
2169,0.04057169202397418
2170,0.04055299539170507
2171,0.04053431598341778
2172,0.040976058931860036
2173,0.04095720202485044
2174,0.04093836246550138
2175,0.04091954022988506
2176,0.04090073529411765
2177,0.04088194763435921
2178,0.04086317722681359
2179,0.04084442404772832
2180,0.0408256880733945
2181,0.040806969280146724
2182,0.04078826764436297
2183,0.0407695831424645
2184,0.04075091575091575
2185,0.040732265446224256
2186,0.04071363220494053
2187,0.04069501600365798
2188,0.04113345521023766
2189,0.04111466423024212
2190,0.0410958904109589
2191,0.041077133728890915
2192,0.04105839416058394
2193,0.04103967168262654
2194,0.0414767547857794
2195,0.04145785876993166
2196,0.04189435336976321
2197,0.041875284478834776
2198,0.042311191992720654
2199,0.04229195088676671
2200,0.042272727272727274
2201,0.04225352112676056
2202,0.04223433242506812
2203,0.04221516114389469
2204,0.04219600725952813
2205,0.04217687074829932
2206,0.04215775158658205
2207,0.042138649750792935
2208,0.042119565217391304
2209,0.04210049796287913
2210,0.04208144796380091
2211,0.04206241519674356
2212,0.042043399638336344
2213,0.04202440126525079
2214,0.04200542005420054
2215,0.04198645598194131
2216,0.04196750902527076
2217,0.042399639152007215
2218,0.04238052299368801
2219,0.0423614240648941
2220,0.04234234234234234
2221,0.04277352543899145
2222,0.04275427542754275
2223,0.042735042735042736
2224,0.042715827338129495
2225,0.043146067415730335
2226,0.0431266846361186
2227,0.0431073192635833
2228,0.04308797127468582
2229,0.04306864064602961
2230,0.04304932735426009
2231,0.043030031376064544
2232,0.043010752688172046
2233,0.042991491267353334
2234,0.04297224709042077
2235,0.042953020134228186
2236,0.04293381037567084
2237,0.042914617791685296
2238,0.04289544235924933
2239,0.042876284055381866
2240,0.04285714285714286
2241,0.0428380187416332
2242,0.042818911685994644
2243,0.04279982166740972
2244,0.0427807486631016
2245,0.042761692650334075
2246,0.0427426536064114
2247,0.042723631508678236
2248,0.042704626334519574
2249,0.0426856380613606
2250,0.042666666666666665
2251,0.04264771212794314
2252,0.04262877442273535
2253,0.0426098535286285
2254,0.04259094942324756
2255,0.042572062084257206
2256,0.0425531914893617
2257,0.04253433761630483
2258,0.042515500442869794
2259,0.04249667994687915
2260,0.04247787610619469
2261,0.042459088898717384
2262,0.042440318302387266
2263,0.04242156429518339
2264,0.04240282685512368
2265,0.0423841059602649
2266,0.04236540158870256
2267,0.0423467137185708
2268,0.042328042328042326
2269,0.042309387395328336
2270,0.04229074889867841
2271,0.04227212681638045
2272,0.04225352112676056
2273,0.04223493180818302
2274,0.04221635883905013
2275,0.0421978021978022
2276,0.0421792618629174
2277,0.04216073781291173
2278,0.04214223002633889
2279,0.04212373848179026
2280,0.042105263157894736
2281,0.04208680403331872
2282,0.042068361086765996
2283,0.04204993429697766
2284,0.04203152364273205
2285,0.04201312910284464
2286,0.04199475065616798
2287,0.04197638828159161
2288,0.04195804195804196
2289,0.04193971166448231
2290,0.04192139737991266
2291,0.041903099083369706
2292,0.041884816753926704
2293,0.041866550370693416
2294,0.041848299912816043
2295,0.04183006535947712
2296,0.041811846689895474
2297,0.04179364388332608
2298,0.04177545691906005
2299,0.041757285776424534
2300,0.04173913043478261
2301,0.041720990873533245
2302,0.04170286707211121
2303,0.04168475900998697
2304,0.041666666666666664
2305,0.041648590021691974
2306,0.04163052905464007
2307,0.04161248374512354
2308,0.0415944540727903
2309,0.04157644001732352
2310,0.04155844155844156
2311,0.04154045867589788
2312,0.04152249134948097
2313,0.041504539559014265
2314,0.04148660328435609
2315,0.04146868250539957
2316,0.04145077720207254
2317,0.041432887354337505
2318,0.04141501294219154
2319,0.04139715394566624
2320,0.041379310344827586
2321,0.04136148211977596
2322,0.041343669250646
2323,0.041325871717606544
2324,0.04130808950086059
2325,0.04129032258064516
2326,0.0412725709372313
2327,0.041254834550923936
2328,0.041237113402061855
2329,0.041219407471017606
2330,0.041201716738197426
2331,0.04118404118404118
2332,0.0411663807890223
2333,0.041148735533647667
2334,0.04113110539845758
2335,0.041113490364025694
2336,0.0410958904109589
2337,0.0410783055198973
2338,0.041060735671514116
2339,0.041043180846515606
2340,0.041025641025641026
2341,0.04100811618966254
2342,0.04099060631938514
2343,0.040973111395646605
2344,0.040955631399317405
2345,0.04093816631130064
2346,0.04092071611253197
2347,0.04090328078397955
2348,0.04088586030664395
2349,0.04086845466155811
2350,0.04085106382978723
2351,0.040833687792428755
2352,0.04081632653061224
2353,0.040798980025499365
2354,0.04078164825828377
2355,0.04076433121019108
2356,0.04074702886247878
2357,0.040729741196436145
2358,0.04071246819338423
2359,0.040695209834675714
2360,0.04067796610169491
2361,0.04066073697585769
2362,0.04064352243861134
2363,0.04062632247143462
2364,0.04060913705583756
2365,0.04059196617336152
2366,0.04057480980557904
2367,0.04055766793409379
2368,0.04054054054054054
2369,0.040523427606585054
2370,0.04050632911392405
2371,0.04048924504428511
2372,0.04047217537942664
2373,0.040455120101137804
2374,0.040438079191238416
2375,0.04042105263157895
2376,0.04040404040404041
2377,0.040387042490534285
2378,0.040370058873002525
2379,0.0403530895334174
2380,0.040336134453781515
2381,0.04031919361612768
2382,0.04030226700251889
2383,0.040285354595048256
2384,0.040268456375838924
2385,0.04025157232704402
2386,0.040234702430846606
2387,0.04021784666945957
2388,0.04020100502512563
2389,0.040184177480117204
2390,0.0401673640167364
2391,0.04015056461731493
2392,0.04013377926421405
2393,0.040117007939824485
2394,0.040100250626566414
2395,0.04008350730688935
2396,0.04006677796327212
2397,0.04005006257822278
2398,0.040033361134278564
2399,0.040016673614005835
2400,0.04
2401,0.03998334027488547
2402,0.03996669442131557
2403,0.039950062421972535
2404,0.03993344425956739
2405,0.03991683991683992
2406,0.0399002493765586
2407,0.039883672621520566
2408,0.03986710963455149
2409,0.039850560398505604
2410,0.03983402489626556
2411,0.03981750311074243
2412,0.03980099502487562
2413,0.03978450062163282
2414,0.03976801988400994
2415,0.03975155279503106
2416,0.039735099337748346
2417,0.03971865949524204
2418,0.03970223325062035
2419,0.03968582058701943
2420,0.03966942148760331
2421,0.03965303593556382
2422,0.03963666391412056
2423,0.0400330169211721
2424,0.040016501650165015
2425,0.04
2426,0.03998351195383347
2427,0.03996703749484961
2428,0.039950576606260293
2429,0.03993412927130506
2430,0.03991769547325103
2431,0.03990127519539284
2432,0.039884868421052634
2433,0.03986847513357994
2434,0.039852095316351685
2435,0.03983572895277208
2436,0.03981937602627258
2437,0.039803036520311856
2438,0.03978671041837572
2439,0.03977039770397704
2440,0.039754098360655736
2441,0.039737812371978695
2442,0.039721539721539724
2443,0.03970528039295947
2444,0.03968903436988543
2445,0.03967280163599182
2446,0.03965658217497956
2447,0.039640375970576215
2448,0.04003267973856209
2449,0.04001633319722336
2450,0.04
2451,0.03998368013055895
2452,0.0399673735725938
2453,0.03995108030982471
2454,0.03993480032599837
2455,0.039918533604887986
2456,0.039902280130293157
2457,0.039886039886039885
2458,0.0402766476810415
2459,0.04026026840178935
2460,0.04024390243902439
2461,0.04022754977651361
2462,0.04021121039805037
2463,0.040194884287454324
2464,0.04017857142857143
2465,0.04016227180527383
2466,0.040145985401459854
2467,0.040129712201053915
2468,0.040113452188006486
2469,0.040097205346294046
2470,0.04008097165991903
2471,0.040064751112909754
2472,0.04004854368932039
2473,0.04003234937323089
2474,0.04001616814874697
2475,0.04
2476,0.03998384491114701
2477,0.03996770286637061
2478,0.039951573849878935
2479,0.03993545784590561
2480,0.039919354838709675
2481,0.03990326481257558
2482,0.039887187751813054
2483,0.03987112364075715
2484,0.03985507246376811
2485,0.03983903420523139
2486,0.03982300884955752
2487,0.039806996381182146
2488,0.039790996784565914
2489,0.03977501004419445
2490,0.03975903614457831
2491,0.03974307507025291
2492,0.039727126805778494
2493,0.039711191335740074
2494,0.03969526864474739
2495,0.039679358717434866
2496,0.039663461538461536
2497,0.039647577092511016
2498,0.039631705364291434
2499,0.03961584633853541
2500,0.0396
2501,0.03958416633346661
2502,0.039568345323741004
2503,0.039552536955653216
2504,0.03953674121405751
2505,0.03952095808383234
2506,0.039505187549880284
2507,0.03948942959712804
2508,0.039473684210526314
2509,0.03945795137504982
2510,0.039442231075697214
2511,0.03942652329749104
2512,0.039410828025477705
2513,0.03939514524472742
2514,0.03937947494033413
2515,0.03936381709741551
2516,0.03934817170111288
2517,0.03933253873659118
2518,0.03931691818903892
2519,0.039301310043668124
2520,0.039285714285714285
2521,0.03927013090043634
2522,0.03925455987311657
2523,0.039239001189060645
2524,0.03922345483359747
2525,0.03920792079207921
2526,0.039192399049881234
2527,0.03917688959240206
2528,0.03916139240506329
2529,0.03914590747330961
2530,0.0391304347826087
2531,0.03911497431845121
2532,0.03909952606635071
2533,0.03908409001184367
2534,0.039068666140489344
2535,0.03905325443786982
2536,0.039037854889589906
2537,0.0390224674812771
2538,0.03900709219858156
2539,0.038991729027176056
2540,0.03897637795275591
2541,0.03896103896103896
2542,0.03894571203776554
2543,0.03893039716869839
2544,0.03891509433962264
2545,0.03929273084479371
2546,0.03927729772191673
2547,0.0392618767177071
2548,0.03924646781789639
2549,0.03923107100823853
2550,0.0392156862745098
2551,0.03920031360250882
2552,0.03918495297805643
2553,0.03916960438699569
2554,0.03915426781519186
2555,0.03913894324853229
2556,0.03912363067292645
2557,0.03910833007430583
2558,0.039093041438623924
2559,0.039077764751856196
2560,0.039453125
2561,0.039437719640765326
2562,0.03942232630757221
2563,0.03940694498634413
2564,0.03939157566302652
2565,0.039376218323586745
2566,0.03936087295401403
2567,0.03934553954031944
2568,0.03933021806853582
2569,0.039314908524717786
2570,0.03929961089494163
2571,0.039673278879813305
2572,0.03965785381026438
2573,0.03964244073066459
2574,0.039627039627039624
2575,0.04
2576,0.03998447204968944
2577,0.039968956150562666
2578,0.03995345228859581
2579,0.03993796044978674
2580,0.040310077519379844
2581,0.04068190623789229
2582,0.041053446940356314
2583,0.04103755323267518
2584,0.04102167182662539
2585,0.0413926499032882
2586,0.04137664346481052
2587,0.04136064940085041
2588,0.04134466769706337
2589,0.04132869833912708
2590,0.04131274131274131
2591,0.04129679660362794
2592,0.04128086419753087
2593,0.041264944080215964
2594,0.04124903623747109
2595,0.04123314065510597
2596,0.04121725731895223
2597,0.04120138621486331
2598,0.041185527328714396
2599,0.04116968064640246
2600,0.04115384615384615
2601,0.041138023836985775
2602,0.041122213681783246
2603,0.041106415674222054
2604,0.041474654377880185
2605,0.04145873320537428
2606,0.04144282425172678
2607,0.04142692750287687
2608,0.04141104294478527
2609,0.041395170563434266
2610,0.041379310344827586
2611,0.04136346227499042
2612,0.04134762633996937
2613,0.04133180252583238
2614,0.041315990818668706
2615,0.04168260038240918
2616,0.041666666666666664
2617,0.04165074512800917
2618,0.041634835752482814
2619,0.041618938526155023
2620,0.0416030534351145
2621,0.04158718046547119
2622,0.041571319603356215
2623,0.041555470834921844
2624,0.041539634146341466
2625,0.041523809523809525
2626,0.04150799695354151
2627,0.04149219642177389
2628,0.04147640791476408
2629,0.04146063141879042
2630,0.04144486692015209
2631,0.04142911440516914
2632,0.04141337386018237
2633,0.04139764527155336
2634,0.04138192862566439
2635,0.041366223908918406
2636,0.041350531107739
2637,0.04133485020857035
2638,0.041319181197877176
2639,0.04130352406214475
2640,0.04128787878787879
2641,0.04127224536160545
2642,0.04125662376987131
2643,0.041241013999243285
2644,0.041225416036308624
2645,0.04120982986767486
2646,0.041194255479969764
2647,0.0415564790328674
2648,0.04154078549848943
2649,0.041525103812759534
2650,0.04150943396226415
2651,0.041870992078460956
2652,0.0418552036199095
2653,0.04183942706370147
2654,0.04182366239638282
2655,0.04180790960451977
2656,0.04216867469879518
2657,0.042152803914188935
2658,0.042136945071482315
2659,0.0424971793907484
2660,0.0424812030075188
2661,0.0424652386320932
2662,0.04244928625093914
2663,0.0424333458505445
2664,0.04241741741741742
2665,0.042401500938086305
2666,0.04238559639909977
2667,0.04236970378702662
2668,0.04235382308845577
2669,0.04233795428999625
2670,0.042322097378277156
2671,0.042306252339947586
2672,0.04229041916167665
2673,0.04227459783015339
2674,0.04225878833208676
2675,0.04224299065420561
2676,0.042227204783258594
2677,0.04221143070601419
2678,0.042195668409260645
2679,0.0421799178798059
2680,0.04216417910447761
2681,0.04214845207012309
2682,0.04213273676360925
2683,0.04211703317182259
2684,0.042101341281669154
2685,0.042085661080074485
2686,0.042069992553983616
2687,0.042054335690360996
2688,0.04203869047619048
2689,0.04202305689847527
2690,0.04200743494423792
2691,0.041991824600520256
2692,0.041976225854383355
2693,0.04196063869290754
2694,0.04194506310319228
2695,0.04192949907235621
2696,0.04191394658753709
2697,0.041898405635891735
2698,0.041882876204596
2699,0.04186735828084476
2700,0.04185185185185185
2701,0.041836356904850054
2702,0.041820873427091045
2703,0.042175360710321866
2704,0.04215976331360947
2705,0.04214417744916821
2706,0.04212860310421286
2707,0.0421130402659771
2708,0.042097488921713444
2709,0.042081949058693245
2710,0.04206642066420664
2711,0.04205090372556252
2712,0.0420353982300885
2713,0.04201990416513085
2714,0.04200442151805453
2715,0.041988950276243095
2716,0.04197349042709867
2717,0.04195804195804196
2718,0.04231052244297277
2719,0.042294961382861346
2720,0.042279411764705885
2721,0.04226387357589122
2722,0.04224834680382072
2723,0.04223283143591627
2724,0.042584434654919234
2725,0.04256880733944954
2726,0.04292002934702861
2727,0.0429042904290429
2728,0.04288856304985337
2729,0.04287284719677537
2730,0.04285714285714286
2731,0.04284145001830831
2732,0.042825768667642754
2733,0.042810098792535674
2734,0.042794440380395024
2735,0.04277879341864717
2736,0.04276315789473684
2737,0.04274753379612715
2738,0.04273192111029949
2739,0.04271631982475356
2740,0.043065693430656936
2741,0.043049981758482306
2742,0.043034281546316555
2743,0.04301859278162596
2744,0.043002915451895045
2745,0.04298724954462659
2746,0.04297159504734159
2747,0.042955951947579174
2748,0.04294032023289665
2749,0.04292469989086941
2750,0.04290909090909091
2751,0.04289349327517267
2752,0.042877906976744186
2753,0.04286233200145296
2754,0.042846768336964415
2755,0.042831215970961886
2756,0.04281567489114659
2757,0.04280014508523758
2758,0.04278462654097172
2759,0.04276911924610366
2760,0.042753623188405795
2761,0.04273813835566823
2762,0.042722664735698766
2763,0.042707202316322836
2764,0.0426917510853835
2765,0.04267631103074141
2766,0.04266088214027477
2767,0.04300686664257319
2768,0.04299132947976879
2769,0.04297580353918382
2770,0.04296028880866426
2771,0.04294478527607362
2772,0.04292929292929293
2773,0.0429138117562207
2774,0.04289834174477289
2775,0.04288288288288288
2776,0.042867435158501443
2777,0.042851998559596684
2778,0.04319654427645788
2779,0.04318100035984167
2780,0.04316546762589928
2781,0.043149946062567425
2782,0.043134435657800146
2783,0.04311893639956881
2784,0.04310344827586207
2785,0.04308797127468582
2786,0.043072505384063174
2787,0.04305705059203445
2788,0.043041606886657105
2789,0.04302617425600574
2790,0.043010752688172046
2791,0.04299534217126478
2792,0.04297994269340974
2793,0.04296455424274973
2794,0.04294917680744453
2795,0.04293381037567084
2796,0.04291845493562232
2797,0.04290311047550947
2798,0.04288777698355969
2799,0.04287245444801715
2800,0.04285714285714286
2801,0.042841842199214566
2802,0.042826552462526764
2803,0.042811273635390654
2804,0.042796005706134094
2805,0.0427807486631016
2806,0.042765502494654314
2807,0.04275026718916993
2808,0.042735042735042736
2809,0.04271982912068352
2810,0.042704626334519574
2811,0.042689434364994665
2812,0.04267425320056899
2813,0.04265908282971916
2814,0.042643923240938165
2815,0.04262877442273535
2816,0.04261363636363636
2817,0.042598509052183174
2818,0.042583392476934
2819,0.04256828662646329
2820,0.0425531914893617
2821,0.042538107054236086
2822,0.042523033309709427
2823,0.04250797024442083
2824,0.042492917847025496
2825,0.04247787610619469
2826,0.04246284501061571
2827,0.04244782454899186
2828,0.042432814710042434
2829,0.042417815482502653
2830,0.04240282685512368
2831,0.042387848816672555
2832,0.0423728813559322
2833,0.04235792446170138
2834,0.04234297812279464
2835,0.042328042328042326
2836,0.04231311706629055
2837,0.04229820232640113
2838,0.042283298097251586
2839,0.042268404367735116
2840,0.04225352112676056
2841,0.042238648363252376
2842,0.0422237860661506
2843,0.042208934224410834
2844,0.04219409282700422
2845,0.0421792618629174
2846,0.0421644413211525
2847,0.04214963119072708
2848,0.042134831460674156
2849,0.04212004212004212
2850,0.042105263157894736
2851,0.04209049456331112
2852,0.04207573632538569
2853,0.04241149667017175
2854,0.042747021723896286
2855,0.04273204903677758
2856,0.042717086834733894
2857,0.042702135106755336
2858,0.042687193841847444
2859,0.04267226302903113
2860,0.04265734265734266
2861,0.04264243271583362
2862,0.04262753319357093
2863,0.04261264407963675
2864,0.04259776536312849
2865,0.04293193717277487
2866,0.042916957431960924
2867,0.042901988140913845
2868,0.04288702928870293
2869,0.043220634367375395
2870,0.04320557491289199
2871,0.04319052594914664
2872,0.04317548746518106
2873,0.04316045945005221
2874,0.04314544189283229
2875,0.043130434782608695
2876,0.043115438108484005
2877,0.04310045185957595
2878,0.043085476025017375
2879,0.04307051059395624
2880,0.043055555555555555
2881,0.04304061089899341
2882,0.04302567661346287
2883,0.043010752688172046
2884,0.04299583911234397
2885,0.04298093587521664
2886,0.042966042966042964
2887,0.042951160374090754
2888,0.04293628808864266
2889,0.04292142609899619
2890,0.042906574394463666
2891,0.04289173296437219
2892,0.042876901798063624
2893,0.04286208088489457
2894,0.04284727021423635
2895,0.04283246977547496
2896,0.04281767955801105
2897,0.042802899551259925
2898,0.04278812974465148
2899,0.04277337012763022
2900,0.04275862068965517
2901,0.04274388142019993
2902,0.042729152308752585
2903,0.04271443334481571
2904,0.04269972451790634
2905,0.04268502581755594
2906,0.042670337233310394
2907,0.042655658754729965
2908,0.04264099037138927
2909,0.04262633207287728
2910,0.04261168384879725
2911,0.042597045688766745
2912,0.042582417582417584
2913,0.042567799519395814
2914,0.0425531914893617
2915,0.04253859348198971
2916,0.04252400548696845
2917,0.04250942749400068
2918,0.04249485949280329
2919,0.042480301473107225
2920,0.04246575342465753
2921,0.042451215337213286
2922,0.04243668720054757
2923,0.04242216900444749
2924,0.04240766073871409
2925,0.0423931623931624
2926,0.04237867395762133
2927,0.04236419542193372
2928,0.04234972677595628
2929,0.04233526800955958
2930,0.042320819112627986
2931,0.042306380075059706
2932,0.04229195088676671
2933,0.04227753153767474
2934,0.04226312201772325
2935,0.04224872231686542
2936,0.04223433242506812
2937,0.042219952332311884
2938,0.04220558202859088
2939,0.0421912215039129
2940,0.04217687074829932
2941,0.04216252975178511
2942,0.04214819850441876
2943,0.042133876996262316
2944,0.042119565217391304
2945,0.042105263157894736
2946,0.042090970807875085
2947,0.04207668815744825
2948,0.04206241519674356
2949,0.0420481519159037
2950,0.04203389830508475
2951,0.042019654354456114
2952,0.04200542005420054
2953,0.041991195394514055
2954,0.04197698036560596
2955,0.04196277495769882
2956,0.04194857916102842
2957,0.04193439296584376
2958,0.04192021636240703
2959,0.04190604934099358
2960,0.041891891891891894
2961,0.04187774400540358
2962,0.04186360567184335
2963,0.041849476881538984
2964,0.04183535762483131
2965,0.04215851602023609
2966,0.04214430209035738
2967,0.04213009774182676
2968,0.04211590296495957
2969,0.04210171775008421
2970,0.04208754208754209
2971,0.04207337596768765
2972,0.04205921938088829
2973,0.042045072317524385
2974,0.04203093476798924
2975,0.04201680672268908
2976,0.04200268817204301
2977,0.041988579106483036
2978,0.04197447951645399
2979,0.04196038939241356
2980,0.04194630872483222
2981,0.041932237504193226
2982,0.04191817572099262
2983,0.04190412336573919
2984,0.041890080428954424
2985,0.04187604690117253
2986,0.04186202277294039
2987,0.041848008034817544
2988,0.04183400267737617
2989,0.04182000669120107
2990,0.04180602006688963
2991,0.041792042795051824
2992,0.04177807486631016
2993,0.0417641162712997
2994,0.041750167000668005
2995,0.041736227045075125
2996,0.04172229639519359
2997,0.04170837504170837
2998,0.04169446297531688
2999,0.04168056018672891
3000,0.041666666666666664
3001,0.04165278240586471
3002,0.04163890739506995
3003,0.041625041625041624
3004,0.04161118508655127
3005,0.04159733777038269
3006,0.041583499667332005
3007,0.041569670768207514
3008,0.041555851063829786
3009,0.04154204054503157
3010,0.04152823920265781
3011,0.04151444702756559
3012,0.04150066401062417
3013,0.0414868901427149
3014,0.041473125414731256
3015,0.04145936981757877
3016,0.04144562334217507
3017,0.04143188597944979
3018,0.0414181577203446
3019,0.04140443855581318
3020,0.041390728476821195
3021,0.04137702747434624
3022,0.0413633355393779
3023,0.04134965266291763
3024,0.04133597883597884
3025,0.04165289256198347
3026,0.041639127561136816
3027,0.04162537165510406
3028,0.0416116248348745
3029,0.04159788709144932
3030,0.041584158415841586
3031,0.04157043879907621
3032,0.04155672823218998
3033,0.04154302670623145
3034,0.04152933421226104
3035,0.041515650741350905
3036,0.041501976284584984
3037,0.04148831083305894
3038,0.041474654377880185
3039,0.04146100691016782
3040,0.04144736842105263
3041,0.04143373890167708
3042,0.04142011834319527
3043,0.04140650673677292
3044,0.04139290407358739
3045,0.041379310344827586
3046,0.04136572554169402
3047,0.041352149655398754
3048,0.04133858267716536
3049,0.04132502459822893
3050,0.04131147540983607
3051,0.04129793510324484
3052,0.04128440366972477
3053,0.04127088110055683
3054,0.0412573673870334
3055,0.041243862520458266
3056,0.0412303664921466
3057,0.04121687929342493
3058,0.041203400915631135
3059,0.041189931350114416
3060,0.041176470588235294
3061,0.041163018621365566
3062,0.041149575440888306
3063,0.04113614103819784
3064,0.041449086161879894
3065,0.04143556280587276
3066,0.04142204827136334
3067,0.04140854254972286
3068,0.04139504563233377
3069,0.04138155751058977
3070,0.041368078175895766
3071,0.04135460761966786
3072,0.041341145833333336
3073,0.04165310771233322
3074,0.04163955757970072
3075,0.0416260162601626
3076,0.04193758127438232
3077,0.04192395190120247
3078,0.04191033138401559
3079,0.04189671971419292
3080,0.04188311688311688
3081,0.04186952288218111
3082,0.0418559377027904
3083,0.04184236133636069
3084,0.04182879377431906
3085,0.041815235008103725
3086,0.04180168502916397
3087,0.04211208292840946
3088,0.04209844559585492
3089,0.04208481709291033
3090,0.042071197411003236
3091,0.04205758654157231
3092,0.04204398447606727
3093,0.04203039120594892
3094,0.04201680672268908
3095,0.0420032310177706
3096,0.04198966408268734
3097,0.04197610590894414
3098,0.04196255648805681
3099,0.041949015811552116
3100,0.041935483870967745
3101,0.04192196065785231
3102,0.041908446163765316
3103,0.04189494038027715
3104,0.04188144329896907
3105,0.04186795491143317
3106,0.04185447520927238
3107,0.04184100418410042
3108,0.04182754182754183
3109,0.04213573496301062
3110,0.04212218649517685
3111,0.04210864673738348
3112,0.04209511568123393
3113,0.042081593318342436
3114,0.042068079640333975
3115,0.0420545746388443
3116,0.0420410783055199
3117,0.04202759063201797
3118,0.04201411161000641
3119,0.042000641231163836
3120,0.041987179487179484
3121,0.041973726369753286
3122,0.04196028187059577
3123,0.041946845981428116
3124,0.04193341869398207
3125,0.04192
3126,0.0419065898912348
3127,0.041893188359449954
3128,0.041879795396419436
3129,0.04186641099392777
3130,0.041853035143769965
3131,0.04183966783775152
3132,0.041826309067688375
3133,0.041812958825406955
3134,0.042118698149329926
3135,0.042105263157894736
3136,0.042091836734693876
3137,0.04207841887153331
3138,0.04206500956022945
3139,0.042051608792609114
3140,0.04203821656050955
3141,0.04202483285577841
3142,0.042011457670273714
3143,0.041998090995863824
3144,0.04198473282442748
3145,0.04197138314785374
3146,0.04195804195804196
3147,0.04194470924690181
3148,0.04193138500635324
3149,0.04191806922832645
3150,0.0419047619047619
3151,0.041891463027610286
3152,0.04187817258883249
3153,0.04186489058039962
3154,0.04185161699429296
3155,0.041838351822503964
3156,0.04182509505703422
3157,0.041811846689895474
3158,0.04179860671310956
3159,0.04178537511870845
3160,0.04177215189873418
3161,0.04175893704523885
3162,0.04174573055028463
3163,0.041732532405943726
3164,0.041719342604298354
3165,0.04170616113744076
3166,0.041692987997473153
3167,0.04167982317650774
3168,0.041666666666666664
3169,0.04165351846008204
3170,0.0416403785488959
3171,0.041627246925260174
3172,0.0416141235813367
3173,0.041601008509297197
3174,0.04158790170132325
3175,0.0415748031496063
3176,0.041561712846347604
3177,0.04154863078375826
3178,0.04153555695405916
3179,0.04152249134948097
3180,0.04182389937106918
3181,0.04181075133605784
3182,0.041797611565053426
3183,0.041784480050267046
3184,0.042085427135678394
3185,0.04207221350078493
3186,0.04205900816070308
3187,0.042045811107624724
3188,0.04203262233375157
3189,0.04201944183129508
3190,0.04231974921630094
3191,0.042306486994672515
3192,0.042293233082706765
3193,0.04227998747259631
3194,0.04226675015654352
3195,0.042566510172143975
3196,0.0425531914893617
3197,0.04253988113856741
3198,0.04252657911194497
3199,0.04251328540168803
3200,0.0425
3201,0.04248672289909403
3202,0.042473454091193005
3203,0.0424601935685295
3204,0.04275905118601748
3205,0.04274570982839314
3206,0.04273237679351216
3207,0.042719052073589024
3208,0.04270573566084788
3209,0.04300405110626363
3210,0.04299065420560748
3211,0.04297726564933042
3212,0.04296388542963885
3213,0.04295051353874883
3214,0.042937149968886125
3215,0.04292379471228616
3216,0.04291044776119403
3217,0.04289710910786447
3218,0.04288377874456184
3219,0.04287045666356011
3220,0.04316770186335404
3221,0.043154299906861225
3222,0.043451272501551834
3223,0.04343779087806392
3224,0.043424317617866005
3225,0.043410852713178294
3226,0.04339739615623062
3227,0.04338394793926247
3228,0.04337050805452292
3229,0.043357076494270674
3230,0.04365325077399381
3231,0.0436397400185701
3232,0.04362623762376237
3233,0.04361274358181256
3234,0.04359925788497217
3235,0.04358578052550232
3236,0.04357231149567367
3237,0.043867778807537845
3238,0.043854231006794316
3239,0.043840691571472676
3240,0.043827160493827164
3241,0.043813637766121565
3242,0.04380012338062924
3243,0.04378661732963306
3244,0.043773119605425403
3245,0.04375963020030817
3246,0.04374614910659273
3247,0.04373267631659994
3248,0.0437192118226601
3249,0.04370575561711296
3250,0.04369230769230769
3251,0.04367886804060289
3252,0.04366543665436654
3253,0.04365201352597602
3254,0.04363859864781807
3255,0.04362519201228879
3256,0.04361179361179361
3257,0.04359840343874731
3258,0.04389195825659914
3259,0.043878490334458425
3260,0.04386503067484662
3261,0.043851579270162526
3262,0.04383813611281422
3263,0.043824701195219126
3264,0.04381127450980392
3265,0.043797856049004595
3266,0.04378444580526638
3267,0.04377104377104377
3268,0.04375764993880049
3269,0.043744264301009486
3270,0.0437308868501529
3271,0.0437175175787221
3272,0.043704156479217604
3273,0.0436908035441491
3274,0.04367745876603543
3275,0.04366412213740458
3276,0.04365079365079365
3277,0.043637473298748855
3278,0.0436241610738255
3279,0.043610856968587984
3280,0.04359756097560975
3281,0.043584273087473334
3282,0.04357099329677026
3283,0.04355772159610113
3284,0.04354445797807552
3285,0.04353120243531203
3286,0.04351795496043822
3287,0.04350471554609066
3288,0.043491484184914844
3289,0.043478260869565216
3290,0.04346504559270517
3291,0.04345183834700699
3292,0.04343863912515188
3293,0.04342544791982994
3294,0.043412264723740136
3295,0.04339908952959029
3296,0.04338592233009709
3297,0.04367606915377616
3298,0.043662825955124315
3299,0.04364959078508639
3300,0.04363636363636364
3301,0.04362314450166616
3302,0.043609933373712904
3303,0.04389948531637905
3304,0.043886198547215496
3305,0.04387291981845688
3306,0.043859649122807015
3307,0.04384638645297853
3308,0.04383313180169287
3309,0.04381988516168027
3310,0.04380664652567976
3311,0.04379341588643914
3312,0.043780193236714976
3313,0.043766978569272565
3314,0.043753771876885936
3315,0.043740573152337855
3316,0.043727382388419785
3317,0.043714199577931864
3318,0.043701024713682944
3319,0.04368785778849051
3320,0.043674698795180725
3321,0.043661547726588375
3322,0.043648404575556896
3323,0.04363526933493831
3324,0.04362214199759326
3325,0.04360902255639098
3326,0.04359591100420926
3327,0.04358280733393448
3328,0.043569711538461536
3329,0.04385701411835386
3330,0.04384384384384384
3331,0.04383068147703392
3332,0.043817527010804325
3333,0.043804380438043806
3334,0.04409118176364727
3335,0.044077961019490255
3336,0.044064748201438846
3337,0.044051543302367394
3338,0.04403834631515878
3339,0.0440251572327044
3340,0.04401197604790419
3341,0.04399880275366657
3342,0.04398563734290844
3343,0.04397247980855519
3344,0.04395933014354067
3345,0.04394618834080718
3346,0.043933054393305436
3347,0.043919928293994624
3348,0.04390681003584229
3349,0.043893699611824426
3350,0.043880597014925374
3351,0.043867502238137866
3352,0.04385441527446301
3353,0.04384133611691023
3354,0.04382826475849732
3355,0.04381520119225037
3356,0.043802145411203815
3357,0.043789097408400354
3358,0.04377605717689101
3359,0.04376302470973504
3360,0.04375
3361,0.04373698304076168
3362,0.0437239738251041
3363,0.043710972346119537
3364,0.043697978596908445
3365,0.04368499257057949
3366,0.04367201426024955
3367,0.04365904365904366
3368,0.04364608076009501
3369,0.04363312555654497
3370,0.04362017804154303
3371,0.04360723820824681
3372,0.04389086595492289
3373,0.043877853542840205
3374,0.04416123295791346
3375,0.044148148148148145
3376,0.04413507109004739
3377,0.0441220017767249
3378,0.04440497335701599
3379,0.04439183190292986
3380,0.04437869822485207
3381,0.04466134279798876
3382,0.0446481371969249
3383,0.04463493940289684
3384,0.044621749408983453
3385,0.04460856720827179
3386,0.04459539279385706
3387,0.044582226158842636
3388,0.044569067296340026
3389,0.04455591619946887
3390,0.04454277286135693
3391,0.044529637275140074
3392,0.044516509433962265
3393,0.044503389330975536
3394,0.04449027695934001
3395,0.04447717231222386
3396,0.044464075382803295
3397,0.04445098616426259
3398,0.044437904649794
3399,0.04442483083259782
3400,0.04470588235294118
3401,0.0446927374301676
3402,0.04497354497354497
3403,0.0449603291213635
3404,0.04494712103407755
3405,0.044933920704845816
3406,0.044920728126834994
3407,0.04490754329321984
3408,0.0448943661971831
3409,0.04488119683191552
3410,0.044868035190615836
3411,0.044854881266490766
3412,0.04484173505275498
3413,0.04482859654263112
3414,0.04481546572934974
3415,0.04480234260614934
3416,0.04478922716627635
3417,0.04477611940298507
3418,0.044763019309537744
3419,0.04474992687920445
3420,0.04473684210526316
3421,0.044723764980999704
3422,0.04471069549970777
3423,0.044697633654688866
3424,0.04468457943925234
3425,0.04467153284671533
3426,0.0446584938704028
3427,0.0446454625036475
3428,0.04463243873978996
3429,0.04461942257217848
3430,0.0446064139941691
3431,0.04488487321480618
3432,0.04516317016317016
3433,0.04515001456452083
3434,0.04513686662783926
3435,0.04512372634643377
3436,0.04511059371362049
3437,0.045097468722723306
3438,0.04508435136707388
3439,0.04507124164001163
3440,0.04505813953488372
3441,0.045335658238884045
3442,0.0453224869262057
3443,0.04530932326459483
3444,0.04529616724738676
3445,0.045283018867924525
3446,0.04526987811955891
3447,0.04525674499564839
3448,0.04524361948955916
3449,0.04523050159466512
3450,0.04521739130434783
3451,0.045204288611996525
3452,0.04519119351100811
3453,0.045178105994787145
3454,0.0451650260567458
3455,0.045151953690303906
3456,0.04513888888888889
3457,0.04512583164593578
3458,0.045401966454598035
3459,0.045388840705406185
3460,0.0453757225433526
3461,0.045362611961860734
3462,0.04534950895436164
3463,0.04533641351429397
3464,0.04561200923787529
3465,0.0455988455988456
3466,0.04558568955568378
3467,0.04557254110181713
3468,0.04555940023068051
3469,0.04554626693571635
3470,0.04553314121037464
3471,0.04552002304811294
3472,0.04550691244239631
3473,0.04549380938669738
3474,0.04548071387449626
3475,0.04546762589928058
3476,0.045454545454545456
3477,0.0454414725337935
3478,0.04542840713053479
3479,0.04541534923828686
3480,0.045402298850574715
3481,0.04538925596093077
3482,0.045376220562894885
3483,0.04536319265001436
3484,0.04535017221584386
3485,0.04562410329985653
3486,0.04561101549053356
3487,0.04559793518784055
3488,0.0455848623853211
3489,0.04557179707652623
3490,0.04555873925501433
3491,0.045545688914351186
3492,0.04553264604810996
3493,0.04551961064987117
3494,0.045506582713222665
3495,0.045493562231759654
3496,0.04548054919908467
3497,0.04546754360880755
3498,0.045454545454545456
3499,0.04544155472992283
3500,0.04542857142857143
3501,0.04570122822050843
3502,0.045688178183894916
3503,0.04567513559805881
3504,0.045662100456621
3505,0.0456490727532097
3506,0.045636052481460354
3507,0.04562303963501568
3508,0.04561003420752566
3509,0.045597036192647475
3510,0.045584045584045586
3511,0.04557106237539162
3512,0.04555808656036447
3513,0.04554511813265016
3514,0.045532157085941945
3515,0.04551920341394026
3516,0.04550625711035267
3517,0.045493318168893945
3518,0.04548038658328596
3519,0.045467462347257744
3520,0.045454545454545456
3521,0.04544163589889236
3522,0.045428733674048836
3523,0.04541583877377235
3524,0.04568671963677639
3525,0.04567375886524823
3526,0.045660805445263755
3527,0.045647859370569886
3528,0.04563492063492063
3529,0.0459053556248229
3530,0.046175637393767704
3531,0.04616256018125177
3532,0.046149490373725933
3533,0.046136427964902346
3534,0.04612337294850028
3535,0.04611032531824611
3536,0.046097285067873306
3537,0.046366977664687586
3538,0.046353872244205764
3539,0.04634077423000848
3540,0.04632768361581921
3541,0.0465970064953403
3542,0.046583850931677016
3543,0.04657070279424217
3544,0.04655756207674944
3545,0.0465444287729196
3546,0.046531302876480544
3547,0.046518184381167185
3548,0.0467869222096956
3549,0.04677373908143139
3550,0.04704225352112676
3551,0.04702900591382709
3552,0.047015765765765764
3553,0.047002533070644524
3554,0.0469893078221722
3555,0.0469760900140647
3556,0.046962879640044995
3557,0.046949676693843125
3558,0.04693648116919618
3559,0.04692329305984827
3560,0.04691011235955056
3561,0.046896939062061216
3562,0.04688377316114543
3563,0.046870614650575355
3564,0.04685746352413019
3565,0.046844319775596076
3566,0.04683118339876612
3567,0.046818054387440425
3568,0.04680493273542601
3569,0.04679181843653685
3570,0.04677871148459384
3571,0.04676561187342481
3572,0.0467525195968645
3573,0.046739434648754546
3574,0.047006155567991044
3575,0.04699300699300699
3576,0.04697986577181208
3577,0.046966731898238745
3578,0.046953605366126326
3579,0.04694048616932104
3580,0.04692737430167598
3581,0.046914269757051104
3582,0.04690117252931323
3583,0.046888082612336034
3584,0.047154017857142856
3585,0.04714086471408647
3586,0.04712771890686001
3587,0.04711458042932813
3588,0.04710144927536232
3589,0.0470883254388409
3590,0.047075208913649025
3591,0.04734057365636313
3592,0.04732739420935412
3593,0.047314222098524907
3594,0.04730105731775181
3595,0.04728789986091794
3596,0.047274749721913235
3597,0.04726160689463442
3598,0.04724847137298499
3599,0.04723534315087524
3600,0.04722222222222222
3601,0.04720910858094974
3602,0.04719600222098834
3603,0.04718290313627533
3604,0.04716981132075472
3605,0.047156726768377254
3606,0.04714364947310039
3607,0.04713057942888827
3608,0.04711751662971175
3609,0.04710446106954835
3610,0.04736842105263158
3611,0.0473553032400997
3612,0.0473421926910299
3613,0.04732908939939109
3614,0.04731599335915883
3615,0.04730290456431535
3616,0.047289823008849555
3617,0.04755322090129942
3618,0.04754007739082366
3619,0.04752694114396242
3620,0.04751381215469613
3621,0.047500690417011875
3622,0.047487575924903366
3623,0.04775048302511731
3624,0.04773730684326711
3625,0.047724137931034485
3626,0.04771097628240485
3627,0.04769782189137028
3628,0.04768467475192944
3629,0.04767153485808763
3630,0.047658402203856746
3631,0.0476452767832553
3632,0.04763215859030837
3633,0.047619047619047616
3634,0.04760594386351128
3635,0.047867950481430534
3636,0.04785478547854786
3637,0.04784162771514985
3638,0.04782847718526663
3639,0.04781533388293487
3640,0.0478021978021978
3641,0.04778906893710519
3642,0.047775947281713346
3643,0.047762832830085096
3644,0.047749725576289793
3645,0.047736625514403296
3646,0.047723532638507954
3647,0.04771044694269262
3648,0.047697368421052634
3649,0.04768429706768978
3650,0.04767123287671233
3651,0.047658175842235
3652,0.04764512595837897
3653,0.04763208321927183
3654,0.047619047619047616
3655,0.047606019151846785
3656,0.047592997811816196
3657,0.0475799835931091
3658,0.047566976489885185
3659,0.04755397649631047
3660,0.047540983606557376
3661,0.0475279978148047
3662,0.047515019115237575
3663,0.0475020475020475
3664,0.047489082969432314
3665,0.04747612551159618
3666,0.04746317512274959
3667,0.04745023179710935
3668,0.04743729552889858
3669,0.047424366312346686
3670,0.04741144414168937
3671,0.047398529011168616
3672,0.04765795206971678
3673,0.047644976858154095
3674,0.04763200870985302
3675,0.047619047619047616
3676,0.047606093579978234
3677,0.04759314658689149
3678,0.04758020663404024
3679,0.04756727371568361
3680,0.04755434782608696
3681,0.04754142895952187
3682,0.04752851711026616
3683,0.047515612272603855
3684,0.04777415852334419
3685,0.04776119402985075
3686,0.04774823657080846
3687,0.047735286140493625
3688,0.04772234273318872
3689,0.04770940634318244
3690,0.04769647696476965
3691,0.047683554592251425
3692,0.047670639219934995
3693,0.04765773084213377
3694,0.047644829453167295
3695,0.047631935047361296
3696,0.047619047619047616
3697,0.047606167162564245
3698,0.047593293672255274
3699,0.04758042714247094
3700,0.04756756756756757
3701,0.04755471494190759
3702,0.04754186925985954
3703,0.047529030515798
3704,0.047516198704103674
3705,0.047503373819163294
3706,0.04749055585536967
3707,0.04747774480712166
3708,0.04746494066882417
3709,0.04745214343488811
3710,0.04743935309973046
3711,0.047426569657774184
3712,0.04741379310344827
3713,0.04740102343118772
3714,0.04738826063543349
3715,0.04737550471063257
3716,0.04736275565123789
3717,0.04735001345170837
3718,0.047337278106508875
3719,0.04732454961011025
3720,0.047311827956989246
3721,0.047299113141628595
3722,0.047286405158516925
3723,0.0472737040021488
3724,0.047261009667024706
3725,0.047248322147651005
3726,0.04723564143853999
3727,0.04722296753420982
3728,0.04721030042918455
3729,0.0471976401179941
3730,0.04718498659517426
3731,0.047172339855266684
3732,0.04715969989281887
3733,0.04714706670238414
3734,0.04713444027852169
3735,0.04712182061579652
3736,0.047109207708779445
3737,0.0470966015520471
3738,0.047084002140181914
3739,0.04707140946777213
3740,0.047058823529411764
3741,0.047046244319700614
3742,0.04703367183324426
3743,0.04702110606465402
3744,0.04700854700854701
3745,0.04699599465954606
3746,0.046983449012279764
3747,0.04723779023218575
3748,0.047225186766275344
3749,0.0472125900240064
3750,0.0472
3751,0.04718741668888297
3752,0.04717484008528785
3753,0.04716227018385292
3754,0.04714970697922216
3755,0.047137150466045274
3756,0.04712460063897764
3757,0.04711205749268033
3758,0.04709952102182012
3759,0.047086991221069435
3760,0.04707446808510638
3761,0.04706195160861473
3762,0.04704944178628389
3763,0.04703693861280893
3764,0.04702444208289054
3765,0.047277556440903055
3766,0.04726500265533723
3767,0.047252455534908415
3768,0.04723991507430998
3769,0.047227381268240914
3770,0.047214854111405836
3771,0.04720233359851498
3772,0.047189819724284196
3773,0.04717731248343493
3774,0.047164811870694226
3775,0.0471523178807947
3776,0.047139830508474576
3777,0.047127349748477626
3778,0.047114875595553204
3779,0.04710240804445621
3780,0.04708994708994709
3781,0.047077492726791854
3782,0.04706504494976203
3783,0.04731694422416072
3784,0.04730443974630021
3785,0.047291941875825624
3786,0.04754358161648178
3787,0.04753102719831001
3788,0.04751847940865892
3789,0.047505938242280284
3790,0.047493403693931395
3791,0.0474808757583751
3792,0.04746835443037975
3793,0.04745583970471922
3794,0.047443331576172906
3795,0.04743083003952569
3796,0.04741833508956796
3797,0.0474058467210956
3798,0.04739336492890995
3799,0.04738088970781785
3800,0.04736842105263158
3801,0.0473559589581689
3802,0.04734350341925302
3803,0.047331054430712595
3804,0.04758149316508938
3805,0.04756898817345598
3806,0.04755648975302155
3807,0.047543997898607825
3808,0.047531512605042014
3809,0.04751903386715674
3810,0.047506561679790026
3811,0.04749409603778536
3812,0.047481636935991604
3813,0.047731445056386046
3814,0.04798112218143681
3815,0.047968545216251636
3816,0.0479559748427673
3817,0.047943411055802986
3818,0.04793085385018334
3819,0.047918303220738416
3820,0.04790575916230366
3821,0.04789322166971997
3822,0.047880690737833596
3823,0.047868166361496205
3824,0.04785564853556486
3825,0.04784313725490196
3826,0.047830632514375325
3827,0.04781813430885811
3828,0.04780564263322884
3829,0.047793157482371375
3830,0.047780678851174936
3831,0.047768206734534066
3832,0.04775574112734864
3833,0.047743282024523874
3834,0.04773082942097027
3835,0.04771838331160365
3836,0.04770594369134515
3837,0.04769351055512119
3838,0.04768108389786347
3839,0.04766866371450899
3840,0.04765625
3841,0.04764384274928404
3842,0.0476314419573139
3843,0.047619047619047616
3844,0.04760665972944849
3845,0.047594278283485045
3846,0.04758190327613104
3847,0.04756953470236548
3848,0.04755717255717256
3849,0.0475448168355417
3850,0.04753246753246753
3851,0.047520124642949885
3852,0.04750778816199377
3853,0.04749545808460939
3854,0.047483134405812144
3855,0.047470817120622566
3856,0.04745850622406639
3857,0.04744620171117449
3858,0.04743390357698289
3859,0.04742161181653278
3860,0.04740932642487047
3861,0.0473970473970474
3862,0.047384774728120145
3863,0.0473725084131504
3864,0.04736024844720497
3865,0.04734799482535575
3866,0.047335747542679774
3867,0.047323506594259115
3868,0.04731127197518097
3869,0.047299043680537604
3870,0.047286821705426356
3871,0.047274606044949624
3872,0.04726239669421488
3873,0.047250193648334625
3874,0.04723799690242643
3875,0.0472258064516129
3876,0.04721362229102167
3877,0.0472014444157854
3878,0.047189272821041774
3879,0.04717710750193349
3880,0.047164948453608246
3881,0.04715279567121876
3882,0.04714064914992272
3883,0.04712850888488282
3884,0.047116374871266735
3885,0.047104247104247106
3886,0.04709212557900155
3887,0.04708001029071263
3888,0.0470679012345679
3889,0.04705579840575984
3890,0.04704370179948586
3891,0.047031611410948346
3892,0.047019527235354575
3893,0.04700744926791677
3894,0.04699537750385208
3895,0.046983311938382545
3896,0.046971252566735115
3897,0.04695919938414165
3898,0.046947152385838894
3899,0.04693511156706848
3900,0.04692307692307692
3901,0.04691104844911561
3902,0.0468990261404408
3903,0.04688700999231361
3904,0.046875
3905,0.046862996158770806
3906,0.04685099846390169
3907,0.04683900691067315
3908,0.04682702149437052
3909,0.04681504221028396
3910,0.04680306905370844
3911,0.047046791102019946
3912,0.04703476482617587
3913,0.047022744697163305
3914,0.04701073071027082
3915,0.046998722860791826
3916,0.04698672114402452
3917,0.04697472555527189
3918,0.04696273608984176
3919,0.0469507527430467
3920,0.04693877551020408
3921,0.04692680438663606
3922,0.046914839367669554
3923,0.04690288044863625
3924,0.046890927624872576
3925,0.04687898089171975
3926,0.04712175241976566
3927,0.04710975299210593
3928,0.04709775967413442
3929,0.04708577246118605
3930,0.047073791348600506
3931,0.047061816331722205
3932,0.047049847405900305
3933,0.047037884566488684
3934,0.04702592780884596
3935,0.04701397712833545
3936,0.047002032520325206
3937,0.04699009398018796
3938,0.04697816150330117
3939,0.046966235085046965
3940,0.046954314720812185
3941,0.04694240040598833
3942,0.046930492135971585
3943,0.04691858990616282
3944,0.04690669371196755
3945,0.046894803548795945
3946,0.04688291941206285
3947,0.046871041297187735
3948,0.04685916919959473
3949,0.04710053178019752
3950,0.04708860759493671
3951,0.047076689445709946
3952,0.04706477732793522
3953,0.047052871237035165
3954,0.04704097116843703
3955,0.04702907711757269
3956,0.04701718907987867
3957,0.04700530705079606
3958,0.04699343102577059
3959,0.04698156100025259
3960,0.04696969696969697
3961,0.04695783892956324
3962,0.046945986875315496
3963,0.046934140802422405
3964,0.046922300706357216
3965,0.04691046658259773
3966,0.046898638426626324
3967,0.04688681623392992
3968,0.046875
3969,0.04711514235323759
3970,0.047103274559193956
3971,0.04709141274238227
3972,0.047079556898288015
3973,0.047067707022401206
3974,0.04705586311021641
3975,0.0470440251572327
3976,0.047032193158953725
3977,0.047020367110887605
3978,0.04700854700854701
3979,0.04699673284744911
3980,0.04698492462311558
3981,0.04697312233107259
3982,0.04696132596685083
3983,0.046949535525985436
3984,0.046937751004016065
3985,0.046925972396486826
3986,0.046914199698946314
3987,0.04690243290694758
3988,0.04689067201604814
3989,0.04687891702180998
3990,0.0468671679197995
3991,0.046855424705587574
3992,0.0468436873747495
3993,0.046831955922865015
3994,0.04682023034551828
3995,0.04680851063829787
3996,0.0467967967967968
3997,0.04678508881661246
3998,0.04677338669334667
3999,0.04676169042260565
4000,0.04675
4001,0.04673831542114471
4002,0.04672663668165917
4003,0.04671496377716713
4004,0.046703296703296704
4005,0.0466916354556804
4006,0.04667998002995507
4007,0.04666833042176192
4008,0.046656686626746505
4009,0.04664504864055874
4010,0.04663341645885287
4011,0.04662179007728746
4012,0.046610169491525424
4013,0.046598554697233986
4014,0.0465869456900847
4015,0.04657534246575343
4016,0.04656374501992032
4017,0.046552153348269856
4018,0.046540567446490794
4019,0.04652898731027619
4020,0.04651741293532338
4021,0.046505844317334
4022,0.046494281452013925
4023,0.046482724335073326
4024,0.04647117296222664
4025,0.046459627329192545
4026,0.04644808743169399
4027,0.04643655326545816
4028,0.046425024826216486
4029,0.046413502109704644
4030,0.04640198511166253
4031,0.04639047382783428
4032,0.046378968253968256
4033,0.04636746838581701
4034,0.046355974219137334
4035,0.04634448574969021
4036,0.04633300297324083
4037,0.04632152588555858
4038,0.04631005448241704
4039,0.04629858875959396
4040,0.04628712871287129
4041,0.04627567433803514
4042,0.0462642256308758
4043,0.046252782587187735
4044,0.046241345202769533
4045,0.04622991347342398
4046,0.046218487394957986
4047,0.0462070669631826
4048,0.04619565217391304
4049,0.046184243022968634
4050,0.04617283950617284
4051,0.04616144161935325
4052,0.046150049358341556
4053,0.0461386627189736
4054,0.046127281697089295
4055,0.046115906288532675
4056,0.04610453648915187
4057,0.04609317229479911
4058,0.04608181370133071
4059,0.04607046070460705
4060,0.04605911330049261
4061,0.04604777148485595
4062,0.04603643525356967
4063,0.04602510460251046
4064,0.04601377952755906
4065,0.04600246002460025
4066,0.04599114608952287
4067,0.04597983771821982
4068,0.045968534906588004
4069,0.045957237650528386
4070,0.04594594594594595
4071,0.04593465978874969
4072,0.045923379174852653
4073,0.045912104100171866
4074,0.04590083456062838
4075,0.04588957055214724
4076,0.045878312070657505
4077,0.045867059112092226
4078,0.045855811672388426
4079,0.04584456974748713
4080,0.04583333333333333
4081,0.04582210242587601
4082,0.045810877021068105
4083,0.04579965711486652
4084,0.045788442703232124
4085,0.04577723378212974
4086,0.045766030347528144
4087,0.04575483239540005
4088,0.04574363992172211
4089,0.04573245292247493
4090,0.04572127139364303
4091,0.04571009533121486
4092,0.0456989247311828
4093,0.045687759589543124
4094,0.04567659990229604
4095,0.04566544566544566
4096,0.045654296875
4097,0.04564315352697095
4098,0.04563201561737433
4099,0.04562088314222981
4100,0.045609756097560974
4101,0.04559863447939527
4102,0.04558751828376402
4103,0.045576407506702415
4104,0.04556530214424951
4105,0.04555420219244823
4106,0.04554310764734535
4107,0.04553201850499148
4108,0.04552093476144109
4109,0.04550985641275249
4110,0.04549878345498783
4111,0.04548771588421309
4112,0.04547665369649805
4113,0.04546559688791636
4114,0.045454545454545456
4115,0.045443499392466585
4116,0.04543245869776482
4117,0.045421423366529025
4118,0.045653229723166586
4119,0.04564214615197863
4120,0.04563106796116505
4121,0.04561999514680903
4122,0.045608927704997575
4123,0.04559786563182149
4124,0.04558680892337536
4125,0.045575757575757575
4126,0.045564711585070285
4127,0.045795977707778046
4128,0.04578488372093023
4129,0.04577379510777428
4130,0.04576271186440678
4131,0.0457516339869281
4132,0.045982575024201354
4133,0.04597144931042826
4134,0.045960328979196906
4135,0.045949214026602174
4136,0.045938104448742745
4137,0.045927000241721055
4138,0.045915901401643304
4139,0.04590480792461947
4140,0.04589371980676329
4141,0.04588263704419222
4142,0.045871559633027525
4143,0.04586048756939416
4144,0.04584942084942085
4145,0.045838359469240045
4146,0.04582730342498794
4147,0.045816252712804435
4148,0.04580520732883317
4149,0.045794167269221496
4150,0.04578313253012048
4151,0.0457721031076849
4152,0.04576107899807322
4153,0.04575006019744763
4154,0.045739046701974
4155,0.0457280385078219
4156,0.04571703561116458
4157,0.045706038008178976
4158,0.0456950456950457
4159,0.04568405866794903
4160,0.04567307692307692
4161,0.045662100456621
4162,0.04565112926477655
4163,0.04588037472976219
4164,0.045869356388088374
4165,0.045858343337334934
4166,0.04584733557369179
4167,0.045836333093352534
4168,0.0458253358925144
4169,0.04581434396737827
4170,0.04580335731414868
4171,0.045792375929033804
4172,0.04578139980824544
4173,0.04577042894799904
4174,0.04599904168663153
4175,0.04598802395209581
4176,0.04597701149425287
4177,0.045966004309312906
4178,0.04595500239348971
4179,0.04594400574300072
4180,0.045933014354066985
4181,0.04592202822291318
4182,0.04591104734576758
4183,0.04590007171886206
4184,0.045889101338432124
4185,0.045878136200716846
4186,0.04586717630195891
4187,0.04585622163840459
4188,0.04608404966571156
4189,0.04631176891859633
4190,0.04630071599045346
4191,0.046289668336912435
4192,0.046278625954198474
4193,0.04650608156451228
4194,0.046494992846924176
4195,0.04648390941597139
4196,0.046472831267874166
4197,0.04646175839885633
4198,0.04645069080514531
4199,0.04643962848297214
4200,0.04642857142857143
4201,0.04641751963818139
4202,0.046406473108043786
4203,0.046395431834404
4204,0.04638439581351094
4205,0.04661117717003567
4206,0.0466000951022349
4207,0.04658901830282862
4208,0.04657794676806084
4209,0.04656688049417914
4210,0.04655581947743468
4211,0.046544763714082164
4212,0.04677113010446344
4213,0.04676002848326608
4214,0.04674893213099193
4215,0.046737841043890865
4216,0.04672675521821632
4217,0.04671567465022528
4218,0.046704599336178286
4219,0.04693055226356957
4220,0.04691943127962085
4221,0.046908315565031986
4222,0.047134059687351966
4223,0.04712289841345015
4224,0.047111742424242424
4225,0.04710059171597633
4226,0.04708944628490298
4227,0.04707830612727703
4228,0.04706717123935667
4229,0.04705604161740364
4230,0.047044917257683214
4231,0.04703379815646419
4232,0.0470226843100189
4233,0.0470115757146232
4234,0.047000472366556446
4235,0.046989374262101535
4236,0.046978281397544855
4237,0.0469671937691763
4238,0.04695611137328929
4239,0.0469450342061807
4240,0.04693396226415095
4241,0.046922895543503894
4242,0.04691183404054691
4243,0.04690077775159086
4244,0.04688972667295005
4245,0.046878680800942284
4246,0.046867640131888835
4247,0.04709206498704968
4248,0.047080979284369114
4249,0.04706989879971758
4250,0.04729411764705883
4251,0.04728299223712068
4252,0.047271872060206964
4253,0.04749588525746532
4254,0.04771979313587212
4255,0.047708578143360755
4256,0.047697368421052634
4257,0.04768616396523373
4258,0.04767496477219352
4259,0.047663770838224935
4260,0.04765258215962441
4261,0.04764139873269185
4262,0.047630220553730646
4263,0.047619047619047616
4264,0.0476078799249531
4265,0.04759671746776084
4266,0.04758556024378809
4267,0.04757440824935552
4268,0.04756326148078725
4269,0.04755211993441087
4270,0.047540983606557376
4271,0.047529852493561224
4272,0.0475187265917603
4273,0.047507605897495905
4274,0.047496490407112776
4275,0.04748538011695906
4276,0.047474275023386345
4277,0.04746317512274959
4278,0.0474520804114072
4279,0.047440990885720964
4280,0.047429906542056074
4281,0.047418827376781124
4282,0.0474077533862681
4283,0.04739668456689237
4284,0.04738562091503268
4285,0.04737456242707118
4286,0.047363509099393374
4287,0.04735246092838815
4288,0.04734141791044776
4289,0.04733038004196782
4290,0.04731934731934732
4291,0.04730831973898858
4292,0.047530288909599254
4293,0.04775215467039366
4294,0.047741034000931534
4295,0.047729918509895226
4296,0.04771880819366853
4297,0.04770770304863858
4298,0.04769660307119591
4299,0.047685508257734356
4300,0.047674418604651166
4301,0.047663334108346896
4302,0.04765225476522548
4303,0.04764118057169417
4304,0.04763011152416357
4305,0.047619047619047616
4306,0.047607988852763586
4307,0.04759693522173206
4308,0.04758588672237697
4309,0.04757484335112555
4310,0.04756380510440835
4311,0.04778473672001856
4312,0.04777365491651206
4313,0.047762578251796896
4314,0.04775150672229949
4315,0.047740440324449594
4316,0.04772937905468026
4317,0.047718322909427846
4318,0.047707271885132005
4319,0.0476962259782357
4320,0.047685185185185185
4321,0.047905577412635965
4322,0.047894493290143454
4323,0.047883414295628035
4324,0.047872340425531915
4325,0.047861271676300575
4326,0.0478502080443828
4327,0.04783914952623065
4328,0.04782809611829945
4329,0.04781704781704782
4330,0.04803695150115474
4331,0.04802586007850381
4332,0.04801477377654663
4333,0.04823447957535195
4334,0.048223350253807105
4335,0.048212226066897346
4336,0.04820110701107011
4337,0.04818999308277611
4338,0.04817888427846934
4339,0.04816778059460705
4340,0.04838709677419355
4341,0.04837595024187975
4342,0.04836480884385076
4343,0.04835367257655998
4344,0.048572744014732966
4345,0.04856156501726122
4346,0.048550391164289004
4347,0.04853922245226593
4348,0.04852805887764489
4349,0.04851690043688204
4350,0.04850574712643678
4351,0.04849459894277178
4352,0.04848345588235294
4353,0.04847231794164944
4354,0.04846118511713367
4355,0.048450057405281285
4356,0.048668503213957756
4357,0.04888684874913932
4358,0.04887563102340523
4359,0.048864418444597386
4360,0.048853211009174315
4361,0.0488420087135978
4362,0.04883081155433287
4363,0.04881961952784781
4364,0.048808432630614115
4365,0.04879725085910653
4366,0.04878607420980302
4367,0.048774902679184794
4368,0.048763736263736264
4369,0.04875257495994507
4370,0.04874141876430206
4371,0.048959048272706474
4372,0.048947849954254344
4373,0.0489366567573748
4374,0.0489254686785551
4375,0.048914285714285716
4376,0.04890310786106033
4377,0.04889193511537583
4378,0.048880767473732295
4379,0.04886960493263302
4380,0.04885844748858448
4381,0.048847295138096325
4382,0.048836147877681424
4383,0.048825005703855805
4384,0.04881386861313869
4385,0.04880273660205245
4386,0.04879160966712266
4387,0.04878048780487805
4388,0.0487693710118505
4389,0.04875825928457508
4390,0.04874715261958998
4391,0.048736051013436574
4392,0.048724954462659384
4393,0.04871386296380605
4394,0.0487027765134274
4395,0.04869169510807736
4396,0.04868061874431301
4397,0.048669547418694566
4398,0.048658481127785355
4399,0.048874744260059104
4400,0.048863636363636366
4401,0.0488525335151102
4402,0.04884143571104044
4403,0.04905746082216671
4404,0.04904632152588556
4405,0.04903518728717367
4406,0.04902405810258738
4407,0.04901293396868618
4408,0.04900181488203267
4409,0.04899070083919256
4410,0.04897959183673469
4411,0.048968487871231016
4412,0.04895738893925657
4413,0.04894629503738953
4414,0.04893520616221115
4415,0.04915062287655719
4416,0.04913949275362319
4417,0.0491283676703645
4418,0.049117247623358985
4419,0.0491061326091876
4420,0.04909502262443439
4421,0.0490839176656865
4422,0.049072817729534146
4423,0.04906172281257065
4424,0.0490506329113924
4425,0.04903954802259887
4426,0.04902846814279259
4427,0.04901739326857917
4428,0.0490063233965673
4429,0.04899525852336871
4430,0.04898419864559819
4431,0.04897314375987362
4432,0.048962093862815886
4433,0.04895104895104895
4434,0.04894000902119982
4435,0.04892897406989853
4436,0.04891794409377818
4437,0.04890691908947487
4438,0.04889589905362776
4439,0.048884883982879025
4440,0.048873873873873874
4441,0.048862868723260525
4442,0.04885186852769023
4443,0.04884087328381724
4444,0.04882988298829883
4445,0.048818897637795275
4446,0.04880791722896986
4447,0.04879694175848887
4448,0.048785971223021585
4449,0.04877500561924028
4450,0.04876404494382022
4451,0.04875308919343967
4452,0.04874213836477988
4453,0.04873119245452504
4454,0.048720251459362374
4455,0.04870931537598204
4456,0.0486983842010772
4457,0.04868745793134396
4458,0.04867653656348138
4459,0.04866562009419152
4460,0.04865470852017937
4461,0.04864380183815288
4462,0.04863290004482295
4463,0.04862200313690343
4464,0.04861111111111111
4465,0.04860022396416573
4466,0.048589341692789965
4467,0.04857846429370943
4468,0.04856759176365264
4469,0.048556724099351085
4470,0.04854586129753915
4471,0.04853500335495415
4472,0.048524150268336314
4473,0.048513302034428794
4474,0.048502458649977646
4475,0.048491620111731845
4476,0.04848078641644325
4477,0.04846995756086665
4478,0.048459133541759715
4479,0.04844831435588301
4480,0.0484375
4481,0.04842669047087703
4482,0.048415885765283356
4483,0.04840508587999108
4484,0.0483942908117752
4485,0.048383500557413604
4486,0.04837271511368703
4487,0.0483619344773791
4488,0.04835115864527629
4489,0.048340387614167965
4490,0.04832962138084632
4491,0.04831885994210643
4492,0.04830810329474622
4493,0.04829735143556644
4494,0.048286604361370715
4495,0.04827586206896552
4496,0.04826512455516014
4497,0.04825439181676673
4498,0.04824366385060027
4499,0.04823294065347855
4500,0.04822222222222222
4501,0.04821150855365474
4502,0.0482007996446024
4503,0.04819009549189429
4504,0.048179396092362346
4505,0.048168701442841286
4506,0.04815801154016867
4507,0.048147326381184824
4508,0.04813664596273292
4509,0.0481259702816589
4510,0.04811529933481153
4511,0.04810463311904234
4512,0.04809397163120567
4513,0.04808331486815865
4514,0.04807266282676119
4515,0.04806201550387597
4516,0.04805137289636847
4517,0.04804073500110693
4518,0.048030101814962374
4519,0.048019473334808584
4520,0.048008849557522125
4521,0.04799823047998231
4522,0.047987616099071206
4523,0.04797700641167367
4524,0.04796640141467728
4525,0.04795580110497238
4526,0.04794520547945205
4527,0.047934614535012146
4528,0.04792402826855124
4529,0.04791344667697063
4530,0.04790286975717439
4531,0.0478922975060693
4532,0.04788172992056487
4533,0.04787116699757335
4534,0.047860608734009706
4535,0.04785005512679162
4536,0.047839506172839504
4537,0.04782896186907648
4538,0.04781842221242838
4539,0.04780788719982375
4540,0.04779735682819383
4541,0.047786831094472584
4542,0.04777630999559666
4543,0.04776579352850539
4544,0.047755281690140844
4545,0.047744774477447745
4546,0.04773427188737352
4547,0.047723773916868266
4548,0.047713280562884784
4549,0.04770279182237854
4550,0.047692307692307694
4551,0.047681828169633046
4552,0.047671353251318105
4553,0.04766088293432901
4554,0.04765041721563461
4555,0.047639956092206365
4556,0.04762949956101844
4557,0.047619047619047616
4558,0.04760860026327336
4559,0.04759815749067778
4560,0.047587719298245616
4561,0.047577285682964265
4562,0.04756685664182376
4563,0.047556432171816786
4564,0.04754601226993865
4565,0.0475355969331873
4566,0.04752518615856329
4567,0.04751477994306985
4568,0.04750437828371278
4569,0.04749398117750055
4570,0.0474835886214442
4571,0.04747320061255743
4572,0.047462817147856516
4573,0.04745243822436038
4574,0.04744206383909051
4575,0.04743169398907104
4576,0.047639860139860137
4577,0.04762945160585536
4578,0.047619047619047616
4579,0.04760864817645774
4580,0.04759825327510917
4581,0.04758786291202794
4582,0.04757747708424269
4583,0.04756709578878464
4584,0.047556719022687606
4585,0.047546346782988004
4586,0.04753597906672481
4587,0.04752561587093961
4588,0.04751525719267655
4589,0.04750490302898235
4590,0.04749455337690632
4591,0.04748420823350033
4592,0.047473867595818814
4593,0.04746353146091879
4594,0.047670875054418804
4595,0.04787812840043525
4596,0.047867711053089644
4597,0.048074831411790295
4598,0.048064375815571984
4599,0.04805392476625353
4600,0.04804347826086956
4601,0.04803303629645729
4602,0.0480225988700565
4603,0.04801216597870954
4604,0.04800173761946134
4605,0.04799131378935939
4606,0.04798089448545376
4607,0.04797047970479705
4608,0.048177083333333336
4609,0.04816663050553265
4610,0.04815618221258135
4611,0.048145738451528954
4612,0.04835212489158716
4613,0.04834164318231086
4614,0.04833116601647161
4615,0.04832069339111593
4616,0.048310225303292896
4617,0.04829976175005415
4618,0.048505846686877435
4619,0.04849534531283828
4620,0.048484848484848485
4621,0.04869075957584938
4622,0.048680225010817826
4623,0.04866969500324465
4624,0.04865916955017301
4625,0.04864864864864865
4626,0.048638132295719845
4627,0.04862762048843743
4628,0.0486171132238548
4629,0.04882263987902355
4630,0.04881209503239741
4631,0.04880155473979702
4632,0.048791018998272886
4633,0.04878048780487805
4634,0.0487699611566681
4635,0.04875943905070119
4636,0.04874892148403796
4637,0.048738408453741645
4638,0.048727899956877964
4639,0.048717395990515194
4640,0.04870689655172414
4641,0.04869640163757811
4642,0.04868591124515295
4643,0.04867542537152703
4644,0.04866494401378122
4645,0.048654467168998926
4646,0.048643994834266034
4647,0.04863352700667097
4648,0.04862306368330465
4649,0.04861260486126048
4650,0.048602150537634406
4651,0.048591700709524836
4652,0.04858125537403268
4653,0.048570814528261334
4654,0.048560378169316715
4655,0.04854994629430719
4656,0.048539518900343644
4657,0.0485290959845394
4658,0.048518677544010305
4659,0.04850826357587465
4660,0.04849785407725322
4661,0.048487449045269256
4662,0.04847704847704848
4663,0.04846665236971907
4664,0.04845626072041166
4665,0.04844587352625938
4666,0.048435490784397774
4667,0.04842511249196486
4668,0.04862896315338475
4669,0.04861854786892268
4670,0.04860813704496788
4671,0.048811817597944764
4672,0.0488013698630137
4673,0.04879092659961481
4674,0.04878048780487805
4675,0.048770053475935826
4676,0.04875962360992301
4677,0.048749198203976905
4678,0.04873877725523728
4679,0.048728360760846336
4680,0.04871794871794872
4681,0.04870754112369152
4682,0.048697137975224264
4683,0.04868673926969891
4684,0.04867634500426986
4685,0.048665955176093914
4686,0.04865556978233035
4687,0.048645188820140815
4688,0.04863481228668942
4689,0.04862444017914268
4690,0.04861407249466951
4691,0.04860370923044127
4692,0.04859335038363171
4693,0.048582995951417005
4694,0.04857264593097571
4695,0.04856230031948882
4696,0.048551959114139696
4697,0.04854162231211412
4698,0.04853128991060025
4699,0.04852096190678868
4700,0.04851063829787234
4701,0.048500319081046586
4702,0.04849000425350915
4703,0.04847969381246013
4704,0.04846938775510204
4705,0.048459086078639746
4706,0.04844878878028049
4707,0.04843849585723391
4708,0.048428207306711976
4709,0.048417923125929074
4710,0.04861995753715499
4711,0.04860963701974103
4712,0.04859932088285229
4713,0.04858900912370041
4714,0.048578701739499366
4715,0.04856839872746554
4716,0.04855810008481764
4717,0.04854780580877677
4718,0.04853751589656634
4719,0.04852723034541216
4720,0.04851694915254237
4721,0.04850667231518746
4722,0.04849639983058026
4723,0.04848613169595596
4724,0.04847586790855207
4725,0.04846560846560847
4726,0.04845535336436733
4727,0.048445102602073194
4728,0.04843485617597293
4729,0.04842461408331571
4730,0.048414376321353064
4731,0.04840414288733883
4732,0.04839391377852916
4733,0.048383688992182546
4734,0.04837346852555978
4735,0.04836325237592397
4736,0.04835304054054054
4737,0.048342833016677224
4738,0.04833262980160405
4739,0.048322430892593374
4740,0.04831223628691983
4741,0.048302045981860366
4742,0.04829185997469422
4743,0.04828167826270293
4744,0.04827150084317032
4745,0.048261327713382506
4746,0.0482511588706279
4747,0.04824099431219718
4748,0.04823083403538332
4749,0.048220678037481576
4750,0.048210526315789475
4751,0.04820037886760682
4752,0.04819023569023569
4753,0.04818009678098043
4754,0.048169962137147665
4755,0.04815983175604627
4756,0.04814970563498738
4757,0.048139583771284425
4758,0.04812946616225305
4759,0.04811935280521118
4760,0.048109243697478994
4761,0.04809913883637891
4762,0.048089038219235616
4763,0.04807894184337602
4764,0.048068849706129305
4765,0.04805876180482686
4766,0.04804867813680235
4767,0.04803859869939165
4768,0.04802852348993288
4769,0.04801845250576641
4770,0.0480083857442348
4771,0.04799832320268287
4772,0.04798826487845767
4773,0.047978210768908444
4774,0.04796816087138668
4775,0.047958115183246074
4776,0.04794807370184254
4777,0.047938036424534224
4778,0.047928003348681456
4779,0.047917974471646786
4780,0.047907949790794976
4781,0.04789792930349299
4782,0.04788791300711
4783,0.047877900899017355
4784,0.04786789297658863
4785,0.04785788923719958
4786,0.047847889678228166
4787,0.04804679339878839
4788,0.04803675856307435
4789,0.04802672791814575
4790,0.04801670146137787
4791,0.04800667919014819
4792,0.047996661101836396
4793,0.047986647193824325
4794,0.047976637463496036
4795,0.047966631908237745
4796,0.04795663052543787
4797,0.04794663331248697
4798,0.047936640266777825
4799,0.04792665138570536
4800,0.04791666666666667
4801,0.04790668610706103
4802,0.04789670970428988
4803,0.04788673745575682
4804,0.04787676935886761
4805,0.047866805411030174
4806,0.0478568456096546
4807,0.04784688995215311
4808,0.0478369384359401
4809,0.047826991058432106
4810,0.04781704781704782
4811,0.04780710870920807
4812,0.04779717373233583
4813,0.04799501350509038
4814,0.047985043622766926
4815,0.047975077881619935
4816,0.04796511627906977
4817,0.04795515881253892
4818,0.04794520547945205
4819,0.04793525627723594
4820,0.047925311203319505
4821,0.04791537025513379
4822,0.047905433430111985
4823,0.047895500725689405
4824,0.04788557213930348
4825,0.048082901554404145
4826,0.04807293825113966
4827,0.04806297907603066
4828,0.048053024026512015
4829,0.048043073100020706
4830,0.04803312629399586
4831,0.0480231836058787
4832,0.048013245033112585
4833,0.04800331057314298
4834,0.04799338022341746
4835,0.04798345398138573
4836,0.04797353184449959
4837,0.04796361381021294
4838,0.04795369987598181
4839,0.047943790039264314
4840,0.047933884297520664
4841,0.04792398264821318
4842,0.04791408508880628
4843,0.04790419161676647
4844,0.04789430222956235
4845,0.0478844169246646
4846,0.047874535699546014
4847,0.047864658551681455
4848,0.04785478547854786
4849,0.047844916477624254
4850,0.047835051546391755
4851,0.04782519068233354
4852,0.04781533388293487
4853,0.04780548114568308
4854,0.047795632468067575
4855,0.047785787847579815
4856,0.047775947281713346
4857,0.04776611076796376
4858,0.04775627830382874
4859,0.047746449886807985
4860,0.047736625514403296
4861,0.047726805184118495
4862,0.04771698889345948
4863,0.0477071766399342
4864,0.047697368421052634
4865,0.047687564234326824
4866,0.04767776407727086
4867,0.047667967947400865
4868,0.047658175842235
4869,0.04764838775929349
4870,0.04763860369609856
4871,0.047628823650174505
4872,0.047619047619047616
4873,0.047609275600246255
4874,0.047804677882642595
4875,0.047794871794871796
4876,0.0477850697292863
4877,0.04777527168341193
4878,0.047765477654776546
4879,0.047755687640910024
4880,0.047745901639344265
4881,0.04773611964761319
4882,0.04793117574764441
4883,0.04792135981978292
4884,0.04791154791154791
4885,0.04790174002047083
4886,0.04789193614408514
4887,0.04788213627992634
4888,0.047872340425531915
4889,0.04806708938433218
4890,0.04805725971370143
4891,0.04804743406256389
4892,0.04803761242845462
4893,0.04802779480891069
4894,0.04801798120147119
4895,0.04800817160367722
4896,0.0479983660130719
4897,0.04798856442720033
4898,0.04797876684360964
4899,0.047968973259848946
4900,0.04795918367346939
4901,0.04794939808202408
4902,0.04793961648306814
4903,0.04792983887415868
4904,0.04792006525285481
4905,0.047910295616717634
4906,0.047900529963310234
4907,0.04789076829019768
4908,0.047881010594947024
4909,0.04787125687512732
4910,0.04786150712830957
4911,0.04785176135206679
4912,0.04784201954397394
4913,0.04783228170160798
4914,0.04782254782254782
4915,0.04781281790437437
4916,0.047803091944670466
4917,0.04779336994102095
4918,0.04778365189101261
4919,0.047977231144541575
4920,0.04796747967479675
4921,0.047957732168258486
4922,0.04794798862251117
4923,0.04793824903514118
4924,0.0479285134037368
4925,0.04791878172588832
4926,0.04811205846528624
4927,0.04810229348487924
4928,0.048295454545454544
4929,0.048285656319740314
4930,0.04827586206896552
4931,0.04826607179071182
4932,0.048256285482562854
4933,0.0482465031421042
4934,0.04823672476692339
4935,0.04822695035460993
4936,0.048217179902755265
4937,0.04820741340895281
4938,0.048197650870797894
4939,0.04818789228588783
4940,0.04817813765182186
4941,0.048168386966201175
4942,0.04836098745447187
4943,0.048351203722435766
4944,0.048341423948220066
4945,0.04853387259858443
4946,0.04852405984634048
4947,0.04851425106124924
4948,0.04850444624090541
4949,0.04849464538290564
4950,0.048484848484848485
4951,0.048475055544334476
4952,0.048465266558966075
4953,0.04845548152634767
4954,0.04844570044408559
4955,0.04843592330978809
4956,0.048426150121065374
4957,0.048416380875529554
4958,0.048406615570794675
4959,0.04839685420447671
4960,0.04838709677419355
4961,0.04837734327756501
4962,0.04836759371221282
4963,0.04835784807576063
4964,0.048348106365834004
4965,0.04833836858006042
4966,0.04832863471606927
4967,0.04852023354137306
4968,0.04851046698872786
4969,0.04850070436707587
4970,0.048490945674044265
4971,0.04848119090726212
4972,0.04847144006436042
4973,0.04846169314297205
4974,0.04845195014073181
4975,0.04844221105527638
4976,0.048432475884244375
4977,0.04842274462527627
4978,0.048413017276014464
4979,0.04840329383410323
4980,0.048393574297188754
4981,0.04838385866291909
4982,0.0483741469289442
4983,0.04836443909291591
4984,0.04835473515248796
4985,0.048345035105315945
4986,0.04833533894905736
4987,0.04832564668137156
4988,0.04831595829991981
4989,0.048306273802365206
4990,0.04829659318637274
4991,0.04828691644960929
4992,0.04827724358974359
4993,0.04826757460444622
4994,0.04825790949138967
4995,0.04824824824824825
4996,0.04823859087269816
4997,0.04822893736241745
4998,0.04821928771508603
4999,0.04820964192838568
5000,0.0482
5001,0.04819036192761448
5002,0.04818072770891643
5003,0.04817109734159504
5004,0.048161470823341324
5005,0.04815184815184815
5006,0.04814222932481023
5007,0.04813261433992411
5008,0.04812300319488818
5009,0.048113395887402675
5010,0.04810379241516966
5011,0.04809419277589304
5012,0.04808459696727853
5013,0.04807500498703371
5014,0.04806541683286797
5015,0.04805583250249252
5016,0.04804625199362041
5017,0.04803667530396651
5018,0.04802710243124751
5019,0.04801753337318191
5020,0.04800796812749004
5021,0.04799840669189404
5022,0.047988849064117885
5023,0.04797929524188732
5024,0.04796974522292994
5025,0.047960199004975126
5026,0.04795065658575408
5027,0.0479411179629998
5028,0.0479315831344471
5029,0.04792205209783257
5030,0.04791252485089463
5031,0.04790300139137348
5032,0.047893481717011126
5033,0.047883965825551364
5034,0.04787445371473977
5035,0.047864945382323734
5036,0.04785544082605242
5037,0.047845940043676795
5038,0.04783644303294958
5039,0.04782694979162532
5040,0.047817460317460314
5041,0.04780797460821266
5042,0.047798492661642204
5043,0.04778901447551061
5044,0.04777954004758128
5045,0.04777006937561942
5046,0.04776060245739199
5047,0.047751139290667724
5048,0.04774167987321712
5049,0.04773222420281244
5050,0.047722772277227724
5051,0.047713324094238764
5052,0.04770387965162312
5053,0.047694438947160106
5054,0.047685001978630785
5055,0.047675568743818
5056,0.047666139240506326
5057,0.047656713466482106
5058,0.04764729141953341
5059,0.04763787309745009
5060,0.04762845849802372
5061,0.047619047619047616
5062,0.04760964045831687
5063,0.04760023701362828
5064,0.047590837282780414
5065,0.04758144126357355
5066,0.04757204895380971
5067,0.047562660351292675
5068,0.04755327545382794
5069,0.04754389425922273
5070,0.04753451676528599
5071,0.04752514296982844
5072,0.047515772870662464
5073,0.04750640646560221
5074,0.04749704375246354
5075,0.04748768472906404
5076,0.04747832939322301
5077,0.04746897774276147
5078,0.047459629775502166
5079,0.04745028548926954
5080,0.04744094488188976
5081,0.04743160795119071
5082,0.047422274695001966
5083,0.047412945111154826
5084,0.047403619197482295
5085,0.04739429695181908
5086,0.04738497837200157
5087,0.0473756634558679
5088,0.047366352201257865
5089,0.04735704460601297
5090,0.04734774066797642
5091,0.04733844038499312
5092,0.04732914375490966
5093,0.04731985077557432
5094,0.047310561444837064
5095,0.04730127576054956
5096,0.04729199372056515
5097,0.047282715322738866
5098,0.047273440564927424
5099,0.047264169444989214
5100,0.047254901960784315
5101,0.04724563811017447
5102,0.047236377891023126
5103,0.04722712130119538
5104,0.04721786833855799
5105,0.04720861900097943
5106,0.04719937328632981
5107,0.04719013119248091
5108,0.04718089271730619
5109,0.04717165785868076
5110,0.04716242661448141
5111,0.047153198982586575
5112,0.04714397496087637
5113,0.047134754547232545
5114,0.04712553773953852
5115,0.04711632453567938
5116,0.04710711493354183
5117,0.047097908931014267
5118,0.047088706525986714
5119,0.04707950771635085
5120,0.0470703125
5121,0.04706112087482914
5122,0.04705193283873487
5123,0.04704274838961546
5124,0.0470335675253708
5125,0.04702439024390244
5126,0.04701521654311354
5127,0.047006046420908915
5128,0.046996879875195005
5129,0.0469877169038799
5130,0.04697855750487329
5131,0.046969401676086535
5132,0.04696024941543258
5133,0.046951100720826026
5134,0.04694195559018309
5135,0.04693281402142162
5136,0.04692367601246106
5137,0.0469145415612225
5138,0.04690541066562865
5139,0.046896283323603814
5140,0.04688715953307393
5141,0.046878039291966545
5142,0.046868922598210815
5143,0.046859809449737506
5144,0.046850699844479
5145,0.04684159378036929
5146,0.04683249125534396
5147,0.0468233922673402
5148,0.046814296814296816
5149,0.046805204894154205
5150,0.04699029126213592
5151,0.046981168705105804
5152,0.04697204968944099
5153,0.04696293421307976
5154,0.04695382227396197
5155,0.046944713870029096
5156,0.04693560899922421
5157,0.04692650765949195
5158,0.046917409848778596
5159,0.046908315565031986
5160,0.04689922480620155
5161,0.04689013757023833
5162,0.046881053855094924
5163,0.04687197365872555
5164,0.04686289697908598
5165,0.04685382381413359
5166,0.04684475416182733
5167,0.04683568802012773
5168,0.0468266253869969
5169,0.04681756626039853
5170,0.04680851063829787
5171,0.04679945851866177
5172,0.046790409899458624
5173,0.04697467620336362
5174,0.0469655972168535
5175,0.04695652173913043
5176,0.04694744976816074
5177,0.0469383813019123
5178,0.04692931633835458
5179,0.04692025487545858
5180,0.04691119691119691
5181,0.046902142443543716
5182,0.04689309147047472
5183,0.0468840439899672
5184,0.046875
5185,0.04686595949855352
5186,0.04685692248360972
5187,0.04684788895315211
5188,0.046838858905165766
5189,0.04682983233763731
5190,0.04682080924855491
5191,0.046811789635908305
5192,0.04699537750385208
5193,0.04698632774889274
5194,0.04697728147862919
5195,0.04696823869104909
5196,0.04695919938414165
5197,0.04695016355589764
5198,0.04694113120430935
5199,0.04693210232737065
5200,0.04692307692307692
5201,0.04691405498942511
5202,0.04690503652441369
5203,0.04689602152604267
5204,0.04688700999231361
5205,0.04687800192122959
5206,0.04686899731079524
5207,0.04685999615901671
5208,0.04685099846390169
5209,0.04703397965060472
5210,0.04702495201535509
5211,0.04701592784494339
5212,0.047006907137375285
5213,0.04699788989065797
5214,0.046988876102800156
5215,0.04697986577181208
5216,0.04697085889570552
5217,0.04696185547249377
5218,0.04695285550019165
5219,0.04694385897681548
5220,0.04693486590038314
5221,0.046925876268914
5222,0.04691689008042895
5223,0.04690790733295041
5224,0.046898928024502295
5225,0.04688995215311005
5226,0.046880979716800615
5227,0.04687201071360245
5228,0.046863045141545524
5229,0.04685408299866131
5230,0.04684512428298279
5231,0.04683616899254445
5232,0.047018348623853214
5233,0.047009363653735904
5234,0.04700038211692778
5235,0.04699140401146132
5236,0.046982429335370515
5237,0.04697345808669085
5238,0.046964490263459335
5239,0.04695552586371445
5240,0.046946564885496186
5241,0.04693760732684602
5242,0.04692865318580695
5243,0.04691970246042342
5244,0.04691075514874142
5245,0.04690181124880839
5246,0.04689287075867327
5247,0.046883933676386505
5248,0.046875
5249,0.046866069727567156
5250,0.046857142857142854
5251,0.04703865930298991
5252,0.04702970297029703
5253,0.047020750047591854
5254,0.04701180053292729
5255,0.047002854424357754
5256,0.046993911719939115
5257,0.04698497241772874
5258,0.04697603651578547
5259,0.046967104012169615
5260,0.046958174904942966
5261,0.046949249192168786
5262,0.04694032687191182
5263,0.04693140794223827
5264,0.04692249240121581
5265,0.04691358024691358
5266,0.0469046714774022
5267,0.04689576609075375
5268,0.04688686408504176
5269,0.04687796545834124
5270,0.04686907020872865
5271,0.04686017833428192
5272,0.04685128983308042
5273,0.046842404703205005
5274,0.04683352294273796
5275,0.04682464454976303
5276,0.04681576952236543
5277,0.0468068978586318
5278,0.046798029556650245
5279,0.046789164614510326
5280,0.04678030303030303
5281,0.04696080287824276
5282,0.046951912154486936
5283,0.04694302479651713
5284,0.046934140802422405
5285,0.04692526017029328
5286,0.047105561861521
5287,0.04709665216568943
5288,0.047087745839636916
5289,0.047078842881452074
5290,0.04706994328922495
5291,0.04706104706104706
5292,0.04705215419501134
5293,0.04704326468921217
5294,0.04703437854174537
5295,0.04702549575070822
5296,0.04701661631419939
5297,0.04700774023031905
5298,0.04699886749716874
5299,0.04698999811285148
5300,0.0469811320754717
5301,0.04697226938313526
5302,0.04696341003394945
5303,0.046954554026023006
5304,0.04694570135746606
5305,0.0469368520263902
5306,0.0469280060309084
5307,0.04710759374411155
5308,0.04709871891484552
5309,0.04708984742889433
5310,0.047080979284369114
5311,0.047072114479382414
5312,0.04725150602409638
5313,0.04724261246000377
5314,0.047233722243131354
5315,0.04722483537158984
5316,0.047215951843491345
5317,0.04720707165694941
5318,0.047198194810078975
5319,0.04718932130099643
5320,0.04718045112781955
5321,0.047171584288667544
5322,0.04716272078166103
5323,0.047153860604922035
5324,0.047145003756574
5325,0.04713615023474178
5326,0.04712730003755163
5327,0.04711845316313122
5328,0.04710960960960961
5329,0.047100769375117285
5330,0.04709193245778612
5331,0.04708309885574939
5332,0.04707426856714179
5333,0.04706544159009938
5334,0.047056617922759655
5335,0.04704779756326148
5336,0.04703898050974513
5337,0.04703016676035226
5338,0.047021356313225925
5339,0.047012549166510584
5340,0.04700374531835206
5341,0.046994944766897584
5342,0.04698614751029577
5343,0.04697735354669661
5344,0.046968562874251496
5345,0.04695977549111319
5346,0.04695099139543584
5347,0.046942210585374976
5348,0.04693343305908751
5349,0.04692465881473173
5350,0.04691588785046729
5351,0.046907120164455245
5352,0.046898355754858
5353,0.04707640575378293
5354,0.047067612999626446
5355,0.047058823529411764
5356,0.04705003734129948
5357,0.04704125443345156
5358,0.047219111608809254
5359,0.04721030042918455
5360,0.047201492537313434
5361,0.04719268793135609
5362,0.04718388660947408
5363,0.04717508856983032
5364,0.047166293810589115
5365,0.047157502329916126
5366,0.04714871412597838
5367,0.04713992919694429
5368,0.0471311475409836
5369,0.04712236915626746
5370,0.04711359404096834
5371,0.0471048221932601
5372,0.047096053611317946
5373,0.047087288293318444
5374,0.04707852623743952
5375,0.04706976744186046
5376,0.047061011904761904
5377,0.04705225962432583
5378,0.04704351059873559
5379,0.04703476482617587
5380,0.04721189591078067
5381,0.047203122096264635
5382,0.04719435154217763
5383,0.047185584246702585
5384,0.04717682020802377
5385,0.047168059424326836
5386,0.04715930189379874
5387,0.04715054761462781
5388,0.04714179658500371
5389,0.04713304880311746
5390,0.04712430426716141
5391,0.04730105731775181
5392,0.047292284866468845
5393,0.04728351566845911
5394,0.047274749721913235
5395,0.047265987025023166
5396,0.04725722757598221
5397,0.04724847137298499
5398,0.04723971841422749
5399,0.04723096869790702
5400,0.04722222222222222
5401,0.04721347898537308
5402,0.04720473898556091
5403,0.04719600222098834
5404,0.04718726868985936
5405,0.04717853839037928
5406,0.04716981132075472
5407,0.04716108747919364
5408,0.04715236686390532
5409,0.04732852652985765
5410,0.04731977818853974
5411,0.047311033080761414
5412,0.04730229120473023
5413,0.04729355255865509
5414,0.04728481714074621
5415,0.04727608494921514
5416,0.047267355982274745
5417,0.04725863023813919
5418,0.04724990771502399
5419,0.04724118841114597
5420,0.047232472324723246
5421,0.04722375945397528
5422,0.047215049797122835
5423,0.04720634335238798
5424,0.0471976401179941
5425,0.0471889400921659
5426,0.047364541098415036
5427,0.04754007739082366
5428,0.0475313190862196
5429,0.047522564008104624
5430,0.04751381215469613
5431,0.047505063524212854
5432,0.047496318114874814
5433,0.047487575924903366
5434,0.04766286345233714
5435,0.04765409383624655
5436,0.04764532744665195
5437,0.047636564281773035
5438,0.04762780433983082
5439,0.047619047619047616
5440,0.047610294117647056
5441,0.04760154383385407
5442,0.04759279676589489
5443,0.04758405291199706
5444,0.04757531227038942
5445,0.047566574839302114
5446,0.04755784061696658
5447,0.04754910960161557
5448,0.047540381791483115
5449,0.04753165718480455
5450,0.04752293577981651
5451,0.04751421757475693
5452,0.047505502567865
5453,0.04749679075738126
5454,0.04748808214154749
5455,0.04747937671860678
5456,0.04747067448680352
5457,0.04746197544438336
5458,0.04745327958959326
5459,0.047444586920681445
5460,0.047435897435897434
5461,0.047427211133492034
5462,0.04760161113145368
5463,0.047592897675269995
5464,0.04758418740849195
5465,0.04757548032936871
5466,0.04756677643615075
5467,0.04755807572708981
5468,0.04773226042428676
5469,0.047723532638507954
5470,0.047714808043875685
5471,0.0477060866386401
5472,0.047697368421052634
5473,0.04768865338936598
5474,0.04767994154183412
5475,0.04767123287671233
5476,0.04766252739225712
5477,0.04783640679203944
5478,0.04782767433369843
5479,0.047818945062967695
5480,0.04781021897810219
5481,0.04780149607735815
5482,0.04779277635899307
5483,0.047966441728980486
5484,0.04795769511305616
5485,0.0479489516864175
5486,0.048122493620123954
5487,0.04811372334609076
5488,0.048104956268221574
5489,0.04809619238476954
5490,0.048087431693989074
5491,0.04807867419413586
5492,0.04806991988346686
5493,0.0480611687602403
5494,0.04805242082271569
5495,0.04804367606915377
5496,0.048034934497816595
5497,0.048026196106967435
5498,0.04801746089487086
5499,0.04800872885979269
5500,0.048
5501,0.047991274313761136
5502,0.04798255179934569
5503,0.04797383245502453
5504,0.04796511627906977
5505,0.04795640326975477
5506,0.04794769342535416
5507,0.04793898674414382
5508,0.0481118373275236
5509,0.048103104011617354
5510,0.04809437386569873
5511,0.0480856468880421
5512,0.04807692307692308
5513,0.04806820243061854
5514,0.048059484947406604
5515,0.04805077062556664
5516,0.048042059463379264
5517,0.048033351459126336
5518,0.048024646611090974
5519,0.04801594491755753
5520,0.04800724637681159
5521,0.04799855098714001
5522,0.04798985874683086
5523,0.047981169654173456
5524,0.047972483707458366
5525,0.04796380090497738
5526,0.047955121245023526
5527,0.04794644472589108
5528,0.04811866859623734
5529,0.048109965635738834
5530,0.04810126582278481
5531,0.04809256915566805
5532,0.04808387563268257
5533,0.04807518525212362
5534,0.04806649801228768
5535,0.04805781391147245
5536,0.04804913294797688
5537,0.04804045512010114
5538,0.04803178042614662
5539,0.04802310886441596
5540,0.048014440433213
5541,0.04800577513084281
5542,0.047997112955611695
5543,0.04798845390582717
5544,0.047979797979797977
5545,0.04797114517583408
5546,0.04796249549224666
5547,0.047953848927348115
5548,0.04794520547945205
5549,0.04793656514687331
5550,0.04792792792792793
5551,0.04791929382093316
5552,0.047910662824207494
5553,0.04808211777417612
5554,0.04807346056895931
5555,0.048064806480648065
5556,0.048056155507559394
5557,0.048047507648011516
5558,0.04803886290032386
5559,0.04803022126281705
5560,0.04802158273381295
5561,0.0480129473116346
5562,0.04800431499460626
5563,0.04799568578105339
5564,0.04798705966930266
5565,0.04797843665768194
5566,0.047969816744520305
5567,0.04796119992814801
5568,0.047952586206896554
5569,0.04794397557909858
5570,0.04793536804308797
5571,0.04792676359719979
5572,0.04791816223977028
5573,0.04790956396913691
5574,0.04790096878363832
5575,0.04789237668161435
5576,0.047883787661406024
5577,0.047875201721355565
5578,0.047866618859806385
5579,0.04803728266714465
5580,0.04802867383512545
5581,0.048020068088156245
5582,0.04801146542457901
5583,0.04800286584273688
5584,0.04799426934097421
5585,0.04798567591763653
5586,0.047977085571070534
5587,0.04796849829962413
5588,0.047959914101646385
5589,0.047951332975487565
5590,0.047942754919499106
5591,0.047934179932033624
5592,0.04792560801144492
5593,0.04791703915608797
5594,0.047908473364318915
5595,0.047899910634495085
5596,0.04789135096497498
5597,0.047882794354118276
5598,0.047874240800285815
5599,0.04786569030183961
5600,0.047857142857142855
5601,0.0478485984645599
5602,0.047840057122456266
5603,0.047831518829198644
5604,0.04782298358315489
5605,0.04781445138269402
5606,0.04780592222618623
5607,0.04779739611200285
5608,0.04778887303851641
5609,0.04778035300410055
5610,0.04777183600713013
5611,0.04776332204598111
5612,0.04775481111903065
5613,0.04774630322465705
5614,0.04773779836123976
5615,0.0477292965271594
5616,0.04772079772079772
5617,0.04771230194053765
5618,0.04770380918476326
5619,0.047695319451859765
5620,0.04768683274021352
5621,0.04767834904821206
5622,0.04766986837424404
5623,0.047661390716699274
5624,0.0476529160739687
5625,0.04764444444444445
5626,0.04763597582651973
5627,0.04762751021858894
5628,0.047619047619047616
5629,0.047610588026292415
5630,0.047602131438721135
5631,0.04759367785473273
5632,0.04758522727272727
5633,0.047576779691105985
5634,0.04756833510827121
5635,0.04755989352262644
5636,0.047551454932576294
5637,0.04754301933652652
5638,0.047534586732884
5639,0.04752615712005675
5640,0.0475177304964539
5641,0.04750930686048573
5642,0.04750088621056363
5643,0.04749246854510012
5644,0.04748405386250886
5645,0.047475642161204604
5646,0.04746723343960326
5647,0.047458827696121836
5648,0.04745042492917847
5649,0.04744202513719242
5650,0.04743362831858407
5651,0.04742523447177491
5652,0.047416843595187545
5653,0.04740845568724571
5654,0.04740007074637425
5655,0.04739168877099911
5656,0.04738330975954738
5657,0.04737493371044724
5658,0.04736656062212796
5659,0.047358190493019967
5660,0.04734982332155477
5661,0.04734145910616499
5662,0.047333097845284354
5663,0.0473247395373477
5664,0.04731638418079096
5665,0.04730803177405119
5666,0.047299682315566534
5667,0.04729133580377625
5668,0.04728299223712068
5669,0.04727465161404128
5670,0.0472663139329806
5671,0.047257979192382296
5672,0.04724964739069112
5673,0.0472413185263529
5674,0.04723299259781459
5675,0.04722466960352423
5676,0.047216349541930935
5677,0.04720803241148494
5678,0.04719971821063755
5679,0.04719140693784117
5680,0.047183098591549295
5681,0.047174793170216514
5682,0.047166490672298486
5683,0.04715819109625198
5684,0.047149894440534836
5685,0.04714160070360598
5686,0.04713330988392543
5687,0.04712502197995428
5688,0.047116736990154715
5689,0.04710845491298998
5690,0.047100175746924426
5691,0.04709189949042347
5692,0.04708362614195362
5693,0.04707535569998243
5694,0.047067088162978575
5695,0.047058823529411764
5696,0.047050561797752806
5697,0.04704230296647358
5698,0.04703404703404703
5699,0.047025793998947185
5700,0.047017543859649125
5701,0.04700929661462901
5702,0.04700105226236408
5703,0.046992810801332635
5704,0.046984572230014024
5705,0.046976336546888695
5706,0.04696810375043813
5707,0.04695987383914491
5708,0.046951646811492644
5709,0.04694342266596602
5710,0.046935201401050786
5711,0.04692698301523376
5712,0.0469187675070028
5713,0.04691055487484684
5714,0.04690234511725586
5715,0.04689413823272091
5716,0.04688593421973408
5717,0.046877733076788525
5718,0.04686953480237845
5719,0.046861339394999126
5720,0.04685314685314685
5721,0.046844957175319
5722,0.046836770360013984
5723,0.04682858640573126
5724,0.04682040531097135
5725,0.04681222707423581
5726,0.046804051694027245
5727,0.04679587916884931
5728,0.0467877094972067
5729,0.04677954267760517
5730,0.046771378708551484
5731,0.04676321758855348
5732,0.04675505931612003
5733,0.046746903889761035
5734,0.04673875130798744
5735,0.04673060156931125
5736,0.046722454672245464
5737,0.046714310615304164
5738,0.04670616939700244
5739,0.04669803101585642
5740,0.046689895470383276
5741,0.0466817627591012
5742,0.046673632880529434
5743,0.04666550583318823
5744,0.04665738161559889
5745,0.046649260226283726
5746,0.046641141663766095
5747,0.046633025926570384
5748,0.04662491301322199
5749,0.04661680292224735
5750,0.04660869565217391
5751,0.04660059120153017
5752,0.04659248956884562
5753,0.04658439075265079
5754,0.04657629475147723
5755,0.04656820156385751
5756,0.046560111188325225
5757,0.04655202362341497
5758,0.04654393886766238
5759,0.046535856919604095
5760,0.04652777777777778
5761,0.046519701440722094
5762,0.046511627906976744
5763,0.04650355717508242
5764,0.046495489243580844
5765,0.046487424111014745
5766,0.046479361775927854
5767,0.04647130223686492
5768,0.046463245492371706
5769,0.04645519154099497
5770,0.046447140381282497
5771,0.046439092011783055
5772,0.04643104643104643
5773,0.04642300363762342
5774,0.046414963630065816
5775,0.04640692640692641
5776,0.046398891966759004
5777,0.0463908603081184
5778,0.0463828314295604
5779,0.046374805329641805
5780,0.04636678200692042
5781,0.046358761459955024
5782,0.04635074368730543
5783,0.04634272868753242
5784,0.04633471645919779
5785,0.0463267070008643
5786,0.04631870031109575
5787,0.04631069638845688
5788,0.04630269523151347
5789,0.04629469683883227
5790,0.046286701208981
5791,0.046278708340528406
5792,0.0462707182320442
5793,0.04626273088209908
5794,0.04625474628926476
5795,0.04624676445211389
5796,0.04623878536922015
5797,0.04623080903915819
5798,0.046222835460503625
5799,0.04621486463183307
5800,0.046206896551724136
5801,0.04619893121875539
5802,0.046190968631506374
5803,0.04618300878855764
5804,0.0461750516884907
5805,0.04616709732988803
5806,0.0461591457113331
5807,0.04615119683141037
5808,0.046143250688705235
5809,0.046135307281804094
5810,0.04612736660929432
5811,0.04611942866976424
5812,0.04611149346180317
5813,0.046103560984001375
5814,0.04609563123495012
5815,0.04608770421324162
5816,0.04607977991746905
5817,0.046071858346226575
5818,0.046063939498109316
5819,0.046056023371713356
5820,0.04604810996563574
5821,0.04604019927847449
5822,0.046032291308828584
5823,0.046024386055297954
5824,0.04601648351648352
5825,0.04600858369098713
5826,0.046000686577411604
5827,0.04599279217436073
5828,0.04598490048043926
5829,0.04597701149425287
5830,0.045969125214408234
5831,0.04596124163951295
5832,0.045953360768175584
5833,0.04594548259900566
5834,0.04593760713061364
5835,0.04592973436161097
5836,0.04592186429061001
5837,0.04591399691622409
5838,0.045906132237067486
5839,0.04589827025175544
5840,0.04589041095890411
5841,0.04588255435713063
5842,0.04587470044505306
5843,0.04586684922129043
5844,0.0458590006844627
5845,0.045851154833190765
5846,0.045843311666096474
5847,0.04583547118180263
5848,0.04582763337893297
5849,0.045819798256112154
5850,0.04581196581196581
5851,0.04580413604512049
5852,0.04579630895420369
5853,0.04578848453784384
5854,0.04578066279467031
5855,0.04577284372331341
5856,0.045765027322404374
5857,0.04575721359057538
5858,0.045749402526459544
5859,0.0457415941286909
5860,0.04573378839590444
5861,0.04589660467497014
5862,0.04588877516206073
5863,0.04588094831997271
5864,0.0458731241473397
5865,0.04586530264279625
5866,0.04585748380497784
5867,0.04584966763252088
5868,0.04584185412406271
5869,0.04583404327824161
5870,0.045826235093696766
5871,0.0458184295690683
5872,0.04581062670299728
5873,0.04580282649412566
5874,0.045795028941096355
5875,0.04578723404255319
5876,0.04577944179714091
5877,0.04577165220350519
5878,0.045763865260292615
5879,0.045756080966150706
5880,0.04574829931972789
5881,0.045740520319673524
5882,0.045732743964637876
5883,0.04572497025327214
5884,0.04571719918422842
5885,0.04570943075615973
5886,0.04570166496772001
5887,0.04569390181756412
5888,0.045686141304347824
5889,0.045678383426727795
5890,0.04567062818336163
5891,0.045662875572907824
5892,0.0456551255940258
5893,0.04564737824537587
5894,0.045639633525619276
5895,0.04563189143341815
5896,0.04562415196743555
5897,0.04561641512633542
5898,0.04560868090878264
5899,0.045600949313442954
5900,0.045593220338983054
5901,0.045585493984070496
5902,0.04557777024737377
5903,0.045570049127562254
5904,0.04556233062330623
5905,0.045554614733276884
5906,0.045546901456146295
5907,0.045539190790587436
5908,0.04553148273527421
5909,0.045523777288881365
5910,0.045516074450084605
5911,0.04550837421756048
5912,0.045500676589986466
5913,0.045492981566040924
5914,0.04548528914440311
5915,0.04547759932375317
5916,0.04563894523326572
5917,0.04563123204326517
5918,0.04562352145995269
5919,0.045784760939347864
5920,0.045777027027027024
5921,0.04576929572707313
5922,0.04576156703816278
5923,0.045753840958973495
5924,0.04574611748818366
5925,0.04590717299578059
5926,0.045899426257171784
5927,0.045891682132613465
5928,0.04588394062078273
5929,0.045876201720357564
5930,0.045868465430016866
5931,0.045860731748440395
5932,0.045853000674308836
5933,0.045845272206303724
5934,0.045837546343107514
5935,0.04582982308340354
5936,0.04582210242587601
5937,0.04581438436921004
5938,0.04580666891209161
5939,0.045798956053207614
5940,0.04579124579124579
5941,0.0457835381248948
5942,0.04577583305284416
5943,0.04576813057378428
5944,0.04576043068640646
5945,0.04575273338940286
5946,0.04574503868146653
5947,0.04573734656129141
5948,0.04572965702757229
5949,0.04572197007900487
5950,0.045714285714285714
5951,0.04570660393211225
5952,0.0456989247311828
5953,0.045691248110196536
5954,0.04568357406785355
5955,0.04584382871536524
5956,0.045836131631967765
5957,0.045828437132784956
5958,0.04582074521651561
5959,0.045813055881859376
5960,0.04580536912751678
5961,0.04579768495218923
5962,0.045790003354579
5963,0.04578232433338923
5964,0.045774647887323945
5965,0.045934618608549874
5966,0.04592691920885015
5967,0.045919222389810624
5968,0.04591152815013405
5969,0.045903836488524044
5970,0.04589614740368509
5971,0.04588846089432256
5972,0.045880776959142666
5973,0.0458730955968525
5974,0.04586541680616003
5975,0.045857740585774055
5976,0.04601740294511379
5977,0.04600970386481512
5978,0.046169287387085985
5979,0.04616156547917712
5980,0.046153846153846156
5981,0.04631332553084769
5982,0.04630558341691742
5983,0.04629784389102457
5984,0.046290106951871655
5985,0.04628237259816207
5986,0.04627464082860007
5987,0.046266911641890764
5988,0.04625918503674015
5989,0.046251461011855066
5990,0.046243739565943236
5991,0.04623602069771324
5992,0.0462283044058745
5993,0.04622059068913733
5994,0.046379713046379716
5995,0.046371976647206006
5996,0.046364242828552366
5997,0.046356511589127895
5998,0.046348782927642544
5999,0.046341056842807135
6000,0.04633333333333333
6001,0.04632561239793368
6002,0.046317894035321557
6003,0.04631017824421123
6004,0.046302465023317786
6005,0.0462947543713572
6006,0.04628704628704629
6007,0.046279340769102714
6008,0.046271637816245006
6009,0.04626393742719254
6010,0.04625623960066556
6011,0.046248544335385125
6012,0.04624085163007319
6013,0.04623316148345252
6014,0.046225473894246756
6015,0.04638403990024938
6016,0.04637632978723404
6017,0.04636862223699518
6018,0.04636091724825524
6019,0.0463532148197375
6020,0.046511627906976744
6021,0.04650390300614516
6022,0.046496180670873466
6023,0.04648846089988378
6024,0.04648074369189907
6025,0.046473029045643155
6026,0.04646531695984069
6027,0.04645760743321719
6028,0.046449900464499004
6029,0.046442196052413336
6030,0.04660033167495854
6031,0.04659260487481346
6032,0.04658488063660478
6033,0.046577158959058514
6034,0.04656943984090156
6035,0.04656172328086164
6036,0.04655400927766733
6037,0.04654629783004804
6038,0.046538588936734016
6039,0.046530882596456366
6040,0.04652317880794702
6041,0.04651547756993875
6042,0.046507778881165175
6043,0.04650008274036075
6044,0.046492389146260756
6045,0.04648469809760132
6046,0.046477009593119414
6047,0.04646932363155284
6048,0.04646164021164021
6049,0.046453959332121014
6050,0.04644628099173554
6051,0.04643860518922492
6052,0.04643093192333113
6053,0.04642326119279696
6054,0.04641559299636604
6055,0.046407927332782824
6056,0.0464002642007926
6057,0.04639260359914149
6058,0.046384945526576425
6059,0.04637728998184519
6060,0.04636963696369637
6061,0.04636198647087939
6062,0.04635433850214451
6063,0.04634669305624278
6064,0.04633905013192612
6065,0.04633140972794724
6066,0.04632377184305968
6067,0.0463161364760178
6068,0.046473302570863545
6069,0.046465645081562035
6070,0.04645799011532125
6071,0.04645033767089442
6072,0.046442687747035576
6073,0.04643504034249959
6074,0.046427395456042145
6075,0.046419753086419754
6076,0.04641211323238973
6077,0.04640447589271022
6078,0.04639684106614018
6079,0.046389208751439384
6080,0.046546052631578946
6081,0.04653839828975497
6082,0.04653074646497862
6083,0.046523097156008546
6084,0.046515450361604205
6085,0.04650780608052588
6086,0.0466644758462044
6087,0.04665680959421718
6088,0.04664914586070959
6089,0.046641484644440796
6090,0.04663382594417077
6091,0.04662616975866032
6092,0.046618516086671044
6093,0.04661086492696537
6094,0.04660321627830653
6095,0.04659557013945857
6096,0.046587926509186355
6097,0.046580285386255534
6098,0.0465726467694326
6099,0.046565010657484834
6100,0.04655737704918033
6101,0.046549745943287986
6102,0.046542117338577514
6103,0.04653449123381943
6104,0.04652686762778506
6105,0.04651924651924652
6106,0.04667540124467737
6107,0.04666775831013591
6108,0.046660117878192534
6109,0.046652479947618265
6110,0.046644844517184945
6111,0.046800850924562265
6112,0.046793193717277484
6113,0.04678553901521348
6114,0.046777886817140985
6115,0.046770237121831565
6116,0.046762589928057555
6117,0.04675494523459212
6118,0.04674730304020922
6119,0.04673966334368361
6120,0.04673202614379085
6121,0.0467243914393073
6122,0.04671675922901013
6123,0.0468724481463335
6124,0.046864794252122796
6125,0.047020408163265304
6126,0.04701273261508325
6127,0.04700505957238453
6128,0.04699738903394256
6129,0.04698972099853157
6130,0.04698205546492659
6131,0.04697439243190344
6132,0.046966731898238745
6133,0.04695907386270993
6134,0.046951418324095204
6135,0.0469437652811736
6136,0.0469361147327249
6137,0.046928466677529736
6138,0.0469208211143695
6139,0.04691317804202639
6140,0.046905537459283386
6141,0.04689789936492428
6142,0.046890263757733634
6143,0.04688263063649683
6144,0.046875
6145,0.046867371847030104
6146,0.04685974617637488
6147,0.04685212298682284
6148,0.0468445022771633
6149,0.04683688404618637
6150,0.04682926829268293
6151,0.04682165501544464
6152,0.04681404421326398
6153,0.04680643588493418
6154,0.04679883002924927
6155,0.04679122664500406
6156,0.04678362573099415
6157,0.04677602728601592
6158,0.046768431308866515
6159,0.046760837798343884
6160,0.046753246753246755
6161,0.04674565817237462
6162,0.04673807205452775
6163,0.04673048839850722
6164,0.04672290720311486
6165,0.04671532846715328
6166,0.04670775218942588
6167,0.04670017836873683
6168,0.04669260700389105
6169,0.04668503809369428
6170,0.046677471636952995
6171,0.04666990763247448
6172,0.046662346079066754
6173,0.04665478697553863
6174,0.04664723032069971
6175,0.046639676113360326
6176,0.046632124352331605
6177,0.04662457503642545
6178,0.04661702816445452
6179,0.046609483735232236
6180,0.04660194174757282
6181,0.046594402200291214
6182,0.046586865092203174
6183,0.046579330422125184
6184,0.04657179818887452
6185,0.0465642683912692
6186,0.04655674102812803
6187,0.04654921609827057
6188,0.04654169360051713
6189,0.0465341735336888
6190,0.046526655896607434
6191,0.04651914068809562
6192,0.046511627906976744
6193,0.046504117552074925
6194,0.046496609622215045
6195,0.04648910411622276
6196,0.046481601032924466
6197,0.04647410037114733
6198,0.046466602129719266
6199,0.046459106307468946
6200,0.04645161290322581
6201,0.04644412191582003
6202,0.04643663334408255
6203,0.04642914718684508
6204,0.04642166344294004
6205,0.046414182111200644
6206,0.04640670319046084
6207,0.04639922667955534
6208,0.04639175257731959
6209,0.046384280882589786
6210,0.0463768115942029
6211,0.046369344710996616
6212,0.0463618802318094
6213,0.04635441815548044
6214,0.046346958480849694
6215,0.046339501206757845
6216,0.04633204633204633
6217,0.046324593855557344
6218,0.04631714377613381
6219,0.04630969609261939
6220,0.04630225080385852
6221,0.04629480790869635
6222,0.04628736740597879
6223,0.04627992929455247
6224,0.04627249357326478
6225,0.04626506024096386
6226,0.046257629296498556
6227,0.04625020073871849
6228,0.046242774566473986
6229,0.04623535077861615
6230,0.04622792937399679
6231,0.046220510351468465
6232,0.04621309370988447
6233,0.04620567944809883
6234,0.04619826756496631
6235,0.04619085805934242
6236,0.046183450930083386
6237,0.046176046176046176
6238,0.04616864379608849
6239,0.04616124378906876
6240,0.046153846153846156
6241,0.046146450889280564
6242,0.04613905799423262
6243,0.04613166746756367
6244,0.04612427930813581
6245,0.04611689351481185
6246,0.04610951008645533
6247,0.046102129021930525
6248,0.046094750320102434
6249,0.046087373979836775
6250,0.04608
6251,0.04607262837945929
6252,0.046065259117082535
6253,0.046057892211738366
6254,0.04605052766229613
6255,0.0460431654676259
6256,0.04603580562659847
6257,0.04602844813808534
6258,0.046021093000958774
6259,0.04617351014539064
6260,0.04616613418530351
6261,0.04615876058137678
6262,0.046151389332481633
6263,0.04614402043749002
6264,0.04613665389527458
6265,0.0461292897047087
6266,0.04612192786466646
6267,0.04611456837402266
6268,0.04610721123165284
6269,0.046099856436433245
6270,0.04609250398724083
6271,0.04608515388295328
6272,0.04607780612244898
6273,0.04607046070460705
6274,0.0460631176283073
6275,0.04605577689243028
6276,0.046048438495857234
6277,0.04604110243747013
6278,0.04603376871615164
6279,0.04602643733078516
6280,0.046019108280254774
6281,0.04601178156344531
6282,0.04600445717924228
6283,0.04599713512653191
6284,0.04598981540420115
6285,0.04598249801113763
6286,0.045975182946229716
6287,0.04596787020836647
6288,0.04596055979643766
6289,0.04595325170933376
6290,0.04594594594594595
6291,0.04593864250516611
6292,0.045931341385886844
6293,0.04592404258700143
6294,0.04591674610740388
6295,0.04590945194598888
6296,0.045902160101651844
6297,0.045894870573288865
6298,0.04588758335979676
6299,0.04588029846007303
6300,0.04587301587301587
6301,0.0458657355975242
6302,0.04585845763249762
6303,0.04585118197683643
6304,0.045843908629441626
6305,0.045836637589214906
6306,0.04582936885505867
6307,0.04582210242587601
6308,0.045814838300570704
6309,0.045807576478047236
6310,0.04580031695721078
6311,0.0457930597369672
6312,0.04578580481622307
6313,0.04577855219388563
6314,0.04577130186886284
6315,0.045764053840063344
6316,0.04575680810639645
6317,0.0457495646667722
6318,0.0457423235201013
6319,0.04573508466529514
6320,0.045727848101265824
6321,0.04572061382692612
6322,0.0457133818411895
6323,0.04570615214297011
6324,0.0456989247311828
6325,0.045691699604743084
6326,0.04584255453683212
6327,0.04583530899320373
6328,0.04582806573957016
6329,0.04582082477484595
6330,0.045813586097946286
6331,0.04580634970778708
6332,0.0457991156032849
6333,0.04579188378335702
6334,0.04578465424692137
6335,0.04593528018942383
6336,0.045928030303030304
6337,0.045920782704749884
6338,0.04591353739349953
6339,0.045906294368196876
6340,0.045899053627760256
6341,0.04589181517110866
6342,0.04588457899716178
6343,0.045877345104839984
6344,0.045870113493064316
6345,0.0458628841607565
6346,0.045855657106838955
6347,0.04584843233023476
6348,0.045841209829867675
6349,0.04599149472357852
6350,0.045984251968503934
6351,0.04597701149425287
6352,0.045969773299748114
6353,0.045962537383913114
6354,0.04595530374567202
6355,0.04594807238394965
6356,0.045940843297671494
6357,0.045933616485763724
6358,0.04592639194715319
6359,0.04591916968076742
6360,0.04591194968553459
6361,0.046061939946549287
6362,0.04605469977994341
6363,0.04604746188904605
6364,0.04604022627278441
6365,0.04603299293008641
6366,0.046025761859880616
6367,0.046018533061096274
6368,0.04601130653266332
6369,0.046004082273512326
6370,0.046153846153846156
6371,0.046146601789358026
6372,0.046139359698681735
6373,0.0461321198807469
6374,0.04612488233448384
6375,0.04611764705882353
6376,0.04611041405269762
6377,0.04610318331503842
6378,0.04609595484477893
6379,0.0460887286408528
6380,0.04623824451410658
6381,0.046230998276132265
6382,0.046223754308994044
6383,0.04621651261162463
6384,0.046209273182957394
6385,0.04620203602192639
6386,0.04619480112746633
6387,0.046187568498512604
6388,0.04618033813400125
6389,0.046173110032868996
6390,0.04616588419405321
6391,0.04631513065248005
6392,0.04630788485607009
6393,0.04630064132645081
6394,0.04629340006255865
6395,0.04628616106333073
6396,0.046278924327704814
6397,0.04627168985461935
6398,0.04626445764301344
6399,0.04625722769182685
6400,0.04625
6401,0.04639900015622559
6402,0.04639175257731959
6403,0.046384507262220834
6404,0.04637726420986883
6405,0.046370023419203744
6406,0.04651888854199188
6407,0.046511627906976744
6408,0.046504369538077406
6409,0.04665314401622718
6410,0.046645865834633385
6411,0.04663858992356887
6412,0.046631316281971306
6413,0.04662404490877904
6414,0.04661677580293109
6415,0.04660950896336711
6416,0.04660224438902743
6417,0.04659498207885305
6418,0.0465877220317856
6419,0.04673625175260944
6420,0.04672897196261682
6421,0.04672169444011836
6422,0.04671441918405481
6423,0.046707146193367584
6424,0.046699875466998754
6425,0.04669260700389105
6426,0.046840958605664486
6427,0.046833670452777344
6428,0.046826384567517115
6429,0.04697464613470213
6430,0.04696734059097978
6431,0.047115534131550306
6432,0.04710820895522388
6433,0.04710088605627234
6434,0.04709356543363382
6435,0.047086247086247084
6436,0.047078931013051585
6437,0.047071617212987416
6438,0.04706430568499534
6439,0.04705699642801677
6440,0.04720496894409938
6441,0.0471976401179941
6442,0.04719031356721515
6443,0.04718298929070309
6444,0.0473308504034761
6445,0.047323506594259115
6446,0.04731616506360534
6447,0.04730882581045447
6448,0.0473014888337469
6449,0.04744921693285781
6450,0.04744186046511628
6451,0.04743450627809642
6452,0.04742715437073776
6453,0.04757477142414381
6454,0.047567400061977065
6455,0.04756003098373354
6456,0.04755266418835192
6457,0.047545299674771564
6458,0.047537937441932486
6459,0.04753057748877535
6460,0.047523219814241485
6461,0.04751586441727287
6462,0.047508511296812134
6463,0.04750116045180257
6464,0.04749381188118812
6465,0.04748646558391338
6466,0.0474791215589236
6467,0.047471779805164684
6468,0.04746444032158318
6469,0.047457103107126294
6470,0.04744976816074189
6471,0.047442435481378456
6472,0.047435105067985164
6473,0.04742777691951182
6474,0.04742045103490886
6475,0.047413127413127414
6476,0.04740580605311921
6477,0.04739848695383665
6478,0.047391170114232786
6479,0.047383855533261306
6480,0.04737654320987654
6481,0.047369233143033485
6482,0.04736192533168775
6483,0.04735461977479562
6484,0.047347316471314
6485,0.04749421742482652
6486,0.04748689485044712
6487,0.04747957453368275
6488,0.047472256473489516
6489,0.04746494066882417
6490,0.04745762711864407
6491,0.04745031582190726
6492,0.0474430067775724
6493,0.047435699984598796
6494,0.047428395441946415
6495,0.04742109314857583
6496,0.04741379310344827
6497,0.047406495305525626
6498,0.04739919975377039
6499,0.047391906447145714
6500,0.047384615384615386
6501,0.047377326565143825
6502,0.047370039987696094
6503,0.04736275565123789
6504,0.047355473554735544
6505,0.04734819369715603
6506,0.04734091607746695
6507,0.047333640694636546
6508,0.04732636754763368
6509,0.04731909663542787
6510,0.047311827956989246
6511,0.04730456151128859
6512,0.0472972972972973
6513,0.04729003531398741
6514,0.04728277556033159
6515,0.047275518035303145
6516,0.04742173112338858
6517,0.04741445450360595
6518,0.04740718011660018
6519,0.04739990796134377
6520,0.04739263803680981
6521,0.04738537034197209
6522,0.04737810487580497
6523,0.04737084163728346
6524,0.0473635806253832
6525,0.04735632183908046
6526,0.04734906527735213
6527,0.04734181093917573
6528,0.04733455882352941
6529,0.047327308929391944
6530,0.04732006125574273
6531,0.04731281580156178
6532,0.04730557256582976
6533,0.04729833154752793
6534,0.0472910927456382
6535,0.04728385615914307
6536,0.047276621787025706
6537,0.04726938962826985
6538,0.04726215968185989
6539,0.047254931946780855
6540,0.04724770642201835
6541,0.04739336492890995
6542,0.047386120452461024
6543,0.04737887819043252
6544,0.047371638141809294
6545,0.04736440030557677
6546,0.04735716468072105
6547,0.04734993126622881
6548,0.04734270006108735
6549,0.04733547106428462
6550,0.04732824427480916
6551,0.04732101969165013
6552,0.04731379731379731
6553,0.04730657714024111
6554,0.047299359169972535
6555,0.04729214340198322
6556,0.04728492983526541
6557,0.04727771846881196
6558,0.047270509301616345
6559,0.04726330233267266
6560,0.04725609756097561
6561,0.0472488949855205
6562,0.04724169460530326
6563,0.04738686576260856
6564,0.047379646556977455
6565,0.047524752475247525
6566,0.04751751446847396
6567,0.04751027866605756
6568,0.047503045066991476
6569,0.04749581367026945
6570,0.047488584474885846
6571,0.04748135747983564
6572,0.04747413268411443
6573,0.04746691008671839
6574,0.04745968968664436
6575,0.04745247148288973
6576,0.04744525547445255
6577,0.047438041660331456
6578,0.04743083003952569
6579,0.04742362061103511
6580,0.04741641337386018
6581,0.047409208327001975
6582,0.04740200546946217
6583,0.04739480480024305
6584,0.04738760631834751
6585,0.04738041002277904
6586,0.047373215912541754
6587,0.04736602398664035
6588,0.04735883424408015
6589,0.04735164668386705
6590,0.047344461305007586
6591,0.047337278106508875
6592,0.04733009708737864
6593,0.04732291824662521
6594,0.047315741583257506
6595,0.047308567096285066
6596,0.04730139478471801
6597,0.04729422464756708
6598,0.04728705668384359
6599,0.047279890892559476
6600,0.04727272727272727
6601,0.0472655658233601
6602,0.04725840654347167
6603,0.04725124943207633
6604,0.047244094488188976
6605,0.04723694171082513
6606,0.047229791099000905
6607,0.04722264265173301
6608,0.04721549636803874
6609,0.047208352246935995
6610,0.04720121028744327
6611,0.04719407048857964
6612,0.047186932849364795
6613,0.04717979736881899
6614,0.04717266404596311
6615,0.047165532879818596
6616,0.0471584038694075
6617,0.047151277013752456
6618,0.04729525536415836
6619,0.04728810998640278
6620,0.047280966767371604
6621,0.047273825706086695
6622,0.04726668680157052
6623,0.04725955005284614
6624,0.04740338164251208
6625,0.04739622641509434
6626,0.04738907334741926
6627,0.04738192243850913
6628,0.047374773687386844
6629,0.047367627093075876
6630,0.0473604826546003
6631,0.04735334037098477
6632,0.04734620024125452
6633,0.0473390622644354
6634,0.04733192643955381
6635,0.047324792765636774
6636,0.04731766124171188
6637,0.047310531866807295
6638,0.04730340463995179
6639,0.04729627956017472
6640,0.047289156626506026
6641,0.04728203583797621
6642,0.04727491719361638
6643,0.04726780069245823
6644,0.047260686333534016
6645,0.0472535741158766
6646,0.04724646403851941
6647,0.04723935610049646
6648,0.04723225030084236
6649,0.04722514663859227
6650,0.04721804511278196
6651,0.04721094572244775
6652,0.04720384846662658
6653,0.04719675334435593
6654,0.04718966035467388
6655,0.04718256949661909
6656,0.04717548076923077
6657,0.04716839417154874
6658,0.047161309702613396
6659,0.047154227361465684
6660,0.04714714714714715
6661,0.04714006905869989
6662,0.047132993095166616
6663,0.04712591925559057
6664,0.04711884753901561
6665,0.04711177794448612
6666,0.047104710471047105
6667,0.047097645117744114
6668,0.04709058188362328
6669,0.04708352076773129
6670,0.047076461769115445
6671,0.04706940488682356
6672,0.047062350119904076
6673,0.047055297467405964
6674,0.047048246928378785
6675,0.04704119850187266
6676,0.04703415218693829
6677,0.04702710798262693
6678,0.04716981132075472
6679,0.04716274891450816
6680,0.04715568862275449
6681,0.04714863044454423
6682,0.0472912301706076
6683,0.04728415382313332
6684,0.04727707959305805
6685,0.04727000747943157
6686,0.047412503739156446
6687,0.04740541348885898
6688,0.047398325358851676
6689,0.04739123934818359
6690,0.04753363228699552
6691,0.047526528172171574
6692,0.047519426180514045
6693,0.047512326311071267
6694,0.047654616074096205
6695,0.04764749813293503
6696,0.047640382317801676
6697,0.04778258921905331
6698,0.0479247536578083
6699,0.04791759964173757
6700,0.04791044776119403
6701,0.047903298015221606
6702,0.047896150402864816
6703,0.04788900492316873
6704,0.047881861575179
6705,0.04787472035794183
6706,0.04786758127050403
6707,0.04786044431191293
6708,0.04785330948121646
6709,0.04784617677746311
6710,0.04783904619970194
6711,0.04798092683653703
6712,0.04797377830750894
6713,0.047966631908237745
6714,0.047959487637771823
6715,0.04795234549516009
6716,0.04794520547945205
6717,0.047938067589697785
6718,0.0479309318249479
6719,0.04807262985563328
6720,0.04806547619047619
6721,0.04805832465406933
6722,0.04805117524546266
6723,0.04804402796370668
6724,0.04818560380725759
6725,0.04817843866171004
6726,0.04817127564674398
6727,0.04816411476140925
6728,0.048156956004756245
6729,0.04814979937583593
6730,0.048142644873699854
6731,0.04813549249740009
6732,0.0481283422459893
6733,0.04812119411852072
6734,0.04811404811404811
6735,0.048106904231625836
6736,0.04809976247030879
6737,0.04809262282915244
6738,0.04808548530721282
6739,0.04807834990354652
6740,0.048071216617210685
6741,0.04806408544726302
6742,0.04805695639276179
6743,0.048049829452765834
6744,0.04804270462633452
6745,0.0480355819125278
6746,0.04817669730210495
6747,0.04816955684007707
6748,0.048162418494368704
6749,0.04815528226403912
6750,0.04814814814814815
6751,0.04814101614575619
6752,0.04813388625592417
6753,0.04812675847771361
6754,0.04811963281018656
6755,0.04811250925240563
6756,0.048105387803433985
6757,0.04809826846233536
6758,0.04809115122817401
6759,0.04808403610001479
6760,0.04807692307692308
6761,0.0480698121579648
6762,0.04806270334220645
6763,0.048055596628715065
6764,0.04804849201655825
6765,0.04804138950480414
6766,0.04803428909252143
6767,0.04817496675040638
6768,0.048167848699763594
6769,0.04816073275225292
6770,0.04815361890694239
6771,0.04814650716290061
6772,0.04813939751919669
6773,0.04813228997490034
6774,0.04827280779450841
6775,0.04826568265682657
6776,0.04825855962219599
6777,0.048251438689685705
6778,0.048244319858365296
6779,0.04823720312730491
6780,0.048230088495575224
6781,0.04822297596224746
6782,0.0482158655263934
6783,0.04820875718708536
6784,0.04820165094339623
6785,0.04819454679439941
6786,0.048187444739168875
6787,0.04832768528068366
6788,0.04832056570418385
6789,0.048313448225069965
6790,0.04830633284241532
6791,0.048299219555293774
6792,0.048292108362779744
6793,0.048284999263948185
6794,0.04827789225787459
6795,0.048270787343635026
6796,0.04826368452030606
6797,0.04825658378696484
6798,0.04824948514268903
6799,0.04824238858655685
6800,0.04823529411764706
6801,0.04837523893545067
6802,0.04836812702146428
6803,0.04836101719829487
6804,0.04835390946502058
6805,0.04834680382072006
6806,0.04833970026447253
6807,0.04833259879535772
6808,0.04832549941245593
6809,0.048465266558966075
6810,0.048604992657856096
6811,0.04859785640875055
6812,0.04859072225484439
6813,0.04858359019521503
6814,0.04857646022894042
6815,0.04856933235509905
6816,0.04856220657276995
6817,0.04855508288103271
6818,0.04854796127896744
6819,0.04854084176565479
6820,0.04853372434017595
6821,0.04852660900161267
6822,0.04866608032834946
6823,0.048658947676974935
6824,0.04865181711606096
6825,0.04864468864468865
6826,0.048637562261939646
6827,0.048630437966896145
6828,0.04862331575864089
6829,0.04861619563625714
6830,0.048609077598828695
6831,0.04860196164543991
6832,0.04859484777517564
6833,0.04858773598712132
6834,0.048580626280362894
6835,0.04857351865398683
6836,0.04856641310708017
6837,0.04855930963873044
6838,0.04855220824802574
6839,0.04869132914168738
6840,0.04868421052631579
6841,0.04882327145154217
6842,0.04881613563285589
6843,0.04880900189975157
6844,0.04880187025131502
6845,0.04879474068663258
6846,0.04878761320479112
6847,0.04878048780487805
6848,0.04877336448598131
6849,0.048766243247189374
6850,0.04875912408759124
6851,0.04875200700627646
6852,0.04874489200233508
6853,0.048737779074857726
6854,0.048730668222935515
6855,0.0487235594456601
6856,0.04871645274212369
6857,0.048709348111418985
6858,0.04870224555263925
6859,0.048695145064878265
6860,0.048833819241982504
6861,0.04882670164699023
6862,0.04881958612649373
6863,0.0489581815532566
6864,0.04895104895104895
6865,0.04908958485069192
6866,0.04908243518788232
6867,0.0490752876073977
6868,0.04906814210832848
6869,0.049060998689765614
6870,0.04905385735080058
6871,0.049046718090525396
6872,0.04903958090803259
6873,0.049032445802415246
6874,0.04902531277276695
6875,0.049018181818181815
6876,0.049011052937754505
6877,0.049003926130580196
6878,0.04899680139575458
6879,0.04898967873237389
6880,0.048982558139534886
6881,0.04897543961633483
6882,0.04896832316187155
6883,0.048961208775243355
6884,0.0489540964555491
6885,0.048946986201888164
6886,0.04908510020331107
6887,0.04907797299259475
6888,0.049070847851335656
6889,0.049063724778632606
6890,0.04905660377358491
6891,0.04904948483529241
6892,0.049042367962855486
6893,0.04918032786885246
6894,0.04917319408181027
6895,0.049166062364031905
6896,0.049158932714617166
6897,0.04915180513266638
6898,0.04914467961728037
6899,0.04913755616756051
6900,0.049130434782608694
6901,0.04912331546152732
6902,0.0491161982034193
6903,0.049109083007388095
6904,0.04910196987253766
6905,0.049094858797972485
6906,0.04908774978279757
6907,0.04908064282611843
6908,0.04907353792704111
6909,0.049066435084672164
6910,0.04905933429811867
6911,0.04905223556648821
6912,0.04904513888888889
6913,0.049038044264429335
6914,0.04903095169221869
6915,0.049023861171366596
6916,0.04901677270098323
6917,0.049009686280179265
6918,0.049147152356172306
6919,0.04914004914004914
6920,0.049132947976878616
6921,0.049125848865770844
6922,0.04911875180583646
6923,0.04911165679618663
6924,0.049104563835932986
6925,0.04909747292418772
6926,0.04909038406006353
6927,0.049227659881622636
6928,0.04922055427251732
6929,0.049213450714388804
6930,0.049206349206349205
6931,0.04919924974751118
6932,0.049192152336987885
6933,0.04918505697389298
6934,0.04917796365734064
6935,0.04917087238644557
6936,0.04916378316032295
6937,0.04915669597808851
6938,0.04914961083885846
6939,0.04914252774174953
6940,0.049135446685878964
6941,0.0491283676703645
6942,0.0491212906943244
6943,0.04911421575687743
6944,0.049107142857142856
6945,0.04910007199424046
6946,0.049093003167290525
6947,0.04922988340290773
6948,0.04922279792746114
6949,0.049215714491293715
6950,0.04920863309352518
6951,0.04920155373327579
6952,0.04919447640966628
6953,0.04918740112181792
6954,0.04918032786885246
6955,0.049173256649892166
6956,0.049166187464059805
6957,0.04915912031047866
6958,0.049152055188272495
6959,0.0491449920965656
6960,0.04913793103448276
6961,0.04913087200114926
6962,0.04912381499569089
6963,0.04911676001723395
6964,0.04910970706490523
6965,0.04910265613783202
6966,0.04909560723514212
6967,0.04908856035596383
6968,0.049081515499425944
6969,0.04907447266465777
6970,0.049067431850789094
6971,0.04906039305695022
6972,0.04905335628227195
6973,0.04904632152588556
6974,0.049039288786922854
6975,0.04903225806451613
6976,0.04902522935779816
6977,0.04901820266590225
6978,0.049011177987962166
6979,0.04900415532311219
6980,0.04899713467048711
6981,0.048990116029222174
6982,0.04898309939845317
6983,0.04897608477731634
6984,0.04896907216494845
6985,0.048962061560486755
6986,0.048955052963069
6987,0.048948046371833406
6988,0.04908414424728105
6989,0.04907712119044212
6990,0.04907010014306152
6991,0.04920612215705908
6992,0.04919908466819222
6993,0.04919204919204919
6994,0.04918501572776666
6995,0.04932094353109364
6996,0.049313893653516294
6997,0.04930684579105331
6998,0.04929979994284081
6999,0.04929275610801543
7000,0.04928571428571429
7001,0.04927867447507499
7002,0.049271636675235646
7003,0.04926460088533486
7004,0.04925756710451171
7005,0.049393290506780874
7006,0.04952897516414502
7007,0.04952190666476381
7008,0.0495148401826484
7009,0.04950777571693537
7010,0.04950071326676177
7011,0.04949365283126515
7012,0.04948659440958357
7013,0.049479538000855555
7014,0.04947248360422013
7015,0.04946543121881682
7016,0.049458380843785635
7017,0.049451332478267065
7018,0.04944428612140211
7019,0.04943724177233224
7020,0.04943019943019943
7021,0.04942315909414613
7022,0.049416120763315294
7023,0.049409084436850347
7024,0.049402050113895216
7025,0.04939501779359431
7026,0.049387987475092515
7027,0.04938095915753522
7028,0.049373932840068295
7029,0.0493669085218381
7030,0.049359886201991464
7031,0.049352865879675724
7032,0.04934584755403868
7033,0.049338831224228635
7034,0.04933181688939437
7035,0.049324804548685146
7036,0.04931779420125071
7037,0.049310785846241295
7038,0.04930377948280762
7039,0.04929677511010087
7040,0.04943181818181818
7041,0.04942479761397529
7042,0.04941777904004544
7043,0.04941076245917933
7044,0.049403747870528106
7045,0.04939673527324343
7046,0.04938972466647743
7047,0.04938271604938271
7048,0.04937570942111237
7049,0.04936870478081998
7050,0.04936170212765958
7051,0.0493547014607857
7052,0.049347702779353374
7053,0.04934070608251808
7054,0.04933371136943578
7055,0.04932671863926293
7056,0.04931972789115646
7057,0.04931273912427377
7058,0.04930575233777274
7059,0.04929876753081173
7060,0.04929178470254957
7061,0.049284803852145585
7062,0.04927782497875956
7063,0.04927084808155175
7064,0.0492638731596829
7065,0.04925690021231423
7066,0.049249929238607416
7067,0.049242960237724634
7068,0.04923599320882852
7069,0.04922902815108219
7070,0.04922206506364922
7071,0.049356526658181306
7072,0.049349547511312215
7073,0.049342570337904706
7074,0.04933559513712185
7075,0.04932862190812721
7076,0.04932165065008479
7077,0.04931468136215911
7078,0.04930771404351512
7079,0.04930074869331826
7080,0.049293785310734466
7081,0.049286823894930096
7082,0.049279864445072014
7083,0.049272906960327545
7084,0.04926595143986448
7085,0.0492589978828511
7086,0.04939316963025685
7087,0.04938620008466206
7088,0.04937923250564334
7089,0.049372266892368455
7090,0.04936530324400564
7091,0.049358341559723594
7092,0.04949238578680203
7093,0.049485408148879174
7094,0.04947843247815055
7095,0.04961240310077519
7096,0.0496054114994363
7097,0.049598421868395096
7098,0.04959143420681882
7099,0.049584448513875196
7100,0.04971830985915493
7101,0.049711308266441344
7102,0.049704308645451986
7103,0.04969731099535408
7104,0.049690315315315314
7105,0.04968332160450387
7106,0.04967632986208838
7107,0.04966934008723793
7108,0.049662352279122114
7109,0.04965536643691096
7110,0.04964838255977497
7111,0.04964140064688511
7112,0.04963442069741282
7113,0.04962744271053002
7114,0.04962046668540905
7115,0.04961349262122277
7116,0.04960652051714446
7117,0.0495995503723479
7118,0.0495925821860073
7119,0.04958561595729737
7120,0.04957865168539326
7121,0.04957168936947058
7122,0.04956472900870542
7123,0.04955777060227432
7124,0.0495508141493543
7125,0.04954385964912281
7126,0.04953690710075779
7127,0.04952995650343763
7128,0.049523007856341186
7129,0.049516061158647776
7130,0.04950911640953717
7131,0.04950217360818959
7132,0.049495232753785756
7133,0.0494882938455068
7134,0.04948135688253434
7135,0.049474421864050454
7136,0.049467488789237665
7137,0.04946055765727897
7138,0.049453628467357805
7139,0.04944670121865807
7140,0.049439775910364143
7141,0.049432852541660834
7142,0.04942593111173341
7143,0.049419011619767604
7144,0.049412094064949605
7145,0.04940517844646606
7146,0.049398264763504056
7147,0.04939135301525115
7148,0.049384443200895356
7149,0.049377535319625125
7150,0.049370629370629374
7151,0.04936372535309747
7152,0.04935682326621924
7153,0.04934992310918496
7154,0.04934302488118535
7155,0.0493361285814116
7156,0.049329234209055335
7157,0.04932234176330865
7158,0.04931545124336407
7159,0.049308562648414586
7160,0.04930167597765363
7161,0.0492947912302751
7162,0.049287908405473334
7163,0.04928102750244311
7164,0.049274148520379674
7165,0.049267271458478715
7166,0.049260396315936365
7167,0.04925352309194921
7168,0.04924665178571429
7169,0.04923978239642907
7170,0.049232914923291494
7171,0.04922604936549993
7172,0.04921918572225321
7173,0.0493517356754496
7174,0.049344856425982714
7175,0.04933797909407665
7176,0.04933110367892977
7177,0.04932423017974084
7178,0.04931735859570911
7179,0.04931048892603427
7180,0.049303621169916434
7181,0.04929675532655619
7182,0.04928989139515455
7183,0.04928302937491299
7184,0.04927616926503341
7185,0.049269311064718165
7186,0.04926245477317005
7187,0.04925560038959232
7188,0.049248747913188645
7189,0.049241897343163164
7190,0.049235048678720444
7191,0.049228201919065497
7192,0.04922135706340378
7193,0.049214514110941195
7194,0.04934667778704476
7195,0.04933981931897151
7196,0.04933296275708727
7197,0.04932610810059747
7198,0.04931925534870797
7199,0.04931240450062509
7200,0.049305555555555554
7201,0.04929870851270657
7202,0.04929186337128576
7203,0.04928502013050118
7204,0.04927817878956135
7205,0.049271339347675226
7206,0.04926450180405218
7207,0.04925766615790204
7208,0.04925083240843507
7209,0.04924400055486198
7210,0.049237170596393896
7211,0.049230342532242406
7212,0.04936217415418746
7213,0.04935533065298766
7214,0.04934848904907125
7215,0.04934164934164934
7216,0.04933481152993348
7217,0.04932797561313565
7218,0.04932114159046827
7219,0.0493143094611442
7220,0.049307479224376734
7221,0.049300650879379584
7222,0.049293824425366936
7223,0.04928699986155337
7224,0.04928017718715393
7225,0.04927335640138408
7226,0.04940492665375035
7227,0.0493980904939809
7228,0.0493912562257886
7229,0.04938442384838843
7230,0.04937759336099585
7231,0.049370764762826716
7232,0.04936393805309734
7233,0.04935711323102447
7234,0.04948852640309649
7235,0.04948168624740843
7236,0.049474847982310666
7237,0.04946801160701948
7238,0.04946117712075159
7239,0.04959248514988258
7240,0.049585635359116025
7241,0.04957878746029554
7242,0.049571941452637394
7243,0.049703161673339775
7244,0.04969630038652678
7245,0.049689440993788817
7246,0.04968258349434171
7247,0.04967572788740168
7248,0.04966887417218543
7249,0.049662022347910055
7250,0.0496551724137931
7251,0.049648324369052546
7252,0.049641478212906785
7253,0.04963463394457466
7254,0.04962779156327544
7255,0.04962095106822881
7256,0.049751929437706725
7257,0.04974507372192366
7258,0.049738219895287955
7259,0.04973136795701887
7260,0.049724517906336085
7261,0.04971766974245972
7262,0.0497108234646103
7263,0.04970397907200881
7264,0.04969713656387665
7265,0.04969029593943565
7266,0.049683457197908065
7267,0.04967662033851658
7268,0.04966978536048432
7269,0.049662952263034806
7270,0.04965612104539202
7271,0.04964929170678036
7272,0.04964246424642464
7273,0.04963563866355011
7274,0.04962881495738246
7275,0.04962199312714777
7276,0.049752611324903794
7277,0.04974577435756493
7278,0.049738939269029954
7279,0.049732106058524524
7280,0.04972527472527472
7281,0.049855789039967034
7282,0.04984894259818731
7283,0.04984209803652341
7284,0.04983525535420099
7285,0.04982841455044612
7286,0.049958825144112
7287,0.049951969260326606
7288,0.049945115257958285
7289,0.04993826313623268
7290,0.04993141289437586
7291,0.04992456453161432
7292,0.049917718047174986
7293,0.049910873440285206
7294,0.04990403071017274
7295,0.049897189856065796
7296,0.049890350877192985
7297,0.049883513772783335
7298,0.049876678542066316
7299,0.049869845184271816
7300,0.04986301369863014
7301,0.04985618408437201
7302,0.04984935634072857
7303,0.0498425304669314
7304,0.049835706462212484
7305,0.04982888432580424
7306,0.04995893785929373
7307,0.04995210072533187
7308,0.05008210180623974
7309,0.05007524969216035
7310,0.05006839945280438
7311,0.050061551087402546
7312,0.050054704595185996
7313,0.0500478599753863
7314,0.05004101722723544
7315,0.05003417634996583
7316,0.05002733734281028
7317,0.05002050020500205
7318,0.050013664935774804
7319,0.05000683153436262
7320,0.05
7321,0.04999317033192187
7322,0.04998634252936356
7323,0.04997951659156084
7324,0.04997269251774986
7325,0.04996587030716724
7326,0.049959049959049956
7327,0.04995223147263546
7328,0.04994541484716157
7329,0.049938600081866555
7330,0.04993178717598908
7331,0.05006138316737144
7332,0.05005455537370431
7333,0.05004772944224738
7334,0.05004090537223889
7335,0.05003408316291752
7336,0.05002726281352236
7337,0.0500204443232929
7338,0.05001362769146907
7339,0.050006812917291185
7340,0.05
7341,0.04999318893883667
7342,0.04998637973304277
7343,0.05011575650279178
7344,0.05010893246187364
7345,0.05010211027910143
7346,0.05023141845902532
7347,0.05022458146182115
7348,0.050217746325530756
7349,0.05021091304939448
7350,0.05020408163265306
7351,0.05019725207454768
7352,0.05019042437431991
7353,0.05018359853121175
7354,0.0501767745444656
7355,0.05016995241332427
7356,0.050299075584556825
7357,0.050292238684246295
7358,0.0502854036422941
7359,0.05027857045794266
7360,0.050271739130434784
7361,0.05026490965901372
7362,0.05025808204292312
7363,0.05025125628140704
7364,0.050244432373709944
7365,0.05023761031907671
7366,0.05023079011675265
7367,0.05022397176598344
7368,0.0502171552660152
7369,0.05021034061609445
7370,0.050203527815468114
7371,0.05019671686338353
7372,0.050189907759088444
7373,0.050183100501831
7374,0.05017629509085978
7375,0.05016949152542373
7376,0.05016268980477223
7377,0.050155889928155076
7378,0.050149091894822445
7379,0.05014229570402494
7380,0.05013550135501355
7381,0.050128708847039696
7382,0.050121918179355185
7383,0.05011512935121224
7384,0.05010834236186349
7385,0.05023696682464455
7386,0.050230165177362576
7387,0.05022336537159876
7388,0.05021656740660531
7389,0.05020977128163486
7390,0.05020297699594046
7391,0.05019618454877554
7392,0.050189393939393936
7393,0.050182605167049914
7394,0.05017581823099811
7395,0.050169033130493576
7396,0.05016224986479178
7397,0.050155468433148574
7398,0.050148688834820224
7399,0.050141911069063384
7400,0.050135135135135137
7401,0.050128361032292935
7402,0.05012158875979465
7403,0.050114818316898554
7404,0.05010804970286332
7405,0.05010128291694801
7406,0.0500945179584121
7407,0.05008775482651546
7408,0.05008099352051836
7409,0.0502092050209205
7410,0.05020242914979757
7411,0.05033058966401295
7412,0.05032379924446843
7413,0.050317010656954
7414,0.050310223900728354
7415,0.050303438975050574
7416,0.05029665587918015
7417,0.050289874612376974
7418,0.050283095173901324
7419,0.050276317563013886
7420,0.05026954177897574
7421,0.050262767821048375
7422,0.05039073026138507
7423,0.05038394180250572
7424,0.05037715517241379
7425,0.05037037037037037
7426,0.05036358739563695
7427,0.050356806247475426
7428,0.05035002692514809
7429,0.05034324942791762
7430,0.05033647375504711
7431,0.050329699905800024
7432,0.05032292787944026
7433,0.05031615767523207
7434,0.05030938929244014
7435,0.050302622730329524
7436,0.05029585798816568
7437,0.05028909506521447
7438,0.050416778703952676
7439,0.0504100013442667
7440,0.05040322580645161
7441,0.05039645208977288
7442,0.05038968019349637
7443,0.05038291011688835
7444,0.050376141859215476
7445,0.050369375419744795
7446,0.050362610797743755
7447,0.05035584799248019
7448,0.05034908700322234
7449,0.05034232782923882
7450,0.050335570469798654
7451,0.05032881492417125
7452,0.05045625335480408
7453,0.05044948342949148
7454,0.050576871478400856
7455,0.05070422535211268
7456,0.05069742489270386
7457,0.050690626257207994
7458,0.050683829444891394
7459,0.05067703445502078
7460,0.050670241286863274
7461,0.05066344993968637
7462,0.05065666041275797
7463,0.05064987270534638
7464,0.05064308681672026
7465,0.0507702612190221
7466,0.050897401553710156
7467,0.05089058524173028
7468,0.05088377075522228
7469,0.05087695809345294
7470,0.050870147255689425
7471,0.050863338241199305
7472,0.05085653104925054
7473,0.05084972567911147
7474,0.050842922130050844
7475,0.050836120401337795
7476,0.05082932049224184
7477,0.0508225224020329
7478,0.05081572612998128
7479,0.05080893167535767
7480,0.05080213903743316
7481,0.050795348215479215
7482,0.05078855920876771
7483,0.05091540825871976
7484,0.05090860502405131
7485,0.05090180360721443
7486,0.05089500400748063
7487,0.05088820622412181
7488,0.050881410256410256
7489,0.05087461610361864
7490,0.050867823765020026
7491,0.050861033239887866
7492,0.050854244527496
7493,0.05084745762711865
7494,0.05084067253803042
7495,0.05083388925950634
7496,0.05082710779082177
7497,0.0508203281312525
7498,0.050813550280074685
7499,0.05080677423656488
7500,0.0508
7501,0.05079322756965738
7502,0.05078645694481471
7503,0.0507796881247501
7504,0.05077292110874201
7505,0.05089940039973351
7506,0.05089261923794298
7507,0.05101904888770481
7508,0.05101225359616409
7509,0.05100546011452923
7510,0.05099866844207723
7511,0.05099187857808547
7512,0.050985090521831734
7513,0.05097830427259417
7514,0.05097151982965132
7515,0.0509647371922821
7516,0.050957956359765834
7517,0.0509511773313822
7518,0.050944400106411276
7519,0.05093762468413353
7520,0.05093085106382979
7521,0.050924079244781276
7522,0.05091730922626961
7523,0.05091054100757676
7524,0.051036682615629984
7525,0.051029900332225916
7526,0.05102311985118257
7527,0.05101634117178159
7528,0.05100956429330499
7529,0.0510027892150352
7530,0.05099601593625498
7531,0.05098924445624751
7532,0.050982474774296335
7533,0.050975706889685383
7534,0.05096894080169896
7535,0.050962176509621766
7536,0.050955414012738856
7537,0.05094865331033568
7538,0.05107455558503582
7539,0.0510677808727948
7540,0.05106100795755968
7541,0.05118684524598859
7542,0.05118005833996288
7543,0.051173273233461485
7544,0.051166489925768825
7545,0.051159708416169646
7546,0.051152928703949115
7547,0.05114615078839274
7548,0.05113937466878643
7549,0.05113260034441648
7550,0.051125827814569536
7551,0.05111905707853265
7552,0.05124470338983051
7553,0.05123791870779822
7554,0.05123113582208102
7555,0.051224354731965585
7556,0.051217575436739014
7557,0.051210797935688765
7558,0.05120402222810267
7559,0.05119724831326895
7560,0.05119047619047619
7561,0.05131596349689194
7562,0.05130917746627876
7563,0.05143461589316409
7564,0.05156002115282919
7565,0.051553205551883675
7566,0.05154639175257732
7567,0.051539579754195854
7568,0.05153276955602537
7569,0.051525961157352355
7570,0.05151915455746367
7571,0.051512349755646544
7572,0.05150554675118859
7573,0.05149874554337779
7574,0.05149194613150251
7575,0.05148514851485148
7576,0.051478352692713836
7577,0.05147155866437904
7578,0.05146476642913698
7579,0.051457975986277875
7580,0.051451187335092345
7581,0.051444400474871387
7582,0.05143761540490636
7583,0.05143083212448899
7584,0.051424050632911396
7585,0.051417270929466054
7586,0.05141049301344582
7587,0.051403716884143934
7588,0.05139694254085398
7589,0.051390169982869945
7590,0.05138339920948617
7591,0.05137663021999737
7592,0.05136986301369863
7593,0.05136309758988542
7594,0.05135633394785357
7595,0.05148123765635287
7596,0.051474460242232754
7597,0.05146768461234698
7598,0.05146091076599105
7599,0.05145413870246085
7600,0.05144736842105263
7601,0.05144059992106302
7602,0.051433833201789
7603,0.05142706826252795
7604,0.05142030510257759
7605,0.05141354372123603
7606,0.05140678411780174
7607,0.05140002629157355
7608,0.05139327024185068
7609,0.051386515967932714
7610,0.05137976346911958
7611,0.0513730127447116
7612,0.05136626379400946
7613,0.0513595166163142
7614,0.05135277121092724
7615,0.05134602757715036
7616,0.05133928571428571
7617,0.05133254562163581
7618,0.05132580729850354
7619,0.051319070744192154
7620,0.05131233595800525
7621,0.05130560293924682
7622,0.051430070847546576
7623,0.051423324150596875
7624,0.05141657922350472
7625,0.05140983606557377
7626,0.051403094676108055
7627,0.05139635505441196
7628,0.051389617199790245
7629,0.05138288111154804
7630,0.05137614678899083
7631,0.05136941423142445
7632,0.051362683438155136
7633,0.05135595440848945
7634,0.051349227141734344
7635,0.05134250163719712
7636,0.05133577789418544
7637,0.051329055912007336
7638,0.051322335689971195
7639,0.051315617227385785
7640,0.05130890052356021
7641,0.05130218557780395
7642,0.051295472389426854
7643,0.051288760957739106
7644,0.05128205128205128
7645,0.051275343361674296
7646,0.05126863719591943
7647,0.05126193278409834
7648,0.051255230125523014
7649,0.05124852921950582
7650,0.05124183006535948
7651,0.05123513266239707
7652,0.05122843700993204
7653,0.05122174310727819
7654,0.051215050953749675
7655,0.05120836054866101
7656,0.051201671891327065
7657,0.05132558443254538
7658,0.05131888221467746
7659,0.05131218174696436
7660,0.05130548302872063
7661,0.05129878605926119
7662,0.05129209083790133
7663,0.051285397363956674
7664,0.051278705636743215
7665,0.0512720156555773
7666,0.05126532741977563
7667,0.05125864092865528
7668,0.051251956181533644
7669,0.05124527317772852
7670,0.05123859191655802
7671,0.05123191239734063
7672,0.0512252346193952
7673,0.05121855858204092
7674,0.051211884284597345
7675,0.05120521172638436
7676,0.051198540906722254
7677,0.051191871824931616
7678,0.05118520448033342
7679,0.05117853887224899
7680,0.051171875
7681,0.051165212862908475
7682,0.0511585524602968
7683,0.0511518937914877
7684,0.05114523685580427
7685,0.05113858165256994
7686,0.05113192818110851
7687,0.05112527644074411
7688,0.05111862643080125
7689,0.05111197815060476
7690,0.051105331599479845
7691,0.05109868677675205
7692,0.051092043681747266
7693,0.05108540231379176
7694,0.05107876267221211
7695,0.05107212475633528
7696,0.051065488565488565
7697,0.05105885409899961
7698,0.051052221356196414
7699,0.05104559033640733
7700,0.05103896103896104
7701,0.0510323334631866
7702,0.0510257076084134
7703,0.05101908347397118
7704,0.05101246105919003
7705,0.05100584036340039
7706,0.05099922138593304
7707,0.05099260412611911
7708,0.050985988583290086
7709,0.050979374756777794
7710,0.050972762645914396
7711,0.05096615225003242
7712,0.05095954356846473
7713,0.050952936600544535
7714,0.050946331345605396
7715,0.050939727802981206
7716,0.05093312597200622
7717,0.050926525852015035
7718,0.050919927442342576
7719,0.05091333074232413
7720,0.05090673575129534
7721,0.050900142468592154
7722,0.050893550893550896
7723,0.05088696102550822
7724,0.05088037286380114
7725,0.05087378640776699
7726,0.050867201656743466
7727,0.05086061861006859
7728,0.050854037267080744
7729,0.05084745762711865
7730,0.05084087968952135
7731,0.05083430345362825
7732,0.0508277289187791
7733,0.05082115608431398
7734,0.05081458494957331
7735,0.05080801551389787
7736,0.05080144777662875
7737,0.0507948817371074
7738,0.050788317394675625
7739,0.05078175474867554
7740,0.050775193798449615
7741,0.05076863454334065
7742,0.05076207698269181
7743,0.05075552111584657
7744,0.05074896694214876
7745,0.05074241446094254
7746,0.05073586367157242
7747,0.05072931457338325
7748,0.05072276716572018
7749,0.05071622144792876
7750,0.05070967741935484
7751,0.050703135079344604
7752,0.050696594427244585
7753,0.05069005546240165
7754,0.050683518184163015
7755,0.05067698259187621
7756,0.05067044868488912
7757,0.05066391646254995
7758,0.05065738592420727
7759,0.05065085706920995
7760,0.05064432989690722
7761,0.050637804406648626
7762,0.05063128059778407
7763,0.05075357464897591
7764,0.05074703760947965
7765,0.05074050225370251
7766,0.05073396858099408
7767,0.05085618642976696
7768,0.05084963954685891
7769,0.050843094349337106
7770,0.05083655083655084
7771,0.050830009007849696
7772,0.05082346886258363
7773,0.05081693040010292
7774,0.05081039361975817
7775,0.05080385852090032
7776,0.05079732510288066
7777,0.05079079336505079
7778,0.05091283106196966
7779,0.05090628615503278
7780,0.05089974293059126
7781,0.050893201387996405
7782,0.05088666152659985
7783,0.050880123345753564
7784,0.050873586844809866
7785,0.05086705202312139
7786,0.050860518880041096
7787,0.05085398741492231
7788,0.05084745762711865
7789,0.05084092951598408
7790,0.05083440308087291
7791,0.050827878321139774
7792,0.05082135523613963
7793,0.05081483382522777
7794,0.050808314087759814
7795,0.050801796023091726
7796,0.05079527963057978
7797,0.050788764909580605
7798,0.05078225185945114
7799,0.05077574047954866
7800,0.05076923076923077
7801,0.050762722727855404
7802,0.05075621635478082
7803,0.05074971164936563
7804,0.05074320861096873
7805,0.050736707238949394
7806,0.05073020753266718
7807,0.05072370949148201
7808,0.0507172131147541
7809,0.050710718401844025
7810,0.05070422535211268
7811,0.05069773396492126
7812,0.05069124423963134
7813,0.050684756175604764
7814,0.050678269772203736
7815,0.050671785028790786
7816,0.05066530194472876
7817,0.05065882051938084
7818,0.05065234075211052
7819,0.050645862642281624
7820,0.05063938618925831
7821,0.05063291139240506
7822,0.05062643825108668
7823,0.05061996676466828
7824,0.05061349693251534
7825,0.05060702875399361
7826,0.050600562228469204
7827,0.050594097355308544
7828,0.05058763413387839
7829,0.050581172563545794
7830,0.05057471264367816
7831,0.050568254373643214
7832,0.05056179775280899
7833,0.050555342780543855
7834,0.050548889456216495
7835,0.05054243777919592
7836,0.05053598774885146
7837,0.05052953936455276
7838,0.05052309262566981
7839,0.0505166475315729
7840,0.050510204081632655
7841,0.05050376227522
7842,0.0504973221117062
7843,0.05049088359046283
7844,0.0504844467108618
7845,0.05047801147227533
7846,0.05047157787407596
7847,0.05046514591563655
7848,0.05045871559633028
7849,0.05045228691553064
7850,0.050445859872611465
7851,0.05043943446694689
7852,0.05043301069791136
7853,0.050426588564879665
7854,0.05042016806722689
7855,0.05041374920432845
7856,0.050407331975560084
7857,0.050400916380297825
7858,0.05039450241791805
7859,0.05038809008779743
7860,0.050381679389312976
7861,0.050375270321842004
7862,0.050368862884762146
7863,0.05036245707745136
7864,0.05035605289928789
7865,0.05034965034965035
7866,0.05034324942791762
7867,0.05033685013346892
7868,0.05033045246568378
7869,0.050324056423942054
7870,0.05031766200762389
7871,0.05031126921610977
7872,0.05030487804878049
7873,0.05029848850501715
7874,0.050419100838201676
7875,0.050412698412698416
7876,0.05040629761300152
7877,0.05039989843849181
7878,0.050393500888550394
7879,0.0503871049625587
7880,0.05038071065989848
7881,0.05037431797995178
7882,0.050367926922100986
7883,0.05036153748572878
7884,0.05035514967021816
7885,0.05034876347495244
7886,0.05034237889931524
7887,0.050335995942690503
7888,0.050456389452332655
7889,0.0504499936620611
7890,0.05044359949302915
7891,0.05043720694462046
7892,0.05043081601621895
7893,0.05042442670720892
7894,0.05041803901697492
7895,0.05041165294490184
7896,0.050405268490374876
7897,0.050398885652779536
7898,0.050519118764244114
7899,0.050512723129510065
7900,0.05050632911392405
7901,0.05062650297430705
7902,0.050620096178182736
7903,0.05061369100341642
7904,0.05060728744939271
7905,0.05072738772928526
7906,0.05072097141411586
7907,0.05071455672189199
7908,0.05083459787556904
7909,0.050828170438740675
7910,0.050948166877370415
7911,0.0509417267096448
7912,0.05093528816986855
7913,0.05092885125742449
7914,0.05092241597169573
7915,0.0509159823120657
7916,0.05090955027791814
7917,0.05090311986863711
7918,0.05089669108360697
7919,0.05101654249273898
7920,0.05101010101010101
7921,0.0511299078399192
7922,0.05112345367331482
7923,0.05111700113593336
7924,0.051110550227158
7925,0.05110410094637224
7926,0.05109765329295988
7927,0.05109120726630503
7928,0.05108476286579213
7929,0.0510783200908059
7930,0.0510718789407314
7931,0.05106543941495398
7932,0.0510590015128593
7933,0.05105256523383336
7934,0.051046130577262414
7935,0.05103969754253308
7936,0.05103326612903226
7937,0.05102683633614716
7938,0.05102040816326531
7939,0.05101398160977453
7940,0.05100755667506297
7941,0.05100113335851908
7942,0.0509947116595316
7943,0.05098829157748962
7944,0.050981873111782476
7945,0.05110132158590308
7946,0.051094890510948905
7947,0.05121429470240342
7948,0.05120785103170609
7949,0.05120140898226192
7950,0.05119496855345912
7951,0.051188529744686205
7952,0.05130784708249497
7953,0.05130139569973595
7954,0.05129494593915011
7955,0.051288497800125704
7956,0.05128205128205128
7957,0.0512756063843157
7958,0.051269163106308115
7959,0.051262721447418017
7960,0.05125628140703518
7961,0.05124984298454968
7962,0.05124340617935192
7963,0.0512369709908326
7964,0.051230537418382724
7965,0.051224105461393596
7966,0.051217675119256845
7967,0.05121124639136438
7968,0.05120481927710843
7969,0.05132388003513615
7970,0.05131744040150565
7971,0.0513110023836407
7972,0.05130456598093327
7973,0.05129813119277562
7974,0.051291698018560324
7975,0.05128526645768025
7976,0.05140421263791374
7977,0.05139776858468096
7978,0.05139132614690398
7979,0.051384885323975435
7980,0.05137844611528822
7981,0.05137200852023556
7982,0.051365572538210974
7983,0.05135913816860829
7984,0.051352705410821646
7985,0.05134627426424546
7986,0.05133984472827448
7987,0.051333416802303744
7988,0.05132699048572859
7989,0.05132056577794467
7990,0.05143929912390488
7991,0.051558002753097236
7992,0.05155155155155155
7993,0.051545101964218694
7994,0.05153865399049287
7995,0.05153220762976861
7996,0.05152576288144072
7997,0.05151931974490434
7998,0.051512878219554886
7999,0.0515064383047881
8000,0.0515
8001,0.051493563304586924
8002,0.05161209697575606
8003,0.051605647882044234
8004,0.0515992003998001
8005,0.051592754528419736
8006,0.051586310267299526
8007,0.05157986761583614
8008,0.051573426573426576
8009,0.0515669871394681
8010,0.0515605493133583
8011,0.05155411309449507
8012,0.051547678482276586
8013,0.05154124547610134
8014,0.051534814075368106
8015,0.05152838427947598
8016,0.05152195608782435
8017,0.0516402644380691
8018,0.05163382389623347
8019,0.051627384960718295
8020,0.051620947630922696
8021,0.0516145119062461
8022,0.05160807778608826
8023,0.051601645269849186
8024,0.051595214356929216
8025,0.05158878504672897
8026,0.05158235733864939
8027,0.05157593123209169
8028,0.0515695067264574
8029,0.05156308382114834
8030,0.05155666251556663
8031,0.05155024280911468
8032,0.05154382470119522
8033,0.051537408191211255
8034,0.05153099327856609
8035,0.051524579962663346
8036,0.05151816824290692
8037,0.051511758118701005
8038,0.05150534958945011
8039,0.051498942654559024
8040,0.05149253731343283
8041,0.05148613356547693
8042,0.051604078587416065
8043,0.051597662563720004
8044,0.05159124813525609
8045,0.05158483530142946
8046,0.05157842406164554
8047,0.05157201441531006
8048,0.051565606361829025
8049,0.05155919990060877
8050,0.0515527950310559
8051,0.05154639175257732
8052,0.05153999006458023
8053,0.05153358996647212
8054,0.05165135336478768
8055,0.05164494103041589
8056,0.05163853028798411
8057,0.05163212113689959
8058,0.05162571357656987
8059,0.05161930760640278
8060,0.05161290322580645
8061,0.05160650043418931
8062,0.05160009923096006
8063,0.05159369961552772
8064,0.051587301587301584
8065,0.05158090514569126
8066,0.05157451029010662
8067,0.05156811701995785
8068,0.05156172533465543
8069,0.05155533523361011
8070,0.05154894671623296
8071,0.051542559781935324
8072,0.05153617443012884
8073,0.05152979066022544
8074,0.051523408471637354
8075,0.05151702786377709
8076,0.05151064883605745
8077,0.05150427138789154
8078,0.05149789551869274
8079,0.05149152122787474
8080,0.05148514851485148
8081,0.05147877737903725
8082,0.05147240781984657
8083,0.051466039836694295
8084,0.051459673428995545
8085,0.05145330859616574
8086,0.05144694533762058
8087,0.05144058365277606
8088,0.051434223541048464
8089,0.05142786500185437
8090,0.05142150803461063
8091,0.0514151526387344
8092,0.0514087988136431
8093,0.05140244655875448
8094,0.051396095873486536
8095,0.05138974675725757
8096,0.05138339920948617
8097,0.05150055576139311
8098,0.051494196097801925
8099,0.051487838004691935
8100,0.05148148148148148
8101,0.051475126527589184
8102,0.05146877314243397
8103,0.05146242132543503
8104,0.05145607107601185
8105,0.05144972239358421
8106,0.051443375277572166
8107,0.051437029727396076
8108,0.05143068574247656
8109,0.051424343322234556
8110,0.051418002466091246
8111,0.05141166317346813
8112,0.05140532544378698
8113,0.05139898927646986
8114,0.05139265467093912
8115,0.051386321626617375
8116,0.05137999014292755
8117,0.05149685844523839
8118,0.051490514905149054
8119,0.05160734080551792
8120,0.051600985221674875
8121,0.05159463120305381
8122,0.05158827874907658
8123,0.051581927859165336
8124,0.05157557853274249
8125,0.05156923076923077
8126,0.05156288456805316
8127,0.051556539928632954
8128,0.0515501968503937
8129,0.05154385533275926
8130,0.051537515375153754
8131,0.051531176977001596
8132,0.0515248401377275
8133,0.05151850485675642
8134,0.05151217113351365
8135,0.05150583896742471
8136,0.05149950835791544
8137,0.05149317930441195
8138,0.051486851806340626
8139,0.05160339107998525
8140,0.051597051597051594
8141,0.051590713671539126
8142,0.051584377302873984
8143,0.051578042490482624
8144,0.05157170923379175
8145,0.05156537753222836
8146,0.05155904738521974
8147,0.05155271879219345
8148,0.05154639175257732
8149,0.05154006626579948
8150,0.051533742331288344
8151,0.05152741994847258
8152,0.051521099116781155
8153,0.05151477983564332
8154,0.051508462104488596
8155,0.05150214592274678
8156,0.051495831289847964
8157,0.05148951820522251
8158,0.05148320666830106
8159,0.051476896678514523
8160,0.051470588235294115
8161,0.051464281338071315
8162,0.051457975986277875
8163,0.05145167217934583
8164,0.0514453699167075
8165,0.05143906919779547
8166,0.05143277002204261
8167,0.05142647238888209
8168,0.051420176297747304
8169,0.05141388174807198
8170,0.05152998776009792
8171,0.05152368131195692
8172,0.05151737640724425
8173,0.05151107304539337
8174,0.05150477122583802
8175,0.051620795107033636
8176,0.051614481409001954
8177,0.05160816925522808
8178,0.051601858645145514
8179,0.051595549578188044
8180,0.05158924205378973
8181,0.051582936071384915
8182,0.051576631630408216
8183,0.05157032873029451
8184,0.051564027370478986
8185,0.051557727550397066
8186,0.051551429269484486
8187,0.05154513252717723
8188,0.051538837322911576
8189,0.05153254365612407
8190,0.051526251526251524
8191,0.05151996093273105
8192,0.051513671875
8193,0.051507384352496036
8194,0.051501098364657064
8195,0.05149481391092129
8196,0.051488530990727185
8197,0.05148224960351348
8198,0.0514759697487192
8199,0.051469691425783635
8200,0.05146341463414634
8201,0.05157907572247287
8202,0.05157278712509144
8203,0.05156650006095331
8204,0.05156021452949781
8205,0.051553930530164535
8206,0.05154764806239337
8207,0.05154136712562447
8208,0.051535087719298246
8209,0.051528809842855405
8210,0.051522533495736905
8211,0.051516258677384
8212,0.05150998538723819
8213,0.051503713624741265
8214,0.05149744338933528
8215,0.05149117468046257
8216,0.05148490749756573
8217,0.05147864184008762
8218,0.05147237770747141
8219,0.051466115099160485
8220,0.05158150851581508
8221,0.05157523415642866
8222,0.051568961323279004
8223,0.051562690015809313
8224,0.05155642023346303
8225,0.05155015197568389
8226,0.05166545100899587
8227,0.0517807220128844
8228,0.05177442877977637
8229,0.05188965852472961
8230,0.051883353584447144
8231,0.051877050176163286
8232,0.05187074829931973
8233,0.051864447953358435
8234,0.05197959679378188
8235,0.051973284760170005
8236,0.0519669742593492
8237,0.051960665290761196
8238,0.05195435785384802
8239,0.05194805194805195
8240,0.051941747572815535
8241,0.0519354447275816
8242,0.051929143411793256
8243,0.05192284362489385
8244,0.051916545366327026
8245,0.05191024863553669
8246,0.05190395343196701
8247,0.05189765975506245
8248,0.0518913676042677
8249,0.051885076979027764
8250,0.05187878787878788
8251,0.05187250030299358
8252,0.05186621425109064
8253,0.05185992972252514
8254,0.0518536467167434
8255,0.05196850393700787
8256,0.051962209302325583
8257,0.05195591619232166
8258,0.051949624606442237
8259,0.05194333454413367
8260,0.05193704600484261
8261,0.05193075898801598
8262,0.05192447349310094
8263,0.05191818951954496
8264,0.05191190706679574
8265,0.05190562613430127
8266,0.0518993467215098
8267,0.05189306882786984
8268,0.05188679245283019
8269,0.051880517595839885
8270,0.05187424425634825
8271,0.05186797243380486
8272,0.05186170212765957
8273,0.051855433337362505
8274,0.05184916606236403
8275,0.0518429003021148
8276,0.051836636056065734
8277,0.051830373323667994
8278,0.05182411210437304
8279,0.05181785239763256
8280,0.05181159420289855
8281,0.05180533751962323
8282,0.051799082347259114
8283,0.05179282868525897
8284,0.05178657653307581
8285,0.051780325890162945
8286,0.05177407675597393
8287,0.05176782912996259
8288,0.05176158301158301
8289,0.05175533840028954
8290,0.05174909529553679
8291,0.05174285369677964
8292,0.05173661360347323
8293,0.05173037501507295
8294,0.05172413793103448
8295,0.05171790235081374
8296,0.051711668273866924
8297,0.05170543569965048
8298,0.05169920462762111
8299,0.05169297505723581
8300,0.05168674698795181
8301,0.0516805204192266
8302,0.05167429535051795
8303,0.051668071781283874
8304,0.05166184971098266
8305,0.051655629139072845
8306,0.051649410065013245
8307,0.051643192488262914
8308,0.051636976408281174
8309,0.051630761824527624
8310,0.05162454873646209
8311,0.0516183371435447
8312,0.0516121270452358
8313,0.05160591844099603
8314,0.05159971133028626
8315,0.05159350571256765
8316,0.051587301587301584
8317,0.051581098953949744
8318,0.05157489781197403
8319,0.05156869816083664
8320,0.0515625
8321,0.051556303328926814
8322,0.051550108147080026
8323,0.05154391445392287
8324,0.05153772224891879
8325,0.05153153153153153
8326,0.05152534230122508
8327,0.05151915455746367
8328,0.05151296829971182
8329,0.05150678352743426
8330,0.05150060024009604
8331,0.051494418437162404
8332,0.0514882381180989
8333,0.0514820592823713
8334,0.05147588192944565
8335,0.05146970605878824
8336,0.05146353166986564
8337,0.051457358762144655
8338,0.051451187335092345
8339,0.05144501738817604
8340,0.05143884892086331
8341,0.05143268193262199
8342,0.05142651642292016
8343,0.05142035239122618
8344,0.05141418983700863
8345,0.05140802875973637
8346,0.0514018691588785
8347,0.0513957110339044
8348,0.05138955438428366
8349,0.05138339920948617
8350,0.05137724550898204
8351,0.051371093282241646
8352,0.051364942528735635
8353,0.051358793247934874
8354,0.05135264543931051
8355,0.05134649910233393
8356,0.05134035423647678
8357,0.05133421084121096
8358,0.051328068916008614
8359,0.05132192846034215
8360,0.05131578947368421
8361,0.05130965195550771
8362,0.05130351590528582
8363,0.05129738132249193
8364,0.051291248206599714
8365,0.05128511655708309
8366,0.051278986373416206
8367,0.0512728576550735
8368,0.05126673040152964
8369,0.05126060461225953
8370,0.05125448028673835
8371,0.051248357424441525
8372,0.05124223602484472
8373,0.051236116087423865
8374,0.05122999761165512
8375,0.05122388059701492
8376,0.051217765042979944
8377,0.0512116509490271
8378,0.051205538314633564
8379,0.05119942713927676
8380,0.05119331742243437
8381,0.051187209163584296
8382,0.051181102362204724
8383,0.05117499701777407
8384,0.05116889312977099
8385,0.05116279069767442
8386,0.05115668972096351
8387,0.05115059019911768
8388,0.05114449213161659
8389,0.05113839551794016
8390,0.051132300357568536
8391,0.051126206649982124
8392,0.05112011439466158
8393,0.05111402359108781
8394,0.05110793423874196
8395,0.05110184633710542
8396,0.051095759885659835
8397,0.051089674883887104
8398,0.05108359133126935
8399,0.051077509227288966
8400,0.05107142857142857
8401,0.05106534936317105
8402,0.05105927160199952
8403,0.05105319528739736
8404,0.051047120418848166
8405,0.05104104699583581
8406,0.051034975017844396
8407,0.051028904484358276
8408,0.051022835394862034
8409,0.05101676774884053
8410,0.05101070154577884
8411,0.05100463678516229
8412,0.05099857346647646
8413,0.05099251158920718
8414,0.05110530068932731
8415,0.0510992275698158
8416,0.05109315589353612
8417,0.051087085659973865
8418,0.051081016868614874
8419,0.05107494951894524
8420,0.0510688836104513
8421,0.05106281914261964
8422,0.05105675611493707
8423,0.05105069452689066
8424,0.05104463437796771
8425,0.05103857566765579
8426,0.05103251839544268
8427,0.05102646256081642
8428,0.05102040816326531
8429,0.05101435520227785
8430,0.051008303677342826
8431,0.051002253587949235
8432,0.05099620493358634
8433,0.05099015771374363
8434,0.05098411192791084
8435,0.05097806757557795
8436,0.05097202465623518
8437,0.050965983169373
8438,0.050959943114482105
8439,0.05095390449105344
8440,0.0509478672985782
8441,0.0509418315365478
8442,0.050935797204453924
8443,0.050929764301788465
8444,0.050923732828043584
8445,0.05091770278271166
8446,0.050911674165285345
8447,0.050905646975257485
8448,0.050899621212121215
8449,0.050893596875369866
8450,0.05088757396449704
8451,0.05088155247899657
8452,0.05087553241836252
8453,0.0508695137820892
8454,0.05086349656967116
8455,0.0508574807806032
8456,0.05085146641438032
8457,0.05084545347049781
8458,0.05083944194845117
8459,0.05083343184773614
8460,0.0508274231678487
8461,0.050821415908285074
8462,0.05081541006854172
8463,0.05080940564811533
8464,0.050803402646502835
8465,0.050797401063201415
8466,0.050791400897708484
8467,0.05078540214952167
8468,0.050779404818138876
8469,0.05077340890305821
8470,0.05076741440377804
8471,0.050761421319796954
8472,0.05075542965061379
8473,0.050749439395727604
8474,0.05074345055463771
8475,0.05073746312684366
8476,0.05073147711184521
8477,0.050725492509142385
8478,0.050719509318235434
8479,0.05071352753862484
8480,0.05070754716981132
8481,0.05070156821129584
8482,0.05069559066257958
8483,0.05068961452316398
8484,0.05068363979255068
8485,0.050677666470241606
8486,0.05067169455573886
8487,0.05066572404854483
8488,0.05065975494816211
8489,0.05065378725409353
8490,0.050647820965842166
8491,0.050641856082911316
8492,0.05063589260480452
8493,0.05062993053102555
8494,0.05062396986107841
8495,0.050618010594467334
8496,0.0506120527306968
8497,0.05060609626927151
8498,0.0506001412096964
8499,0.05059418755147664
8500,0.05058823529411765
8501,0.05058228443712504
8502,0.0505763349800047
8503,0.05057038692226273
8504,0.05056444026340546
8505,0.05055849500293945
8506,0.0505525511403715
8507,0.05054660867520865
8508,0.050540667606958155
8509,0.05053472793512751
8510,0.05052878965922444
8511,0.050522852778756906
8512,0.050516917293233085
8513,0.0505109832021614
8514,0.050505050505050504
8515,0.05049911920140928
8516,0.05049318929074683
8517,0.050487260772572505
8518,0.05048133364639587
8519,0.05047540791172673
8520,0.05046948356807512
8521,0.050580917732660484
8522,0.050574982398498
8523,0.05056904845711604
8524,0.050563115908024404
8525,0.05055718475073314
8526,0.05055125498475252
8527,0.05054532660959306
8528,0.05053939962476548
8529,0.05053347402978075
8530,0.05052754982415006
8531,0.05052162700738483
8532,0.05051570557899672
8533,0.050509785538497595
8534,0.05050386688539958
8535,0.050497949619215
8536,0.05049203373945642
8537,0.05048611924563664
8538,0.05048020613726868
8539,0.05047429441386579
8540,0.050468384074941454
8541,0.05046247512000936
8542,0.05045656754858347
8543,0.05045066136017792
8544,0.050444756554307114
8545,0.05043885313048566
8546,0.050432951088228414
8547,0.050427050427050424
8548,0.05042115114646701
8549,0.050415253245993684
8550,0.050409356725146195
8551,0.050403461583440536
8552,0.05039756782039289
8553,0.05050859347597334
8554,0.05050268880056114
8555,0.05049678550555231
8556,0.05049088359046283
8557,0.050484983054808925
8558,0.050479083898107034
8559,0.05059002219885501
8560,0.05058411214953271
8561,0.050695012264922325
8562,0.050689091333800514
8563,0.05068317178558916
8564,0.05067725361980383
8565,0.050671336835960305
8566,0.050665421433574595
8567,0.05065950741216295
8568,0.05065359477124183
8569,0.050647683510327925
8570,0.05064177362893816
8571,0.050635865126589664
8572,0.050746616892207184
8573,0.05074069753878455
8574,0.050734779566130164
8575,0.05072886297376093
8576,0.05072294776119403
8577,0.05071703392794683
8578,0.05082769876428072
8579,0.0508217740995454
8580,0.05081585081585081
8581,0.05092646544691761
8582,0.0509205313446749
8583,0.05103110800419434
8584,0.05102516309412861
8585,0.05101921956901573
8586,0.05101327742837177
8587,0.051007336671713054
8588,0.05100139729855613
8589,0.05099545930841774
8590,0.0509895227008149
8591,0.05098358747526481
8592,0.05097765363128492
8593,0.05097172116839288
8594,0.050965790086106584
8595,0.05095986038394416
8596,0.050953932061423915
8597,0.05094800511806444
8598,0.050942079553384506
8599,0.05093615536690313
8600,0.050930232558139533
8601,0.050924311126613185
8602,0.05091839107184376
8603,0.05091247239335116
8604,0.05090655509065551
8605,0.05090063916327717
8606,0.05089472461073669
8607,0.05100499593354246
8608,0.05099907063197026
8609,0.050993146706934604
8610,0.05098722415795587
8611,0.05098130298455464
8612,0.05109150023223409
8613,0.05108556832694764
8614,0.05107963779893197
8615,0.05107370864770749
8616,0.0510677808727948
8617,0.05106185447371475
8618,0.051055929449988394
8619,0.05105000580113702
8620,0.05104408352668213
8621,0.05103816262614546
8622,0.05103224309904895
8623,0.05102632494491476
8624,0.05102040816326531
8625,0.051014492753623186
8626,0.051008578715511246
8627,0.051002666048452536
8628,0.05099675475197033
8629,0.05099084482558813
8630,0.05098493626882966
8631,0.05097902908121886
8632,0.05097312326227989
8633,0.051083053399745164
8634,0.05107713690062544
8635,0.051071221771858716
8636,0.05106530801296897
8637,0.05105939562348037
8638,0.051053484602917344
8639,0.05104757495080449
8640,0.051041666666666666
8641,0.051035759750028935
8642,0.05114556815551956
8643,0.05113965058428786
8644,0.05113373438223045
8645,0.05112781954887218
8646,0.05112190608373814
8647,0.05111599398635365
8648,0.05111008325624422
8649,0.051104173892935596
8650,0.05109826589595376
8651,0.051092359264824874
8652,0.05108645399907536
8653,0.05108055009823183
8654,0.051074647561821125
8655,0.051068746389370305
8656,0.051062846580406655
8657,0.051056948134457665
8658,0.05105105105105105
8659,0.05116064210647881
8660,0.05115473441108545
8661,0.051148828079898394
8662,0.051142923112445164
8663,0.051137019508253494
8664,0.051131117266851336
8665,0.051125216387766875
8666,0.0511193168705285
8667,0.05111341871466482
8668,0.05110752191970466
8669,0.05110162648517707
8670,0.05109573241061131
8671,0.05108983969553685
8672,0.05119926199261993
8673,0.05119335869941197
8674,0.0511874567673507
8675,0.05118155619596542
8676,0.051175656984785614
8677,0.051169759133341014
8678,0.05116386264116156
8679,0.051157967507777395
8680,0.05115207373271889
8681,0.05126137541757862
8682,0.05125547108961069
8683,0.051249568121616955
8684,0.05124366651312759
8685,0.051237766263673
8686,0.05123186737278379
8687,0.05122596983999079
8688,0.05122007366482505
8689,0.051214178846817816
8690,0.051208285385500575
8691,0.05120239328040502
8692,0.051196502531063046
8693,0.051190613137006784
8694,0.05118472509776858
8695,0.05117883841288096
8696,0.05117295308187673
8697,0.05116706910428884
8698,0.0511611864796505
8699,0.051155305207495116
8700,0.051149425287356325
8701,0.05114354671876796
8702,0.051137669501264076
8703,0.05113179363437895
8704,0.05124080882352941
8705,0.051234922458357264
8706,0.051229037445439926
8707,0.05122315378431147
8708,0.0512172714745062
8709,0.05121139051555862
8710,0.0513203214695752
8711,0.05131443003099529
8712,0.05130853994490358
8713,0.05130265121083438
8714,0.05129676382832224
8715,0.05129087779690189
8716,0.051284993116108304
8717,0.05127910978547665
8718,0.051273227804542326
8719,0.05126734717284092
8720,0.051261467889908256
8721,0.05125558995528036
8722,0.05124971336849347
8723,0.05124383812908403
8724,0.05123796423658872
8725,0.051232091690544414
8726,0.051226220490488195
8727,0.051220350635957375
8728,0.051214482126489456
8729,0.05120861496162218
8730,0.05120274914089347
8731,0.05119688466384149
8732,0.05119102153000458
8733,0.051185159738921335
8734,0.05117929929013052
8735,0.05117344018317115
8736,0.051167582417582416
8737,0.051161725992903744
8738,0.05115587090867475
8739,0.05115001716443529
8740,0.0511441647597254
8741,0.05113831369408534
8742,0.05113246396705559
8743,0.051126615578176826
8744,0.051120768526989935
8745,0.05111492281303602
8746,0.051109078435856395
8747,0.05110323539499257
8748,0.05109739368998628
8749,0.05109155332037947
8750,0.05108571428571428
8751,0.051079876585533084
8752,0.051074040219378426
8753,0.05118245173083514
8754,0.051176604980580305
8755,0.05117075956596231
8756,0.05127912288716309
8757,0.05127326710060523
8758,0.05126741265129025
8759,0.05126155953876013
8760,0.05136986301369863
8761,0.05136399954343111
8762,0.051358137411549876
8763,0.05135227661759671
8764,0.05134641716111365
8765,0.0513405590416429
8766,0.0513347022587269
8767,0.051328846811908295
8768,0.05132299270072993
8769,0.05131713992473486
8770,0.05131128848346636
8771,0.05130543837646791
8772,0.05129958960328317
8773,0.05129374216345606
8774,0.05128789605653066
8775,0.05128205128205128
8776,0.051276207839562445
8777,0.051270365728608866
8778,0.05126452494873548
8779,0.051258685499487415
8780,0.05125284738041002
8781,0.05124701059104886
8782,0.05135504440901845
8783,0.05134919731299101
8784,0.05134335154826958
8785,0.05133750711439954
8786,0.051331664010926474
8787,0.05143962672129282
8788,0.051433773327264454
8789,0.051541699852087834
8790,0.051535836177474405
8791,0.05152997383687863
8792,0.051524112829845314
8793,0.05151825315591948
8794,0.051512394814646346
8795,0.05150653780557135
8796,0.05150068212824011
8797,0.05149482778219848
8798,0.0514889747669925
8799,0.05148312308216843
8800,0.051477272727272726
8801,0.051471423701852065
8802,0.0514655760054533
8803,0.05145972963762354
8804,0.05145388459791004
8805,0.05144804088586031
8806,0.05155575743811038
8807,0.05154990348586352
8808,0.05154405086285195
8809,0.051538199568623
8810,0.051532349602724174
8811,0.05152650096470321
8812,0.05152065365410803
8813,0.05151480767048678
8814,0.05150896301338779
8815,0.05150311968235961
8816,0.051497277676950996
8817,0.0514914369967109
8818,0.05148559764118848
8819,0.0514797596099331
8820,0.05147392290249433
8821,0.05146808751842195
8822,0.051462253457265926
8823,0.05145642071857645
8824,0.051450589301903896
8825,0.05144475920679887
8826,0.05143893043281215
8827,0.05143310297949473
8828,0.05142727684639783
8829,0.05142145203307283
8830,0.05141562853907135
8831,0.051409806363945196
8832,0.051403985507246376
8833,0.051398165968527115
8834,0.05139234774733983
8835,0.051386530843237126
8836,0.05138071525577184
8837,0.051374900984497
8838,0.05136908802896583
8839,0.051363276388731754
8840,0.051357466063348414
8841,0.05146476642913698
8842,0.05145894593983262
8843,0.05156621056202646
8844,0.05167345092718227
8845,0.05166760881854155
8846,0.05166176803074836
8847,0.05165592856335481
8848,0.0516500904159132
8849,0.051644253587976044
8850,0.05163841807909605
8851,0.05163258388882612
8852,0.05162675101671939
8853,0.051620919462329155
8854,0.051615089225208945
8855,0.05160926030491248
8856,0.05160343270099368
8857,0.05159760641300666
8858,0.05159178144050576
8859,0.05158595778304549
8860,0.051580135440180586
8861,0.051574314411465975
8862,0.05168133604152562
8863,0.05167550490804468
8864,0.051669675090252706
8865,0.051663846587704454
8866,0.05165801939995488
8867,0.05165219352655915
8868,0.05164636896707262
8869,0.051640545721050854
8870,0.051634723788049605
8871,0.05162890316762485
8872,0.05162308385933273
8873,0.051617265862729626
8874,0.0516114491773721
8875,0.0516056338028169
8876,0.051599819738621
8877,0.05159400698434156
8878,0.05158819553953593
8879,0.051582385403761685
8880,0.05157657657657658
8881,0.05157076905753857
8882,0.05156496284620581
8883,0.05155915794213667
8884,0.05155335434488969
8885,0.051660101294316266
8886,0.05176682421787081
8887,0.05176099921233262
8888,0.05175517551755175
8889,0.05174935313308584
8890,0.05174353205849269
8891,0.05173771229333034
8892,0.051731893837157
8893,0.051726076689531095
8894,0.051720260850011246
8895,0.05171444631815627
8896,0.05170863309352518
8897,0.0517028211756772
8898,0.051697010564171725
8899,0.05169120125856838
8900,0.051685393258426963
8901,0.05167958656330749
8902,0.05167378117277016
8903,0.051667977086375376
8904,0.051662174303683736
8905,0.05165637282425604
8906,0.05165057264765327
8907,0.051644773773436625
8908,0.05163897620116749
8909,0.051633179930407454
8910,0.051739618406285076
8911,0.05173381214229604
8912,0.05172800718132855
8913,0.051722203522944016
8914,0.05171640116670406
8915,0.0517106001121705
8916,0.05170480035890534
8917,0.05169900190647079
8918,0.05169320475442924
8919,0.051687408902343315
8920,0.051681614349775785
8921,0.051675821096289654
8922,0.0516700291414481
8923,0.05166423848481452
8924,0.05165844912595249
8925,0.05165266106442577
8926,0.05164687429979834
8927,0.05164108883163437
8928,0.051635304659498206
8929,0.05162952178295442
8930,0.05162374020156775
8931,0.051617959914903144
8932,0.05172413793103448
8933,0.05171834769954103
8934,0.051712558764271326
8935,0.05170677112479015
8936,0.05170098478066249
8937,0.05180709410316661
8938,0.051801297829492055
8939,0.05179550285266808
8940,0.05178970917225951
8941,0.05178391678783134
8942,0.05177812569894878
8943,0.051772335905177234
8944,0.05176654740608229
8945,0.05176076020122974
8946,0.05175497429018556
8947,0.051749189672515926
8948,0.051743406347787214
8949,0.051737624315565986
8950,0.051731843575419
8951,0.0517260641269132
8952,0.051720285969615726
8953,0.051714509103093935
8954,0.051708733526915344
8955,0.05170295924064768
8956,0.05169718624385886
8957,0.051691414536117
8958,0.0516856441169904
8959,0.05167987498604755
8960,0.05167410714285714
8961,0.05166834058698806
8962,0.05166257531800937
8963,0.05165681133549035
8964,0.05165104863900045
8965,0.051645287228109314
8966,0.0516395271023868
8967,0.051633768261402924
8968,0.051628010704727924
8969,0.05162225443193221
8970,0.0516164994425864
8971,0.05161074573626129
8972,0.051604993312527866
8973,0.051599242170957314
8974,0.051593492311121016
8975,0.05158774373259053
8976,0.05158199643493761
8977,0.05157625041773421
8978,0.051570505680552464
8979,0.051564762222964695
8980,0.05155902004454343
8981,0.05155327914486137
8982,0.05154753952349143
8983,0.05154180118000668
8984,0.05153606411398041
8985,0.05153032832498609
8986,0.05152459381259737
8987,0.05151886057638812
8988,0.05151312861593235
8989,0.05150739793080432
8990,0.05150166852057842
8991,0.05149594038482928
8992,0.05149021352313167
8993,0.0514844879350606
8994,0.051478763620191235
8995,0.05158421345191773
8996,0.05157847932414406
8997,0.051572746471045906
8998,0.05156701489219827
8999,0.051561284587176355
9000,0.051555555555555556
9001,0.05154982779691145
9002,0.051544101310819816
9003,0.0515383760968566
9004,0.05153265215459796
9005,0.05152692948362021
9006,0.051521208083499886
9007,0.0515154879538137
9008,0.05150976909413854
9009,0.051504051504051504
9010,0.05149833518312986
9011,0.05149262013095106
9012,0.05159786950732357
9013,0.051592144679906804
9014,0.051586421122698026
9015,0.051580698835274545
9016,0.05157497781721384
9017,0.0515692580680936
9018,0.051563539587491686
9019,0.0516686994123517
9020,0.0516629711751663
9021,0.0516572442079592
9022,0.051651518510308136
9023,0.05164579408179098
9024,0.05164007092198582
9025,0.051634349030470914
9026,0.05162862840682473
9027,0.0516229090506259
9028,0.05161719096145326
9029,0.05161147413888581
9030,0.05160575858250277
9031,0.051600044291883515
9032,0.05159433126660762
9033,0.051588619506254846
9034,0.05158290901040514
9035,0.05157719977863863
9036,0.051571491810535636
9037,0.051565785105676665
9038,0.0515600796636424
9039,0.05155437548401372
9040,0.05154867256637168
9041,0.05154297091029753
9042,0.051537270515372706
9043,0.05153157138117881
9044,0.051525873507297655
9045,0.051520176893311224
9046,0.05151448153880168
9047,0.05150878744335139
9048,0.051503094606542885
9049,0.05149740302795889
9050,0.05149171270718232
9051,0.051486023643796265
9052,0.051480335837384004
9053,0.051474649287529
9054,0.05146896399381489
9055,0.05146327995582551
9056,0.051457597173144874
9057,0.051451915645357185
9058,0.05144623537204681
9059,0.051440556352798324
9060,0.05143487858719647
9061,0.05142920207482618
9062,0.05142352681527257
9063,0.05141785280812093
9064,0.05141218005295675
9065,0.051406508549365695
9066,0.0514008382969336
9067,0.0513951692952465
9068,0.0513895015438906
9069,0.05138383504245231
9070,0.051378169790518194
9071,0.05137250578767501
9072,0.0513668430335097
9073,0.05136118152760939
9074,0.05135552126956138
9075,0.05134986225895317
9076,0.051344204495372414
9077,0.051338547978406965
9078,0.05133289270764486
9079,0.0513272386826743
9080,0.0513215859030837
9081,0.05131593436846162
9082,0.05131028407839683
9083,0.05130463503247826
9084,0.05129898723029502
9085,0.05140341221794166
9086,0.0513977547875853
9087,0.05139209860239903
9088,0.05138644366197183
9089,0.051380789965892834
9090,0.051375137513751376
9091,0.05136948630513695
9092,0.05136383633963924
9093,0.05135818761684813
9094,0.05135254013635364
9095,0.051346893897746014
9096,0.05134124890061566
9097,0.05133560514455315
9098,0.05132996262914926
9099,0.051324321353994944
9100,0.051318681318681315
9101,0.051313042522799696
9102,0.05130740496594155
9103,0.05130176864769856
9104,0.051296133567662563
9105,0.05129049972542559
9106,0.051284867120579836
9107,0.05127923575271769
9108,0.05127360562143171
9109,0.05126797672631463
9110,0.05126234906695939
9111,0.05125672264295906
9112,0.051251097453906935
9113,0.05124547349939647
9114,0.05123985077902129
9115,0.05123422929237521
9116,0.051228609039052214
9117,0.05122299001864648
9118,0.05121737223075236
9119,0.05121175567496436
9120,0.05120614035087719
9121,0.05131016335928078
9122,0.05130453847840386
9123,0.051298914830647815
9124,0.05129329241560719
9125,0.05128767123287671
9126,0.05128205128205128
9127,0.05127643256272598
9128,0.05127081507449606
9129,0.05126519881695695
9130,0.05125958378970427
9131,0.05125396999233381
9132,0.051248357424441525
9133,0.051352239132815065
9134,0.0513466170352529
9135,0.05134099616858238
9136,0.0513353765323993
9137,0.05132975812629966
9138,0.051324140949879624
9139,0.05131852500273553
9140,0.05131291028446389
9141,0.051307296794661415
9142,0.05130168453292496
9143,0.05129607349885158
9144,0.0512904636920385
9145,0.051284855112083104
9146,0.05127924775858299
9147,0.05127364163113589
9148,0.051268036729339744
9149,0.051262433052792655
9150,0.051256830601092894
9151,0.05125122937383893
9152,0.05124562937062937
9153,0.05124003059106304
9154,0.05123443303473891
9155,0.05122883670125614
9156,0.05122324159021407
9157,0.05121764770121219
9158,0.051321249181043894
9159,0.05131564581286167
9160,0.05141921397379913
9161,0.05141360113524725
9162,0.05140798952193844
9163,0.05140237913347157
9164,0.05139676996944566
9165,0.051391162029459904
9166,0.05138555531311368
9167,0.05137994982000654
9168,0.05148342059336824
9169,0.05147780564947104
9170,0.05158124318429662
9171,0.051575618798386215
9172,0.051569995638901
9173,0.05156437370543988
9174,0.05155875299760192
9175,0.051553133514986374
9176,0.05154751525719268
9177,0.05154189822382042
9178,0.051536282414469385
9179,0.05153066782873952
9180,0.051525054466230936
9181,0.05151944232654395
9182,0.05151383140927902
9183,0.05150822171403681
9184,0.05150261324041812
9185,0.05149700598802395
9186,0.05149139995645548
9187,0.05148579514531403
9188,0.05148019155420113
9189,0.051474589182718467
9190,0.0514689880304679
9191,0.05146338809705146
9192,0.051457789382071364
9193,0.05145219188512999
9194,0.05144659560582989
9195,0.05144100054377379
9196,0.05143540669856459
9197,0.051429814069805374
9198,0.051532941943900845
9199,0.05152733992825307
9200,0.051521739130434785
9201,0.051516139550048905
9202,0.051510541186698545
9203,0.05150494403998696
9204,0.051499348109517604
9205,0.05149375339489408
9206,0.051488159895720184
9207,0.05148256761159987
9208,0.05147697654213727
9209,0.05157997611032685
9210,0.051682953311617805
9211,0.05167734230810987
9212,0.05167173252279635
9213,0.051666123955280585
9214,0.05166051660516605
9215,0.05165491047205643
9216,0.05164930555555555
9217,0.05164370185526744
9218,0.05163809937079627
9219,0.05174096973641393
9220,0.0517353579175705
9221,0.05172974731590934
9222,0.05172413793103448
9223,0.05171852976255015
9224,0.051712922810060714
9225,0.05170731707317073
9226,0.05170171255148493
9227,0.05169610924460821
9228,0.05169050715214565
9229,0.05168490627370246
9230,0.051679306608884076
9231,0.05167370815729607
9232,0.051668110918544195
9233,0.051662514892234376
9234,0.05165692007797271
9235,0.05175961017866811
9236,0.051754006063230835
9237,0.051748403161199524
9238,0.051742801472180126
9239,0.05173720099577876
9240,0.05173160173160173
9241,0.05183421707607402
9242,0.05182860852629301
9243,0.0518230011900898
9244,0.05181739506707053
9245,0.051811790156841536
9246,0.0518061864590093
9247,0.05180058397318049
9248,0.05179498269896194
9249,0.05178938263596065
9250,0.05178378378378378
9251,0.0517781861420387
9252,0.051772589710332904
9253,0.05176699448827407
9254,0.051761400475470065
9255,0.0517558076715289
9256,0.05175021607605877
9257,0.051744625688668035
9258,0.05173903650896522
9259,0.05173344853655902
9260,0.051727861771058314
9261,0.05172227621207213
9262,0.05171669185920967
9263,0.05171110871208032
9264,0.05181347150259067
9265,0.05180787911494873
9266,0.05180228793438377
9267,0.05179669796050502
9268,0.05179110919292188
9269,0.05178552163124393
9270,0.05177993527508091
9271,0.05177435012404272
9272,0.05176876617773943
9273,0.0517631834357813
9274,0.051757601897778734
9275,0.05175202156334232
9276,0.0517464424320828
9277,0.05174086450361108
9278,0.05173528777753826
9279,0.05172971225347559
9280,0.05172413793103448
9281,0.05171856480982653
9282,0.051712992889463474
9283,0.05170742216955725
9284,0.05170185264971995
9285,0.051696284329563816
9286,0.05169071720870127
9287,0.05168515128674491
9288,0.05167958656330749
9289,0.051674023038001934
9290,0.05166846071044134
9291,0.05166289958023894
9292,0.05165733964700818
9293,0.05165178091036264
9294,0.051646223369916075
9295,0.05174825174825175
9296,0.05174268502581755
9297,0.05173711950091427
9298,0.051839105183910515
9299,0.05183353048714916
9300,0.05182795698924731
9301,0.0518223846898183
9302,0.0518168135884756
9303,0.05191873589164785
9304,0.051913155631986244
9305,0.05190757657173563
9306,0.05190199871050935
9307,0.05189642204792092
9308,0.05189084658358401
9309,0.05188527231711247
9310,0.0518796992481203
9311,0.05187412737622167
9312,0.05186855670103093
9313,0.051862987222162565
9314,0.051857418939231265
9315,0.05185185185185185
9316,0.05184628595963933
9317,0.051840721262208865
9318,0.05183515775917579
9319,0.0518295954501556
9320,0.05182403433476395
9321,0.05181847441261667
9322,0.051812915683329755
9323,0.051807358146519364
9324,0.0518018018018018
9325,0.051796246648793565
9326,0.051790692687111305
9327,0.051785139916371827
9328,0.05177958833619211
9329,0.0517740379461893
9330,0.05176848874598071
9331,0.051762940735183796
9332,0.0517573939134162
9333,0.05175184828029573
9334,0.05185343904006857
9335,0.05184788430637386
9336,0.05184233076263925
9337,0.05183677840848238
9338,0.0518312272435211
9339,0.05182567726737338
9340,0.05182012847965739
9341,0.05181458087999143
9342,0.051916077927638624
9343,0.05191052124585251
9344,0.05190496575342466
9345,0.051899411449973246
9346,0.05189385833511663
9347,0.051888306408473306
9348,0.05188275566966196
9349,0.05187720611830142
9350,0.051871657754010696
9351,0.05186611057640894
9352,0.05186056458511548
9353,0.051855019779749816
9354,0.05184947615993158
9355,0.0518439337252806
9356,0.05183839247541684
9357,0.05183285240996046
9358,0.05182731352853174
9359,0.05182177583075115
9360,0.05181623931623932
9361,0.051810703984617026
9362,0.05180516983550523
9363,0.05179963686852505
9364,0.05179410508329774
9365,0.05178857447944474
9366,0.05178304505658766
9367,0.051777516814348244
9368,0.05177198975234842
9369,0.05176646387021027
9370,0.05176093916755603
9371,0.05175541564400811
9372,0.051749893299189074
9373,0.051851061559799426
9374,0.05184553018988692
9375,0.05184
9376,0.05183447098976109
9377,0.051828943158792794
9378,0.05182341650671785
9379,0.05181789103315919
9380,0.051812366737739875
9381,0.05180684362008315
9382,0.051801321679812405
9383,0.05179580091655121
9384,0.05179028132992328
9385,0.051784762919552474
9386,0.05177924568506286
9387,0.05177372962607862
9388,0.051768214742224115
9389,0.051762701033123866
9390,0.05175718849840256
9391,0.05175167713768502
9392,0.05174616695059625
9393,0.05184712019589056
9394,0.05184160102192889
9395,0.05183608302288451
9396,0.0519369944657301
9397,0.05193146748962435
9398,0.051925941689721214
9399,0.051920417065645284
9400,0.05191489361702128
9401,0.0519093713434741
9402,0.051903850244628805
9403,0.051898330320110604
9404,0.051892811569544874
9405,0.05188729399255715
9406,0.051881777588773124
9407,0.05187626235781865
9408,0.05187074829931973
9409,0.05186523541290254
9410,0.05185972369819341
9411,0.05185421315481883
9412,0.05184870378240544
9413,0.05194943163709763
9414,0.05194391332058636
9415,0.05204460966542751
9416,0.05203908241291419
9417,0.05203355633428905
9418,0.05202803142917817
9419,0.05202250769720777
9420,0.05201698513800425
9421,0.052117609595584334
9422,0.052112078115049885
9423,0.05210654780855354
9424,0.05210101867572156
9425,0.05209549071618037
9426,0.052089963929556546
9427,0.05219051660125172
9428,0.05229104794229953
9429,0.0522855021741436
9430,0.05227995758218452
9431,0.05227441416604814
9432,0.05226887192536048
9433,0.05226333085974769
9434,0.05225779096883613
9435,0.05225225225225225
9436,0.05224671470962272
9437,0.05224117834057433
9438,0.052235643144734056
9439,0.052230109121729
9440,0.05222457627118644
9441,0.05221904459273382
9442,0.05221351408599873
9443,0.052207984750608914
9444,0.05220245658619229
9445,0.05219692959237692
9446,0.05219140376879102
9447,0.052185879115062984
9448,0.05218035563082134
9449,0.05217483331569478
9450,0.05216931216931217
9451,0.05216379219130251
9452,0.052158273381294966
9453,0.05215275573891886
9454,0.05225301459699598
9455,0.05224748810153358
9456,0.0522419627749577
9457,0.052236438616897536
9458,0.05223091562698245
9459,0.05222539380484195
9460,0.052219873150105706
9461,0.052214353662403554
9462,0.05220883534136546
9463,0.05220331818662158
9464,0.0521978021978022
9465,0.05219228737453777
9466,0.052186773716458905
9467,0.052181261223196364
9468,0.05217574989438107
9469,0.0521702397296441
9470,0.05227032734952482
9471,0.05226480836236934
9472,0.05225929054054054
9473,0.05235933706323234
9474,0.05235381042854127
9475,0.05234828496042216
9476,0.052342760658505696
9477,0.05233723752242271
9478,0.05233171555180418
9479,0.05232619474628125
9480,0.05232067510548523
9481,0.052315156629047566
9482,0.052309639316599876
9483,0.052304123167773914
9484,0.052298608182201604
9485,0.05229309435951503
9486,0.05228758169934641
9487,0.052282070201328135
9488,0.05227655986509275
9489,0.05227105069027295
9490,0.05226554267650158
9491,0.052260035823411655
9492,0.05225453013063633
9493,0.05224902559780891
9494,0.05224352222456288
9495,0.052238020010531856
9496,0.05223251895534962
9497,0.0522270190586501
9498,0.05222152032006738
9499,0.05221602273923571
9500,0.05231578947368421
9501,0.05231028312809178
9502,0.052304777941486004
9503,0.052299273913501
9504,0.052293771043771045
9505,0.052288269331930565
9506,0.05228276877761414
9507,0.05227726938045651
9508,0.05227177114009255
9509,0.05226627405615732
9510,0.052260778128286015
9511,0.05236042477131742
9512,0.05235492010092515
9513,0.052349416587827186
9514,0.05234391423165861
9515,0.05244351024697846
9516,0.05243799915931063
9517,0.0524324892297993
9518,0.05242698045807943
9519,0.052421472843786114
9520,0.05241596638655462
9521,0.0525154920701607
9522,0.05261499684940139
9523,0.05260947180510343
9524,0.05260394792104158
9525,0.052598425196850394
9526,0.0525929036321646
9527,0.052587383226619086
9528,0.05258186397984887
9529,0.052576345891489136
9530,0.05257082896117524
9531,0.05256531318854265
9532,0.052559798573227026
9533,0.05255428511486416
9534,0.05254877281308999
9535,0.05254326166754064
9536,0.05253775167785235
9537,0.05253224284366153
9538,0.05252673516460474
9539,0.05252122864031869
9540,0.052515723270440254
9541,0.052510219054606434
9542,0.05250471599245441
9543,0.0524992140836215
9544,0.05249371332774518
9545,0.05248821372446307
9546,0.05248271527341295
9547,0.05247721797423274
9548,0.052471721826560534
9549,0.05246622683003456
9550,0.05246073298429319
9551,0.052559941367396085
9552,0.052554438860971525
9553,0.05254893750654245
9554,0.05254343730374712
9555,0.05253793825222396
9556,0.05253244035161155
9557,0.0525269436015486
9558,0.05252144800167399
9559,0.05251595355162674
9560,0.052510460251046026
9561,0.05250496809957118
9562,0.05249947709684166
9563,0.052493987242497125
9564,0.05248849853617733
9565,0.05248301097752222
9566,0.05247752456617186
9567,0.05247203930176649
9568,0.05246655518394649
9569,0.05246107221235239
9570,0.05245559038662487
9571,0.05245010970640476
9572,0.05244463017133306
9573,0.05243915178105087
9574,0.052433674535199495
9575,0.052428198433420364
9576,0.05242272347535505
9577,0.052417249660645295
9578,0.05241177698893297
9579,0.05240630545986011
9580,0.05240083507306889
9581,0.05239536582820165
9582,0.05238989772490085
9583,0.05238443076280914
9584,0.05237896494156928
9585,0.052373500260824206
9586,0.05236803672021698
9587,0.05236257431939084
9588,0.05235711305798915
9589,0.05235165293565544
9590,0.05234619395203337
9591,0.05234073610676676
9592,0.052335279399499585
9593,0.05232982382987595
9594,0.05232436939754013
9595,0.05231891610213653
9596,0.05231346394330971
9597,0.05230801292070439
9598,0.05230256303396541
9599,0.05229711428273778
9600,0.05229166666666667
9601,0.05228622018539735
9602,0.052280774838575295
9603,0.05227533062584609
9604,0.05226988754685548
9605,0.05226444560124935
9606,0.05225900478867374
9607,0.05225356510877485
9608,0.052248126561199
9609,0.05224268914559267
9610,0.052237252861602496
9611,0.05223181770887525
9612,0.05222638368705784
9613,0.05222095079579736
9614,0.052215519034741004
9615,0.052210088403536144
9616,0.052204658901830285
9617,0.052199230529271085
9618,0.052193803285506345
9619,0.052188377170184014
9620,0.052182952182952186
9621,0.0521775283234591
9622,0.05217210559135315
9623,0.052166683986282866
9624,0.052161263507896925
9625,0.05215584415584416
9626,0.05215042592977353
9627,0.052145008829334163
9628,0.05213959285417532
9629,0.05213417800394641
9630,0.05212876427829699
9631,0.052123351676876754
9632,0.05211794019933555
9633,0.052112529845323365
9634,0.05210712061449035
9635,0.052101712506486764
9636,0.05209630552096305
9637,0.052090899657569786
9638,0.05208549491595767
9639,0.05208009129577757
9640,0.0520746887966805
9641,0.0520692874183176
9642,0.05206388716034018
9643,0.052058488022399665
9644,0.05205309000414766
9645,0.052047693105235875
9646,0.05204229732531619
9647,0.05203690266404063
9648,0.05203150912106136
9649,0.052026116696030675
9650,0.05202072538860104
9651,0.052015335198425036
9652,0.05200994612515541
9653,0.05200455816844504
9654,0.051999171327946965
9655,0.051993785603314344
9656,0.0519884009942005
9657,0.05198301750025888
9658,0.0519776351211431
9659,0.05197225385650688
9660,0.05196687370600414
9661,0.05196149466928889
9662,0.051956116746015316
9663,0.05195073993583773
9664,0.0519453642384106
9665,0.051939989653388516
9666,0.05193461618042624
9667,0.05192924381917865
9668,0.05192387256930078
9669,0.05191850243044782
9670,0.051913133402275075
9671,0.05190776548443801
9672,0.05190239867659222
9673,0.051897032978393466
9674,0.051891668389497624
9675,0.051886304909560726
9676,0.05188094253823894
9677,0.05187558127518859
9678,0.05187022112006613
9679,0.051864862072528155
9680,0.05185950413223141
9681,0.05185414729883277
9682,0.05184879157198926
9683,0.05184343695135805
9684,0.05183808343659645
9685,0.0518327310273619
9686,0.05182737972331199
9687,0.05182202952410447
9688,0.051816680429397195
9689,0.05181133243884818
9690,0.05180598555211558
9691,0.0518006397688577
9692,0.05179529508873298
9693,0.05178995151139998
9694,0.05178460903651743
9695,0.051779267663744195
9696,0.051773927392739276
9697,0.051768588223161806
9698,0.051763250154671064
9699,0.051757913186926484
9700,0.05175257731958763
9701,0.05174724255231419
9702,0.05174190888476603
9703,0.05173657631660311
9704,0.05173124484748557
9705,0.05172591447707367
9706,0.05172058520502782
9707,0.05171525703100855
9708,0.051709929954676555
9709,0.05170460397569265
9710,0.05169927909371782
9711,0.05169395530841314
9712,0.051688632619439866
9713,0.051683311026459386
9714,0.05167799052913321
9715,0.051672671127123
9716,0.05166735282009057
9717,0.05166203560769785
9718,0.051656719489606914
9719,0.051651404465479986
9720,0.05164609053497942
9721,0.05164077769776772
9722,0.05163546595350751
9723,0.05163015530186157
9724,0.0516248457424928
9725,0.05161953727506427
9726,0.05161422989923915
9727,0.051608923614680786
9728,0.051603618421052634
9729,0.0515983143180183
9730,0.05159301130524152
9731,0.05158770938238619
9732,0.05158240854911632
9733,0.05157710880509606
9734,0.051571810149989725
9735,0.05156651258346174
9736,0.051561216105176666
9737,0.05155592071479922
9738,0.051550626411994246
9739,0.051545333196426735
9740,0.051540041067761805
9741,0.05153475002566472
9742,0.051529460069800866
9743,0.05152417119983578
9744,0.05151888341543514
9745,0.05151359671626475
9746,0.05150831110199056
9747,0.05150302657227865
9748,0.05149774312679524
9749,0.051492460765206687
9750,0.051487179487179485
9751,0.05148189929238027
9752,0.0514766201804758
9753,0.051471342151132984
9754,0.05146606520401886
9755,0.05146078933880061
9756,0.05145551455514555
9757,0.051450240852721124
9758,0.05144496823119492
9759,0.051439696690234654
9760,0.051434426229508196
9761,0.05142915684868354
9762,0.051423888547428805
9763,0.05141862132541227
9764,0.051413355182302334
9765,0.051408090117767535
9766,0.05140282613147655
9767,0.051397563223098186
9768,0.051392301392301394
9769,0.051387040638755245
9770,0.05138178096212897
9771,0.051376522362091906
9772,0.05137126483831355
9773,0.05136600839046352
9774,0.05136075301821158
9775,0.05135549872122762
9776,0.05135024549918167
9777,0.05134499335174389
9778,0.05133974227858458
9779,0.05133449227937417
9780,0.05132924335378323
9781,0.051323995501482464
9782,0.05131874872214271
9783,0.05131350301543494
9784,0.05130825838103025
9785,0.0513030148185999
9786,0.051297772327815246
9787,0.05129253090834781
9788,0.05128729055986923
9789,0.05128205128205128
9790,0.051276813074565886
9791,0.051271575937085076
9792,0.051266339869281044
9793,0.0512611048708261
9794,0.05125587094139269
9795,0.051250638080653395
9796,0.051245406288280934
9797,0.051240175563948144
9798,0.05123494590732803
9799,0.051229717318093684
9800,0.051224489795918364
9801,0.05121926334047546
9802,0.05121403795143848
9803,0.05120881362848108
9804,0.05120359037127703
9805,0.051198368179500256
9806,0.0511931470528248
9807,0.05118792699092485
9808,0.05118270799347471
9809,0.05117749006014884
9810,0.05127420998980632
9811,0.05126898379370095
9812,0.0512637586628618
9813,0.05125853459696321
9814,0.05135520684736091
9815,0.051349974528782476
9816,0.05134474327628362
9817,0.051339513089538553
9818,0.051334283968221636
9819,0.051329055912007336
9820,0.05132382892057027
9821,0.05131860299358518
9822,0.05131337813072694
9823,0.05130815433167057
9824,0.05130293159609121
9825,0.05129770992366412
9826,0.05129248931406473
9827,0.051287269766968555
9828,0.05128205128205128
9829,0.05127683385898871
9830,0.05127161749745676
9831,0.05126640219713152
9832,0.05126118795768918
9833,0.051255974778806064
9834,0.051250762660158634
9835,0.05124555160142349
9836,0.05124034160227735
9837,0.05123513266239707
9838,0.05122992478145964
9839,0.05122471795914219
9840,0.05121951219512195
9841,0.051214307489076315
9842,0.051209103840682786
9843,0.05130549629178096
9844,0.05130028443722064
9845,0.051295073641442354
9846,0.0512898639041235
9847,0.051284655224941605
9848,0.05127944760357433
9849,0.051274241039699464
9850,0.05137055837563452
9851,0.05136534361993706
9852,0.0513601299228583
9853,0.051354917284075915
9854,0.05134970570326771
9855,0.05134449518011162
9856,0.05133928571428571
9857,0.0513340773054682
9858,0.051328869953337394
9859,0.05132366365757176
9860,0.0513184584178499
9861,0.051313254233850525
9862,0.05130805110525249
9863,0.051302849031734765
9864,0.05129764801297648
9865,0.05129244804865687
9866,0.0512872491384553
9867,0.05128205128205128
9868,0.051276854479124445
9869,0.05127165872935455
9870,0.05126646403242148
9871,0.05126127038800527
9872,0.05125607779578606
9873,0.05125088625544414
9874,0.05124569576665992
9875,0.05124050632911392
9876,0.051235317942486834
9877,0.05123013060645945
9878,0.051224944320712694
9879,0.051219759084927624
9880,0.05121457489878543
9881,0.05120939176196741
9882,0.05120420967415503
9883,0.05119902863502985
9884,0.05119384864427357
9885,0.05118866970156803
9886,0.05128464495245802
9887,0.05127945787397593
9888,0.05127427184466019
9889,0.051269086864192535
9890,0.051365015166835185
9891,0.051359822060459005
9892,0.05135463000404367
9893,0.0513494389972708
9894,0.05134424903982211
9895,0.05133906013137948
9896,0.0513338722716249
9897,0.05132868546024048
9898,0.05132349969690846
9899,0.051318314981311244
9900,0.05131313131313131
9901,0.05130794869205131
9902,0.051302767117753986
9903,0.05129758658992225
9904,0.051292407108239096
9905,0.051287228672387684
9906,0.05128205128205128
9907,0.0512768749369133
9908,0.05137262817924909
9909,0.051367443738015946
9910,0.05136226034308779
9911,0.05135707799414792
9912,0.05135189669087974
9913,0.05134671643296681
9914,0.05144240468025015
9915,0.05143721633888049
9916,0.05143202904396934
9917,0.05142684279520016
9918,0.05152248437184916
9919,0.051517290049400144
9920,0.05151209677419355
9921,0.05150690454591271
9922,0.05150171336424108
9923,0.05149652322886224
9924,0.051491334139459895
9925,0.05148614609571788
9926,0.05148095909732017
9927,0.05147577314395084
9928,0.051470588235294115
9929,0.05146540437103434
9930,0.05146022155085599
9931,0.051555734568522804
9932,0.05155054369714056
9933,0.051545353870935263
9934,0.05164082947453191
9935,0.05163563160543533
9936,0.051630434782608696
9937,0.05162523900573614
9938,0.05162004427450191
9939,0.0516148505885904
9940,0.05160965794768611
9941,0.05160446635147369
9942,0.0515992757996379
9943,0.05159408629186362
9944,0.05158889782783588
9945,0.051583710407239816
9946,0.05157852402976071
9947,0.051573338695083945
9948,0.051568154402895056
9949,0.05156297115287969
9950,0.05155778894472362
9951,0.051552607778112755
9952,0.05154742765273312
9953,0.051542248568270874
9954,0.051537070524412296
9955,0.051531893520843794
9956,0.05152671755725191
9957,0.05152154263332329
9958,0.051516368748744726
9959,0.05151119590320313
9960,0.05150602409638554
9961,0.051500853327979115
9962,0.05149568359767115
9963,0.051490514905149054
9964,0.05148534725010036
9965,0.05148018063221275
9966,0.051475015051173995
9967,0.051469850506672014
9968,0.05146468699839486
9969,0.0514595245260307
9970,0.051454363089267804
9971,0.051549493531240595
9972,0.051544324107501004
9973,0.0515391557204452
9974,0.05163424904752356
9975,0.05162907268170426
9976,0.05162389735364876
9977,0.051618723063045005
9978,0.05161354980958108
9979,0.05160837759294518
9980,0.051603206412825654
9981,0.05159803626891093
9982,0.0515928671608896
9983,0.051587699088450366
9984,0.05158253205128205
9985,0.05157736604907361
9986,0.05157220108151412
9987,0.051567037148292784
9988,0.051561874249098916
9989,0.051556712383621986
9990,0.05155155155155155
9991,0.05164648183365029
9992,0.051641313050440354
9993,0.0516361453017112
9994,0.05163097858715229
9995,0.051625812906453225
9996,0.05172068827531012
9997,0.05171551465439632
9998,0.051710342068413684
9999,0.0517051705170517
10000,0.0517
