Episode,Epsilon
1,1.0
2,1.0
3,0.995
4,0.9229311239742362
5,0.8690529955452602
6,0.8183201210226743
7,0.7744209942832988
8,0.736559652908221
9,0.7005493475733617
10,0.6797938283326578
11,0.6337242817644086
12,0.6057704364907278
13,0.567555222460375
14,0.5344229416520513
15,0.5057535983897912
16,0.47147873742168567
17,0.446186062443672
18,0.42650460709830135
19,0.4117990041127769
20,0.39166620452737816
21,0.3614809303671764
22,0.3438081748424137
23,0.3173112652388396
24,0.30028896908517405
25,0.2757603055760701
26,0.2570720625972084
27,0.2457325055235537
28,0.23725980767521673
29,0.22453190559909803
30,0.21355457002808648
31,0.19808659230739353
32,0.17388222158237718
33,0.16538114245489302
34,0.15888051309497406
35,0.14885748713096328
36,0.14372497725712216
37,0.13807558583895513
38,0.12679708435358925
39,0.12181307688414106
40,0.11299003011401039
41,0.1042820154910064
42,0.09868776295209031
43,0.0943346041173244
44,0.0906265979439563
45,0.08490939117940327
46,0.07915509187866444
47,0.07379076075438468
48,0.06844601986126451
49,0.06412808167716157
50,0.06129936495526111
51,0.058595424120670696
52,0.05601075525639029
53,0.05354009722551939
54,0.05143559895690903
55,0.04966213277390804
56,0.046997986793891174
57,0.04425437624418858
58,0.039435475429100995
59,0.036396227662238566
60,0.034100160462149656
61,0.031948941366546975
62,0.029783765425331846
63,0.027765323199097504
64,0.02654058308574668
65,0.025497353542912736
66,0.023650553933395897
67,0.022158551474944856
68,0.021181128426399323
69,0.020145585821044927
70,0.018686420266267767
71,0.01724627885940145
72,0.016239489508417658
73,0.015523158778943369
74,0.014838425699981627
75,0.014112977003416188
76,0.013289101019874787
77,0.012576201611761997
78,0.011319680961146208
79,0.010447285872500434
80,0.00998645168764533
81,0.00998645168764533
82,0.00998645168764533
83,0.00998645168764533
84,0.00998645168764533
85,0.00998645168764533
86,0.00998645168764533
87,0.00998645168764533
88,0.00998645168764533
89,0.00998645168764533
90,0.00998645168764533
91,0.00998645168764533
92,0.00998645168764533
93,0.00998645168764533
94,0.00998645168764533
95,0.00998645168764533
96,0.00998645168764533
97,0.00998645168764533
98,0.00998645168764533
99,0.00998645168764533
100,0.00998645168764533
101,0.00998645168764533
102,0.00998645168764533
103,0.00998645168764533
104,0.00998645168764533
105,0.00998645168764533
106,0.00998645168764533
107,0.00998645168764533
108,0.00998645168764533
109,0.00998645168764533
110,0.00998645168764533
111,0.00998645168764533
112,0.00998645168764533
113,0.00998645168764533
114,0.00998645168764533
115,0.00998645168764533
116,0.00998645168764533
117,0.00998645168764533
118,0.00998645168764533
119,0.00998645168764533
120,0.00998645168764533
121,0.00998645168764533
122,0.00998645168764533
123,0.00998645168764533
124,0.00998645168764533
125,0.00998645168764533
126,0.00998645168764533
127,0.00998645168764533
128,0.00998645168764533
129,0.00998645168764533
130,0.00998645168764533
131,0.00998645168764533
132,0.00998645168764533
133,0.00998645168764533
134,0.00998645168764533
135,0.00998645168764533
136,0.00998645168764533
137,0.00998645168764533
138,0.00998645168764533
139,0.00998645168764533
140,0.00998645168764533
141,0.00998645168764533
142,0.00998645168764533
143,0.00998645168764533
144,0.00998645168764533
145,0.00998645168764533
146,0.00998645168764533
147,0.00998645168764533
148,0.00998645168764533
149,0.00998645168764533
150,0.00998645168764533
151,0.00998645168764533
152,0.00998645168764533
153,0.00998645168764533
154,0.00998645168764533
155,0.00998645168764533
156,0.00998645168764533
157,0.00998645168764533
158,0.00998645168764533
159,0.00998645168764533
160,0.00998645168764533
161,0.00998645168764533
162,0.00998645168764533
163,0.00998645168764533
164,0.00998645168764533
165,0.00998645168764533
166,0.00998645168764533
167,0.00998645168764533
168,0.00998645168764533
169,0.00998645168764533
170,0.00998645168764533
171,0.00998645168764533
172,0.00998645168764533
173,0.00998645168764533
174,0.00998645168764533
175,0.00998645168764533
176,0.00998645168764533
177,0.00998645168764533
178,0.00998645168764533
179,0.00998645168764533
180,0.00998645168764533
181,0.00998645168764533
182,0.00998645168764533
183,0.00998645168764533
184,0.00998645168764533
185,0.00998645168764533
186,0.00998645168764533
187,0.00998645168764533
188,0.00998645168764533
189,0.00998645168764533
190,0.00998645168764533
191,0.00998645168764533
192,0.00998645168764533
193,0.00998645168764533
194,0.00998645168764533
195,0.00998645168764533
196,0.00998645168764533
197,0.00998645168764533
198,0.00998645168764533
199,0.00998645168764533
200,0.00998645168764533
201,0.00998645168764533
202,0.00998645168764533
203,0.00998645168764533
204,0.00998645168764533
205,0.00998645168764533
206,0.00998645168764533
207,0.00998645168764533
208,0.00998645168764533
209,0.00998645168764533
210,0.00998645168764533
211,0.00998645168764533
212,0.00998645168764533
213,0.00998645168764533
214,0.00998645168764533
215,0.00998645168764533
216,0.00998645168764533
217,0.00998645168764533
218,0.00998645168764533
219,0.00998645168764533
220,0.00998645168764533
221,0.00998645168764533
222,0.00998645168764533
223,0.00998645168764533
224,0.00998645168764533
225,0.00998645168764533
226,0.00998645168764533
227,0.00998645168764533
228,0.00998645168764533
229,0.00998645168764533
230,0.00998645168764533
231,0.00998645168764533
232,0.00998645168764533
233,0.00998645168764533
234,0.00998645168764533
235,0.00998645168764533
236,0.00998645168764533
237,0.00998645168764533
238,0.00998645168764533
239,0.00998645168764533
240,0.00998645168764533
241,0.00998645168764533
242,0.00998645168764533
243,0.00998645168764533
244,0.00998645168764533
245,0.00998645168764533
246,0.00998645168764533
247,0.00998645168764533
248,0.00998645168764533
249,0.00998645168764533
250,0.00998645168764533
251,0.00998645168764533
252,0.00998645168764533
253,0.00998645168764533
254,0.00998645168764533
255,0.00998645168764533
256,0.00998645168764533
257,0.00998645168764533
258,0.00998645168764533
259,0.00998645168764533
260,0.00998645168764533
261,0.00998645168764533
262,0.00998645168764533
263,0.00998645168764533
264,0.00998645168764533
265,0.00998645168764533
266,0.00998645168764533
267,0.00998645168764533
268,0.00998645168764533
269,0.00998645168764533
270,0.00998645168764533
271,0.00998645168764533
272,0.00998645168764533
273,0.00998645168764533
274,0.00998645168764533
275,0.00998645168764533
276,0.00998645168764533
277,0.00998645168764533
278,0.00998645168764533
279,0.00998645168764533
280,0.00998645168764533
281,0.00998645168764533
282,0.00998645168764533
283,0.00998645168764533
284,0.00998645168764533
285,0.00998645168764533
286,0.00998645168764533
287,0.00998645168764533
288,0.00998645168764533
289,0.00998645168764533
290,0.00998645168764533
291,0.00998645168764533
292,0.00998645168764533
293,0.00998645168764533
294,0.00998645168764533
295,0.00998645168764533
296,0.00998645168764533
297,0.00998645168764533
298,0.00998645168764533
299,0.00998645168764533
300,0.00998645168764533
301,0.00998645168764533
302,0.00998645168764533
303,0.00998645168764533
304,0.00998645168764533
305,0.00998645168764533
306,0.00998645168764533
307,0.00998645168764533
308,0.00998645168764533
309,0.00998645168764533
310,0.00998645168764533
311,0.00998645168764533
312,0.00998645168764533
313,0.00998645168764533
314,0.00998645168764533
315,0.00998645168764533
316,0.00998645168764533
317,0.00998645168764533
318,0.00998645168764533
319,0.00998645168764533
320,0.00998645168764533
321,0.00998645168764533
322,0.00998645168764533
323,0.00998645168764533
324,0.00998645168764533
325,0.00998645168764533
326,0.00998645168764533
327,0.00998645168764533
328,0.00998645168764533
329,0.00998645168764533
330,0.00998645168764533
331,0.00998645168764533
332,0.00998645168764533
333,0.00998645168764533
334,0.00998645168764533
335,0.00998645168764533
336,0.00998645168764533
337,0.00998645168764533
338,0.00998645168764533
339,0.00998645168764533
340,0.00998645168764533
341,0.00998645168764533
342,0.00998645168764533
343,0.00998645168764533
344,0.00998645168764533
345,0.00998645168764533
346,0.00998645168764533
347,0.00998645168764533
348,0.00998645168764533
349,0.00998645168764533
350,0.00998645168764533
351,0.00998645168764533
352,0.00998645168764533
353,0.00998645168764533
354,0.00998645168764533
355,0.00998645168764533
356,0.00998645168764533
357,0.00998645168764533
358,0.00998645168764533
359,0.00998645168764533
360,0.00998645168764533
361,0.00998645168764533
362,0.00998645168764533
363,0.00998645168764533
364,0.00998645168764533
365,0.00998645168764533
366,0.00998645168764533
367,0.00998645168764533
368,0.00998645168764533
369,0.00998645168764533
370,0.00998645168764533
371,0.00998645168764533
372,0.00998645168764533
373,0.00998645168764533
374,0.00998645168764533
375,0.00998645168764533
376,0.00998645168764533
377,0.00998645168764533
378,0.00998645168764533
379,0.00998645168764533
380,0.00998645168764533
381,0.00998645168764533
382,0.00998645168764533
383,0.00998645168764533
384,0.00998645168764533
385,0.00998645168764533
386,0.00998645168764533
387,0.00998645168764533
388,0.00998645168764533
389,0.00998645168764533
390,0.00998645168764533
391,0.00998645168764533
392,0.00998645168764533
393,0.00998645168764533
394,0.00998645168764533
395,0.00998645168764533
396,0.00998645168764533
397,0.00998645168764533
398,0.00998645168764533
399,0.00998645168764533
400,0.00998645168764533
401,0.00998645168764533
402,0.00998645168764533
403,0.00998645168764533
404,0.00998645168764533
405,0.00998645168764533
406,0.00998645168764533
407,0.00998645168764533
408,0.00998645168764533
409,0.00998645168764533
410,0.00998645168764533
411,0.00998645168764533
412,0.00998645168764533
413,0.00998645168764533
414,0.00998645168764533
415,0.00998645168764533
416,0.00998645168764533
417,0.00998645168764533
418,0.00998645168764533
419,0.00998645168764533
420,0.00998645168764533
421,0.00998645168764533
422,0.00998645168764533
423,0.00998645168764533
424,0.00998645168764533
425,0.00998645168764533
426,0.00998645168764533
427,0.00998645168764533
428,0.00998645168764533
429,0.00998645168764533
430,0.00998645168764533
431,0.00998645168764533
432,0.00998645168764533
433,0.00998645168764533
434,0.00998645168764533
435,0.00998645168764533
436,0.00998645168764533
437,0.00998645168764533
438,0.00998645168764533
439,0.00998645168764533
440,0.00998645168764533
441,0.00998645168764533
442,0.00998645168764533
443,0.00998645168764533
444,0.00998645168764533
445,0.00998645168764533
446,0.00998645168764533
447,0.00998645168764533
448,0.00998645168764533
449,0.00998645168764533
450,0.00998645168764533
451,0.00998645168764533
452,0.00998645168764533
453,0.00998645168764533
454,0.00998645168764533
455,0.00998645168764533
456,0.00998645168764533
457,0.00998645168764533
458,0.00998645168764533
459,0.00998645168764533
460,0.00998645168764533
461,0.00998645168764533
462,0.00998645168764533
463,0.00998645168764533
464,0.00998645168764533
465,0.00998645168764533
466,0.00998645168764533
467,0.00998645168764533
468,0.00998645168764533
469,0.00998645168764533
470,0.00998645168764533
471,0.00998645168764533
472,0.00998645168764533
473,0.00998645168764533
474,0.00998645168764533
475,0.00998645168764533
476,0.00998645168764533
477,0.00998645168764533
478,0.00998645168764533
479,0.00998645168764533
480,0.00998645168764533
481,0.00998645168764533
482,0.00998645168764533
483,0.00998645168764533
484,0.00998645168764533
485,0.00998645168764533
486,0.00998645168764533
487,0.00998645168764533
488,0.00998645168764533
489,0.00998645168764533
490,0.00998645168764533
491,0.00998645168764533
492,0.00998645168764533
493,0.00998645168764533
494,0.00998645168764533
495,0.00998645168764533
496,0.00998645168764533
497,0.00998645168764533
498,0.00998645168764533
499,0.00998645168764533
500,0.00998645168764533
501,0.00998645168764533
502,0.00998645168764533
503,0.00998645168764533
504,0.00998645168764533
505,0.00998645168764533
506,0.00998645168764533
507,0.00998645168764533
508,0.00998645168764533
509,0.00998645168764533
510,0.00998645168764533
511,0.00998645168764533
512,0.00998645168764533
513,0.00998645168764533
514,0.00998645168764533
515,0.00998645168764533
516,0.00998645168764533
517,0.00998645168764533
518,0.00998645168764533
519,0.00998645168764533
520,0.00998645168764533
521,0.00998645168764533
522,0.00998645168764533
523,0.00998645168764533
524,0.00998645168764533
525,0.00998645168764533
526,0.00998645168764533
527,0.00998645168764533
528,0.00998645168764533
529,0.00998645168764533
530,0.00998645168764533
531,0.00998645168764533
532,0.00998645168764533
533,0.00998645168764533
534,0.00998645168764533
535,0.00998645168764533
536,0.00998645168764533
537,0.00998645168764533
538,0.00998645168764533
539,0.00998645168764533
540,0.00998645168764533
541,0.00998645168764533
542,0.00998645168764533
543,0.00998645168764533
544,0.00998645168764533
545,0.00998645168764533
546,0.00998645168764533
547,0.00998645168764533
548,0.00998645168764533
549,0.00998645168764533
550,0.00998645168764533
551,0.00998645168764533
552,0.00998645168764533
553,0.00998645168764533
554,0.00998645168764533
555,0.00998645168764533
556,0.00998645168764533
557,0.00998645168764533
558,0.00998645168764533
559,0.00998645168764533
560,0.00998645168764533
561,0.00998645168764533
562,0.00998645168764533
563,0.00998645168764533
564,0.00998645168764533
565,0.00998645168764533
566,0.00998645168764533
567,0.00998645168764533
568,0.00998645168764533
569,0.00998645168764533
570,0.00998645168764533
571,0.00998645168764533
572,0.00998645168764533
573,0.00998645168764533
574,0.00998645168764533
575,0.00998645168764533
576,0.00998645168764533
577,0.00998645168764533
578,0.00998645168764533
579,0.00998645168764533
580,0.00998645168764533
581,0.00998645168764533
582,0.00998645168764533
583,0.00998645168764533
584,0.00998645168764533
585,0.00998645168764533
586,0.00998645168764533
587,0.00998645168764533
588,0.00998645168764533
589,0.00998645168764533
590,0.00998645168764533
591,0.00998645168764533
592,0.00998645168764533
593,0.00998645168764533
594,0.00998645168764533
595,0.00998645168764533
596,0.00998645168764533
597,0.00998645168764533
598,0.00998645168764533
599,0.00998645168764533
600,0.00998645168764533
601,0.00998645168764533
602,0.00998645168764533
603,0.00998645168764533
604,0.00998645168764533
605,0.00998645168764533
606,0.00998645168764533
607,0.00998645168764533
608,0.00998645168764533
609,0.00998645168764533
610,0.00998645168764533
611,0.00998645168764533
612,0.00998645168764533
613,0.00998645168764533
614,0.00998645168764533
615,0.00998645168764533
616,0.00998645168764533
617,0.00998645168764533
618,0.00998645168764533
619,0.00998645168764533
620,0.00998645168764533
621,0.00998645168764533
622,0.00998645168764533
623,0.00998645168764533
624,0.00998645168764533
625,0.00998645168764533
626,0.00998645168764533
627,0.00998645168764533
628,0.00998645168764533
629,0.00998645168764533
630,0.00998645168764533
631,0.00998645168764533
632,0.00998645168764533
633,0.00998645168764533
634,0.00998645168764533
635,0.00998645168764533
636,0.00998645168764533
637,0.00998645168764533
638,0.00998645168764533
639,0.00998645168764533
640,0.00998645168764533
641,0.00998645168764533
642,0.00998645168764533
643,0.00998645168764533
644,0.00998645168764533
645,0.00998645168764533
646,0.00998645168764533
647,0.00998645168764533
648,0.00998645168764533
649,0.00998645168764533
650,0.00998645168764533
651,0.00998645168764533
652,0.00998645168764533
653,0.00998645168764533
654,0.00998645168764533
655,0.00998645168764533
656,0.00998645168764533
657,0.00998645168764533
658,0.00998645168764533
659,0.00998645168764533
660,0.00998645168764533
661,0.00998645168764533
662,0.00998645168764533
663,0.00998645168764533
664,0.00998645168764533
665,0.00998645168764533
666,0.00998645168764533
667,0.00998645168764533
668,0.00998645168764533
669,0.00998645168764533
670,0.00998645168764533
671,0.00998645168764533
672,0.00998645168764533
673,0.00998645168764533
674,0.00998645168764533
675,0.00998645168764533
676,0.00998645168764533
677,0.00998645168764533
678,0.00998645168764533
679,0.00998645168764533
680,0.00998645168764533
681,0.00998645168764533
682,0.00998645168764533
683,0.00998645168764533
684,0.00998645168764533
685,0.00998645168764533
686,0.00998645168764533
687,0.00998645168764533
688,0.00998645168764533
689,0.00998645168764533
690,0.00998645168764533
691,0.00998645168764533
692,0.00998645168764533
693,0.00998645168764533
694,0.00998645168764533
695,0.00998645168764533
696,0.00998645168764533
697,0.00998645168764533
698,0.00998645168764533
699,0.00998645168764533
700,0.00998645168764533
701,0.00998645168764533
702,0.00998645168764533
703,0.00998645168764533
704,0.00998645168764533
705,0.00998645168764533
706,0.00998645168764533
707,0.00998645168764533
708,0.00998645168764533
709,0.00998645168764533
710,0.00998645168764533
711,0.00998645168764533
712,0.00998645168764533
713,0.00998645168764533
714,0.00998645168764533
715,0.00998645168764533
716,0.00998645168764533
717,0.00998645168764533
718,0.00998645168764533
719,0.00998645168764533
720,0.00998645168764533
721,0.00998645168764533
722,0.00998645168764533
723,0.00998645168764533
724,0.00998645168764533
725,0.00998645168764533
726,0.00998645168764533
727,0.00998645168764533
728,0.00998645168764533
729,0.00998645168764533
730,0.00998645168764533
731,0.00998645168764533
732,0.00998645168764533
733,0.00998645168764533
734,0.00998645168764533
735,0.00998645168764533
736,0.00998645168764533
737,0.00998645168764533
738,0.00998645168764533
739,0.00998645168764533
740,0.00998645168764533
741,0.00998645168764533
742,0.00998645168764533
743,0.00998645168764533
744,0.00998645168764533
745,0.00998645168764533
746,0.00998645168764533
747,0.00998645168764533
748,0.00998645168764533
749,0.00998645168764533
750,0.00998645168764533
751,0.00998645168764533
752,0.00998645168764533
753,0.00998645168764533
754,0.00998645168764533
755,0.00998645168764533
756,0.00998645168764533
757,0.00998645168764533
758,0.00998645168764533
759,0.00998645168764533
760,0.00998645168764533
761,0.00998645168764533
762,0.00998645168764533
763,0.00998645168764533
764,0.00998645168764533
765,0.00998645168764533
766,0.00998645168764533
767,0.00998645168764533
768,0.00998645168764533
769,0.00998645168764533
770,0.00998645168764533
771,0.00998645168764533
772,0.00998645168764533
773,0.00998645168764533
774,0.00998645168764533
775,0.00998645168764533
776,0.00998645168764533
777,0.00998645168764533
778,0.00998645168764533
779,0.00998645168764533
780,0.00998645168764533
781,0.00998645168764533
782,0.00998645168764533
783,0.00998645168764533
784,0.00998645168764533
785,0.00998645168764533
786,0.00998645168764533
787,0.00998645168764533
788,0.00998645168764533
789,0.00998645168764533
790,0.00998645168764533
791,0.00998645168764533
792,0.00998645168764533
793,0.00998645168764533
794,0.00998645168764533
795,0.00998645168764533
796,0.00998645168764533
797,0.00998645168764533
798,0.00998645168764533
799,0.00998645168764533
800,0.00998645168764533
801,0.00998645168764533
802,0.00998645168764533
803,0.00998645168764533
804,0.00998645168764533
805,0.00998645168764533
806,0.00998645168764533
807,0.00998645168764533
808,0.00998645168764533
809,0.00998645168764533
810,0.00998645168764533
811,0.00998645168764533
812,0.00998645168764533
813,0.00998645168764533
814,0.00998645168764533
815,0.00998645168764533
816,0.00998645168764533
817,0.00998645168764533
818,0.00998645168764533
819,0.00998645168764533
820,0.00998645168764533
821,0.00998645168764533
822,0.00998645168764533
823,0.00998645168764533
824,0.00998645168764533
825,0.00998645168764533
826,0.00998645168764533
827,0.00998645168764533
828,0.00998645168764533
829,0.00998645168764533
830,0.00998645168764533
831,0.00998645168764533
832,0.00998645168764533
833,0.00998645168764533
834,0.00998645168764533
835,0.00998645168764533
836,0.00998645168764533
837,0.00998645168764533
838,0.00998645168764533
839,0.00998645168764533
840,0.00998645168764533
841,0.00998645168764533
842,0.00998645168764533
843,0.00998645168764533
844,0.00998645168764533
845,0.00998645168764533
846,0.00998645168764533
847,0.00998645168764533
848,0.00998645168764533
849,0.00998645168764533
850,0.00998645168764533
851,0.00998645168764533
852,0.00998645168764533
853,0.00998645168764533
854,0.00998645168764533
855,0.00998645168764533
856,0.00998645168764533
857,0.00998645168764533
858,0.00998645168764533
859,0.00998645168764533
860,0.00998645168764533
861,0.00998645168764533
862,0.00998645168764533
863,0.00998645168764533
864,0.00998645168764533
865,0.00998645168764533
866,0.00998645168764533
867,0.00998645168764533
868,0.00998645168764533
869,0.00998645168764533
870,0.00998645168764533
871,0.00998645168764533
872,0.00998645168764533
873,0.00998645168764533
874,0.00998645168764533
875,0.00998645168764533
876,0.00998645168764533
877,0.00998645168764533
878,0.00998645168764533
879,0.00998645168764533
880,0.00998645168764533
881,0.00998645168764533
882,0.00998645168764533
883,0.00998645168764533
884,0.00998645168764533
885,0.00998645168764533
886,0.00998645168764533
887,0.00998645168764533
888,0.00998645168764533
889,0.00998645168764533
890,0.00998645168764533
891,0.00998645168764533
892,0.00998645168764533
893,0.00998645168764533
894,0.00998645168764533
895,0.00998645168764533
896,0.00998645168764533
897,0.00998645168764533
898,0.00998645168764533
899,0.00998645168764533
900,0.00998645168764533
901,0.00998645168764533
902,0.00998645168764533
903,0.00998645168764533
904,0.00998645168764533
905,0.00998645168764533
906,0.00998645168764533
907,0.00998645168764533
908,0.00998645168764533
909,0.00998645168764533
910,0.00998645168764533
911,0.00998645168764533
912,0.00998645168764533
913,0.00998645168764533
914,0.00998645168764533
915,0.00998645168764533
916,0.00998645168764533
917,0.00998645168764533
918,0.00998645168764533
919,0.00998645168764533
920,0.00998645168764533
921,0.00998645168764533
922,0.00998645168764533
923,0.00998645168764533
924,0.00998645168764533
925,0.00998645168764533
926,0.00998645168764533
927,0.00998645168764533
928,0.00998645168764533
929,0.00998645168764533
930,0.00998645168764533
931,0.00998645168764533
932,0.00998645168764533
933,0.00998645168764533
934,0.00998645168764533
935,0.00998645168764533
936,0.00998645168764533
937,0.00998645168764533
938,0.00998645168764533
939,0.00998645168764533
940,0.00998645168764533
941,0.00998645168764533
942,0.00998645168764533
943,0.00998645168764533
944,0.00998645168764533
945,0.00998645168764533
946,0.00998645168764533
947,0.00998645168764533
948,0.00998645168764533
949,0.00998645168764533
950,0.00998645168764533
951,0.00998645168764533
952,0.00998645168764533
953,0.00998645168764533
954,0.00998645168764533
955,0.00998645168764533
956,0.00998645168764533
957,0.00998645168764533
958,0.00998645168764533
959,0.00998645168764533
960,0.00998645168764533
961,0.00998645168764533
962,0.00998645168764533
963,0.00998645168764533
964,0.00998645168764533
965,0.00998645168764533
966,0.00998645168764533
967,0.00998645168764533
968,0.00998645168764533
969,0.00998645168764533
970,0.00998645168764533
971,0.00998645168764533
972,0.00998645168764533
973,0.00998645168764533
974,0.00998645168764533
975,0.00998645168764533
976,0.00998645168764533
977,0.00998645168764533
978,0.00998645168764533
979,0.00998645168764533
980,0.00998645168764533
981,0.00998645168764533
982,0.00998645168764533
983,0.00998645168764533
984,0.00998645168764533
985,0.00998645168764533
986,0.00998645168764533
987,0.00998645168764533
988,0.00998645168764533
989,0.00998645168764533
990,0.00998645168764533
991,0.00998645168764533
992,0.00998645168764533
993,0.00998645168764533
994,0.00998645168764533
995,0.00998645168764533
996,0.00998645168764533
997,0.00998645168764533
998,0.00998645168764533
999,0.00998645168764533
1000,0.00998645168764533
1001,0.00998645168764533
1002,0.00998645168764533
1003,0.00998645168764533
1004,0.00998645168764533
1005,0.00998645168764533
1006,0.00998645168764533
1007,0.00998645168764533
1008,0.00998645168764533
1009,0.00998645168764533
1010,0.00998645168764533
1011,0.00998645168764533
1012,0.00998645168764533
1013,0.00998645168764533
1014,0.00998645168764533
1015,0.00998645168764533
1016,0.00998645168764533
1017,0.00998645168764533
1018,0.00998645168764533
1019,0.00998645168764533
1020,0.00998645168764533
1021,0.00998645168764533
1022,0.00998645168764533
1023,0.00998645168764533
1024,0.00998645168764533
1025,0.00998645168764533
1026,0.00998645168764533
1027,0.00998645168764533
1028,0.00998645168764533
1029,0.00998645168764533
1030,0.00998645168764533
1031,0.00998645168764533
1032,0.00998645168764533
1033,0.00998645168764533
1034,0.00998645168764533
1035,0.00998645168764533
1036,0.00998645168764533
1037,0.00998645168764533
1038,0.00998645168764533
1039,0.00998645168764533
1040,0.00998645168764533
1041,0.00998645168764533
1042,0.00998645168764533
1043,0.00998645168764533
1044,0.00998645168764533
1045,0.00998645168764533
1046,0.00998645168764533
1047,0.00998645168764533
1048,0.00998645168764533
1049,0.00998645168764533
1050,0.00998645168764533
1051,0.00998645168764533
1052,0.00998645168764533
1053,0.00998645168764533
1054,0.00998645168764533
1055,0.00998645168764533
1056,0.00998645168764533
1057,0.00998645168764533
1058,0.00998645168764533
1059,0.00998645168764533
1060,0.00998645168764533
1061,0.00998645168764533
1062,0.00998645168764533
1063,0.00998645168764533
1064,0.00998645168764533
1065,0.00998645168764533
1066,0.00998645168764533
1067,0.00998645168764533
1068,0.00998645168764533
1069,0.00998645168764533
1070,0.00998645168764533
1071,0.00998645168764533
1072,0.00998645168764533
1073,0.00998645168764533
1074,0.00998645168764533
1075,0.00998645168764533
1076,0.00998645168764533
1077,0.00998645168764533
1078,0.00998645168764533
1079,0.00998645168764533
1080,0.00998645168764533
1081,0.00998645168764533
1082,0.00998645168764533
1083,0.00998645168764533
1084,0.00998645168764533
1085,0.00998645168764533
1086,0.00998645168764533
1087,0.00998645168764533
1088,0.00998645168764533
1089,0.00998645168764533
1090,0.00998645168764533
1091,0.00998645168764533
1092,0.00998645168764533
1093,0.00998645168764533
1094,0.00998645168764533
1095,0.00998645168764533
1096,0.00998645168764533
1097,0.00998645168764533
1098,0.00998645168764533
1099,0.00998645168764533
1100,0.00998645168764533
1101,0.00998645168764533
1102,0.00998645168764533
1103,0.00998645168764533
1104,0.00998645168764533
1105,0.00998645168764533
1106,0.00998645168764533
1107,0.00998645168764533
1108,0.00998645168764533
1109,0.00998645168764533
1110,0.00998645168764533
1111,0.00998645168764533
1112,0.00998645168764533
1113,0.00998645168764533
1114,0.00998645168764533
1115,0.00998645168764533
1116,0.00998645168764533
1117,0.00998645168764533
1118,0.00998645168764533
1119,0.00998645168764533
1120,0.00998645168764533
1121,0.00998645168764533
1122,0.00998645168764533
1123,0.00998645168764533
1124,0.00998645168764533
1125,0.00998645168764533
1126,0.00998645168764533
1127,0.00998645168764533
1128,0.00998645168764533
1129,0.00998645168764533
1130,0.00998645168764533
1131,0.00998645168764533
1132,0.00998645168764533
1133,0.00998645168764533
1134,0.00998645168764533
1135,0.00998645168764533
1136,0.00998645168764533
1137,0.00998645168764533
1138,0.00998645168764533
1139,0.00998645168764533
1140,0.00998645168764533
1141,0.00998645168764533
1142,0.00998645168764533
1143,0.00998645168764533
1144,0.00998645168764533
1145,0.00998645168764533
1146,0.00998645168764533
1147,0.00998645168764533
1148,0.00998645168764533
1149,0.00998645168764533
1150,0.00998645168764533
1151,0.00998645168764533
1152,0.00998645168764533
1153,0.00998645168764533
1154,0.00998645168764533
1155,0.00998645168764533
1156,0.00998645168764533
1157,0.00998645168764533
1158,0.00998645168764533
1159,0.00998645168764533
1160,0.00998645168764533
1161,0.00998645168764533
1162,0.00998645168764533
1163,0.00998645168764533
1164,0.00998645168764533
1165,0.00998645168764533
1166,0.00998645168764533
1167,0.00998645168764533
1168,0.00998645168764533
1169,0.00998645168764533
1170,0.00998645168764533
1171,0.00998645168764533
1172,0.00998645168764533
1173,0.00998645168764533
1174,0.00998645168764533
1175,0.00998645168764533
1176,0.00998645168764533
1177,0.00998645168764533
1178,0.00998645168764533
1179,0.00998645168764533
1180,0.00998645168764533
1181,0.00998645168764533
1182,0.00998645168764533
1183,0.00998645168764533
1184,0.00998645168764533
1185,0.00998645168764533
1186,0.00998645168764533
1187,0.00998645168764533
1188,0.00998645168764533
1189,0.00998645168764533
1190,0.00998645168764533
1191,0.00998645168764533
1192,0.00998645168764533
1193,0.00998645168764533
1194,0.00998645168764533
1195,0.00998645168764533
1196,0.00998645168764533
1197,0.00998645168764533
1198,0.00998645168764533
1199,0.00998645168764533
1200,0.00998645168764533
1201,0.00998645168764533
1202,0.00998645168764533
1203,0.00998645168764533
1204,0.00998645168764533
1205,0.00998645168764533
1206,0.00998645168764533
1207,0.00998645168764533
1208,0.00998645168764533
1209,0.00998645168764533
1210,0.00998645168764533
1211,0.00998645168764533
1212,0.00998645168764533
1213,0.00998645168764533
1214,0.00998645168764533
1215,0.00998645168764533
1216,0.00998645168764533
1217,0.00998645168764533
1218,0.00998645168764533
1219,0.00998645168764533
1220,0.00998645168764533
1221,0.00998645168764533
1222,0.00998645168764533
1223,0.00998645168764533
1224,0.00998645168764533
1225,0.00998645168764533
1226,0.00998645168764533
1227,0.00998645168764533
1228,0.00998645168764533
1229,0.00998645168764533
1230,0.00998645168764533
1231,0.00998645168764533
1232,0.00998645168764533
1233,0.00998645168764533
1234,0.00998645168764533
1235,0.00998645168764533
1236,0.00998645168764533
1237,0.00998645168764533
1238,0.00998645168764533
1239,0.00998645168764533
1240,0.00998645168764533
1241,0.00998645168764533
1242,0.00998645168764533
1243,0.00998645168764533
1244,0.00998645168764533
1245,0.00998645168764533
1246,0.00998645168764533
1247,0.00998645168764533
1248,0.00998645168764533
1249,0.00998645168764533
1250,0.00998645168764533
1251,0.00998645168764533
1252,0.00998645168764533
1253,0.00998645168764533
1254,0.00998645168764533
1255,0.00998645168764533
1256,0.00998645168764533
1257,0.00998645168764533
1258,0.00998645168764533
1259,0.00998645168764533
1260,0.00998645168764533
1261,0.00998645168764533
1262,0.00998645168764533
1263,0.00998645168764533
1264,0.00998645168764533
1265,0.00998645168764533
1266,0.00998645168764533
1267,0.00998645168764533
1268,0.00998645168764533
1269,0.00998645168764533
1270,0.00998645168764533
1271,0.00998645168764533
1272,0.00998645168764533
1273,0.00998645168764533
1274,0.00998645168764533
1275,0.00998645168764533
1276,0.00998645168764533
1277,0.00998645168764533
1278,0.00998645168764533
1279,0.00998645168764533
1280,0.00998645168764533
1281,0.00998645168764533
1282,0.00998645168764533
1283,0.00998645168764533
1284,0.00998645168764533
1285,0.00998645168764533
1286,0.00998645168764533
1287,0.00998645168764533
1288,0.00998645168764533
1289,0.00998645168764533
1290,0.00998645168764533
1291,0.00998645168764533
1292,0.00998645168764533
1293,0.00998645168764533
1294,0.00998645168764533
1295,0.00998645168764533
1296,0.00998645168764533
1297,0.00998645168764533
1298,0.00998645168764533
1299,0.00998645168764533
1300,0.00998645168764533
1301,0.00998645168764533
1302,0.00998645168764533
1303,0.00998645168764533
1304,0.00998645168764533
1305,0.00998645168764533
1306,0.00998645168764533
1307,0.00998645168764533
1308,0.00998645168764533
1309,0.00998645168764533
1310,0.00998645168764533
1311,0.00998645168764533
1312,0.00998645168764533
1313,0.00998645168764533
1314,0.00998645168764533
1315,0.00998645168764533
1316,0.00998645168764533
1317,0.00998645168764533
1318,0.00998645168764533
1319,0.00998645168764533
1320,0.00998645168764533
1321,0.00998645168764533
1322,0.00998645168764533
1323,0.00998645168764533
1324,0.00998645168764533
1325,0.00998645168764533
1326,0.00998645168764533
1327,0.00998645168764533
1328,0.00998645168764533
1329,0.00998645168764533
1330,0.00998645168764533
1331,0.00998645168764533
1332,0.00998645168764533
1333,0.00998645168764533
1334,0.00998645168764533
1335,0.00998645168764533
1336,0.00998645168764533
1337,0.00998645168764533
1338,0.00998645168764533
1339,0.00998645168764533
1340,0.00998645168764533
1341,0.00998645168764533
1342,0.00998645168764533
1343,0.00998645168764533
1344,0.00998645168764533
1345,0.00998645168764533
1346,0.00998645168764533
1347,0.00998645168764533
1348,0.00998645168764533
1349,0.00998645168764533
1350,0.00998645168764533
1351,0.00998645168764533
1352,0.00998645168764533
1353,0.00998645168764533
1354,0.00998645168764533
1355,0.00998645168764533
1356,0.00998645168764533
1357,0.00998645168764533
1358,0.00998645168764533
1359,0.00998645168764533
1360,0.00998645168764533
1361,0.00998645168764533
1362,0.00998645168764533
1363,0.00998645168764533
1364,0.00998645168764533
1365,0.00998645168764533
1366,0.00998645168764533
1367,0.00998645168764533
1368,0.00998645168764533
1369,0.00998645168764533
1370,0.00998645168764533
1371,0.00998645168764533
1372,0.00998645168764533
1373,0.00998645168764533
1374,0.00998645168764533
1375,0.00998645168764533
1376,0.00998645168764533
1377,0.00998645168764533
1378,0.00998645168764533
1379,0.00998645168764533
1380,0.00998645168764533
1381,0.00998645168764533
1382,0.00998645168764533
1383,0.00998645168764533
1384,0.00998645168764533
1385,0.00998645168764533
1386,0.00998645168764533
1387,0.00998645168764533
1388,0.00998645168764533
1389,0.00998645168764533
1390,0.00998645168764533
1391,0.00998645168764533
1392,0.00998645168764533
1393,0.00998645168764533
1394,0.00998645168764533
1395,0.00998645168764533
1396,0.00998645168764533
1397,0.00998645168764533
1398,0.00998645168764533
1399,0.00998645168764533
1400,0.00998645168764533
1401,0.00998645168764533
1402,0.00998645168764533
1403,0.00998645168764533
1404,0.00998645168764533
1405,0.00998645168764533
1406,0.00998645168764533
1407,0.00998645168764533
1408,0.00998645168764533
1409,0.00998645168764533
1410,0.00998645168764533
1411,0.00998645168764533
1412,0.00998645168764533
1413,0.00998645168764533
1414,0.00998645168764533
1415,0.00998645168764533
1416,0.00998645168764533
1417,0.00998645168764533
1418,0.00998645168764533
1419,0.00998645168764533
1420,0.00998645168764533
1421,0.00998645168764533
1422,0.00998645168764533
1423,0.00998645168764533
1424,0.00998645168764533
1425,0.00998645168764533
1426,0.00998645168764533
1427,0.00998645168764533
1428,0.00998645168764533
1429,0.00998645168764533
1430,0.00998645168764533
1431,0.00998645168764533
1432,0.00998645168764533
1433,0.00998645168764533
1434,0.00998645168764533
1435,0.00998645168764533
1436,0.00998645168764533
1437,0.00998645168764533
1438,0.00998645168764533
1439,0.00998645168764533
1440,0.00998645168764533
1441,0.00998645168764533
1442,0.00998645168764533
1443,0.00998645168764533
1444,0.00998645168764533
1445,0.00998645168764533
1446,0.00998645168764533
1447,0.00998645168764533
1448,0.00998645168764533
1449,0.00998645168764533
1450,0.00998645168764533
1451,0.00998645168764533
1452,0.00998645168764533
1453,0.00998645168764533
1454,0.00998645168764533
1455,0.00998645168764533
1456,0.00998645168764533
1457,0.00998645168764533
1458,0.00998645168764533
1459,0.00998645168764533
1460,0.00998645168764533
1461,0.00998645168764533
1462,0.00998645168764533
1463,0.00998645168764533
1464,0.00998645168764533
1465,0.00998645168764533
1466,0.00998645168764533
1467,0.00998645168764533
1468,0.00998645168764533
1469,0.00998645168764533
1470,0.00998645168764533
1471,0.00998645168764533
1472,0.00998645168764533
1473,0.00998645168764533
1474,0.00998645168764533
1475,0.00998645168764533
1476,0.00998645168764533
1477,0.00998645168764533
1478,0.00998645168764533
1479,0.00998645168764533
1480,0.00998645168764533
1481,0.00998645168764533
1482,0.00998645168764533
1483,0.00998645168764533
1484,0.00998645168764533
1485,0.00998645168764533
1486,0.00998645168764533
1487,0.00998645168764533
1488,0.00998645168764533
1489,0.00998645168764533
1490,0.00998645168764533
1491,0.00998645168764533
1492,0.00998645168764533
1493,0.00998645168764533
1494,0.00998645168764533
1495,0.00998645168764533
1496,0.00998645168764533
1497,0.00998645168764533
1498,0.00998645168764533
1499,0.00998645168764533
1500,0.00998645168764533
1501,0.00998645168764533
1502,0.00998645168764533
1503,0.00998645168764533
1504,0.00998645168764533
1505,0.00998645168764533
1506,0.00998645168764533
1507,0.00998645168764533
1508,0.00998645168764533
1509,0.00998645168764533
1510,0.00998645168764533
1511,0.00998645168764533
1512,0.00998645168764533
1513,0.00998645168764533
1514,0.00998645168764533
1515,0.00998645168764533
1516,0.00998645168764533
1517,0.00998645168764533
1518,0.00998645168764533
1519,0.00998645168764533
1520,0.00998645168764533
1521,0.00998645168764533
1522,0.00998645168764533
1523,0.00998645168764533
1524,0.00998645168764533
1525,0.00998645168764533
1526,0.00998645168764533
1527,0.00998645168764533
1528,0.00998645168764533
1529,0.00998645168764533
1530,0.00998645168764533
1531,0.00998645168764533
1532,0.00998645168764533
1533,0.00998645168764533
1534,0.00998645168764533
1535,0.00998645168764533
1536,0.00998645168764533
1537,0.00998645168764533
1538,0.00998645168764533
1539,0.00998645168764533
1540,0.00998645168764533
1541,0.00998645168764533
1542,0.00998645168764533
1543,0.00998645168764533
1544,0.00998645168764533
1545,0.00998645168764533
1546,0.00998645168764533
1547,0.00998645168764533
1548,0.00998645168764533
1549,0.00998645168764533
1550,0.00998645168764533
1551,0.00998645168764533
1552,0.00998645168764533
1553,0.00998645168764533
1554,0.00998645168764533
1555,0.00998645168764533
1556,0.00998645168764533
1557,0.00998645168764533
1558,0.00998645168764533
1559,0.00998645168764533
1560,0.00998645168764533
1561,0.00998645168764533
1562,0.00998645168764533
1563,0.00998645168764533
1564,0.00998645168764533
1565,0.00998645168764533
1566,0.00998645168764533
1567,0.00998645168764533
1568,0.00998645168764533
1569,0.00998645168764533
1570,0.00998645168764533
1571,0.00998645168764533
1572,0.00998645168764533
1573,0.00998645168764533
1574,0.00998645168764533
1575,0.00998645168764533
1576,0.00998645168764533
1577,0.00998645168764533
1578,0.00998645168764533
1579,0.00998645168764533
1580,0.00998645168764533
1581,0.00998645168764533
1582,0.00998645168764533
1583,0.00998645168764533
1584,0.00998645168764533
1585,0.00998645168764533
1586,0.00998645168764533
1587,0.00998645168764533
1588,0.00998645168764533
1589,0.00998645168764533
1590,0.00998645168764533
1591,0.00998645168764533
1592,0.00998645168764533
1593,0.00998645168764533
1594,0.00998645168764533
1595,0.00998645168764533
1596,0.00998645168764533
1597,0.00998645168764533
1598,0.00998645168764533
1599,0.00998645168764533
1600,0.00998645168764533
1601,0.00998645168764533
1602,0.00998645168764533
1603,0.00998645168764533
1604,0.00998645168764533
1605,0.00998645168764533
1606,0.00998645168764533
1607,0.00998645168764533
1608,0.00998645168764533
1609,0.00998645168764533
1610,0.00998645168764533
1611,0.00998645168764533
1612,0.00998645168764533
1613,0.00998645168764533
1614,0.00998645168764533
1615,0.00998645168764533
1616,0.00998645168764533
1617,0.00998645168764533
1618,0.00998645168764533
1619,0.00998645168764533
1620,0.00998645168764533
1621,0.00998645168764533
1622,0.00998645168764533
1623,0.00998645168764533
1624,0.00998645168764533
1625,0.00998645168764533
1626,0.00998645168764533
1627,0.00998645168764533
1628,0.00998645168764533
1629,0.00998645168764533
1630,0.00998645168764533
1631,0.00998645168764533
1632,0.00998645168764533
1633,0.00998645168764533
1634,0.00998645168764533
1635,0.00998645168764533
1636,0.00998645168764533
1637,0.00998645168764533
1638,0.00998645168764533
1639,0.00998645168764533
1640,0.00998645168764533
1641,0.00998645168764533
1642,0.00998645168764533
1643,0.00998645168764533
1644,0.00998645168764533
1645,0.00998645168764533
1646,0.00998645168764533
1647,0.00998645168764533
1648,0.00998645168764533
1649,0.00998645168764533
1650,0.00998645168764533
1651,0.00998645168764533
1652,0.00998645168764533
1653,0.00998645168764533
1654,0.00998645168764533
1655,0.00998645168764533
1656,0.00998645168764533
1657,0.00998645168764533
1658,0.00998645168764533
1659,0.00998645168764533
1660,0.00998645168764533
1661,0.00998645168764533
1662,0.00998645168764533
1663,0.00998645168764533
1664,0.00998645168764533
1665,0.00998645168764533
1666,0.00998645168764533
1667,0.00998645168764533
1668,0.00998645168764533
1669,0.00998645168764533
1670,0.00998645168764533
1671,0.00998645168764533
1672,0.00998645168764533
1673,0.00998645168764533
1674,0.00998645168764533
1675,0.00998645168764533
1676,0.00998645168764533
1677,0.00998645168764533
1678,0.00998645168764533
1679,0.00998645168764533
1680,0.00998645168764533
1681,0.00998645168764533
1682,0.00998645168764533
1683,0.00998645168764533
1684,0.00998645168764533
1685,0.00998645168764533
1686,0.00998645168764533
1687,0.00998645168764533
1688,0.00998645168764533
1689,0.00998645168764533
1690,0.00998645168764533
1691,0.00998645168764533
1692,0.00998645168764533
1693,0.00998645168764533
1694,0.00998645168764533
1695,0.00998645168764533
1696,0.00998645168764533
1697,0.00998645168764533
1698,0.00998645168764533
1699,0.00998645168764533
1700,0.00998645168764533
1701,0.00998645168764533
1702,0.00998645168764533
1703,0.00998645168764533
1704,0.00998645168764533
1705,0.00998645168764533
1706,0.00998645168764533
1707,0.00998645168764533
1708,0.00998645168764533
1709,0.00998645168764533
1710,0.00998645168764533
1711,0.00998645168764533
1712,0.00998645168764533
1713,0.00998645168764533
1714,0.00998645168764533
1715,0.00998645168764533
1716,0.00998645168764533
1717,0.00998645168764533
1718,0.00998645168764533
1719,0.00998645168764533
1720,0.00998645168764533
1721,0.00998645168764533
1722,0.00998645168764533
1723,0.00998645168764533
1724,0.00998645168764533
1725,0.00998645168764533
1726,0.00998645168764533
1727,0.00998645168764533
1728,0.00998645168764533
1729,0.00998645168764533
1730,0.00998645168764533
1731,0.00998645168764533
1732,0.00998645168764533
1733,0.00998645168764533
1734,0.00998645168764533
1735,0.00998645168764533
1736,0.00998645168764533
1737,0.00998645168764533
1738,0.00998645168764533
1739,0.00998645168764533
1740,0.00998645168764533
1741,0.00998645168764533
1742,0.00998645168764533
1743,0.00998645168764533
1744,0.00998645168764533
1745,0.00998645168764533
1746,0.00998645168764533
1747,0.00998645168764533
1748,0.00998645168764533
1749,0.00998645168764533
1750,0.00998645168764533
1751,0.00998645168764533
1752,0.00998645168764533
1753,0.00998645168764533
1754,0.00998645168764533
1755,0.00998645168764533
1756,0.00998645168764533
1757,0.00998645168764533
1758,0.00998645168764533
1759,0.00998645168764533
1760,0.00998645168764533
1761,0.00998645168764533
1762,0.00998645168764533
1763,0.00998645168764533
1764,0.00998645168764533
1765,0.00998645168764533
1766,0.00998645168764533
1767,0.00998645168764533
1768,0.00998645168764533
1769,0.00998645168764533
1770,0.00998645168764533
1771,0.00998645168764533
1772,0.00998645168764533
1773,0.00998645168764533
1774,0.00998645168764533
1775,0.00998645168764533
1776,0.00998645168764533
1777,0.00998645168764533
1778,0.00998645168764533
1779,0.00998645168764533
1780,0.00998645168764533
1781,0.00998645168764533
1782,0.00998645168764533
1783,0.00998645168764533
1784,0.00998645168764533
1785,0.00998645168764533
1786,0.00998645168764533
1787,0.00998645168764533
1788,0.00998645168764533
1789,0.00998645168764533
1790,0.00998645168764533
1791,0.00998645168764533
1792,0.00998645168764533
1793,0.00998645168764533
1794,0.00998645168764533
1795,0.00998645168764533
1796,0.00998645168764533
1797,0.00998645168764533
1798,0.00998645168764533
1799,0.00998645168764533
1800,0.00998645168764533
1801,0.00998645168764533
1802,0.00998645168764533
1803,0.00998645168764533
1804,0.00998645168764533
1805,0.00998645168764533
1806,0.00998645168764533
1807,0.00998645168764533
1808,0.00998645168764533
1809,0.00998645168764533
1810,0.00998645168764533
1811,0.00998645168764533
1812,0.00998645168764533
1813,0.00998645168764533
1814,0.00998645168764533
1815,0.00998645168764533
1816,0.00998645168764533
1817,0.00998645168764533
1818,0.00998645168764533
1819,0.00998645168764533
1820,0.00998645168764533
1821,0.00998645168764533
1822,0.00998645168764533
1823,0.00998645168764533
1824,0.00998645168764533
1825,0.00998645168764533
1826,0.00998645168764533
1827,0.00998645168764533
1828,0.00998645168764533
1829,0.00998645168764533
1830,0.00998645168764533
1831,0.00998645168764533
1832,0.00998645168764533
1833,0.00998645168764533
1834,0.00998645168764533
1835,0.00998645168764533
1836,0.00998645168764533
1837,0.00998645168764533
1838,0.00998645168764533
1839,0.00998645168764533
1840,0.00998645168764533
1841,0.00998645168764533
1842,0.00998645168764533
1843,0.00998645168764533
1844,0.00998645168764533
1845,0.00998645168764533
1846,0.00998645168764533
1847,0.00998645168764533
1848,0.00998645168764533
1849,0.00998645168764533
1850,0.00998645168764533
1851,0.00998645168764533
1852,0.00998645168764533
1853,0.00998645168764533
1854,0.00998645168764533
1855,0.00998645168764533
1856,0.00998645168764533
1857,0.00998645168764533
1858,0.00998645168764533
1859,0.00998645168764533
1860,0.00998645168764533
1861,0.00998645168764533
1862,0.00998645168764533
1863,0.00998645168764533
1864,0.00998645168764533
1865,0.00998645168764533
1866,0.00998645168764533
1867,0.00998645168764533
1868,0.00998645168764533
1869,0.00998645168764533
1870,0.00998645168764533
1871,0.00998645168764533
1872,0.00998645168764533
1873,0.00998645168764533
1874,0.00998645168764533
1875,0.00998645168764533
1876,0.00998645168764533
1877,0.00998645168764533
1878,0.00998645168764533
1879,0.00998645168764533
1880,0.00998645168764533
1881,0.00998645168764533
1882,0.00998645168764533
1883,0.00998645168764533
1884,0.00998645168764533
1885,0.00998645168764533
1886,0.00998645168764533
1887,0.00998645168764533
1888,0.00998645168764533
1889,0.00998645168764533
1890,0.00998645168764533
1891,0.00998645168764533
1892,0.00998645168764533
1893,0.00998645168764533
1894,0.00998645168764533
1895,0.00998645168764533
1896,0.00998645168764533
1897,0.00998645168764533
1898,0.00998645168764533
1899,0.00998645168764533
1900,0.00998645168764533
1901,0.00998645168764533
1902,0.00998645168764533
1903,0.00998645168764533
1904,0.00998645168764533
1905,0.00998645168764533
1906,0.00998645168764533
1907,0.00998645168764533
1908,0.00998645168764533
1909,0.00998645168764533
1910,0.00998645168764533
1911,0.00998645168764533
1912,0.00998645168764533
1913,0.00998645168764533
1914,0.00998645168764533
1915,0.00998645168764533
1916,0.00998645168764533
1917,0.00998645168764533
1918,0.00998645168764533
1919,0.00998645168764533
1920,0.00998645168764533
1921,0.00998645168764533
1922,0.00998645168764533
1923,0.00998645168764533
1924,0.00998645168764533
1925,0.00998645168764533
1926,0.00998645168764533
1927,0.00998645168764533
1928,0.00998645168764533
1929,0.00998645168764533
1930,0.00998645168764533
1931,0.00998645168764533
1932,0.00998645168764533
1933,0.00998645168764533
1934,0.00998645168764533
1935,0.00998645168764533
1936,0.00998645168764533
1937,0.00998645168764533
1938,0.00998645168764533
1939,0.00998645168764533
1940,0.00998645168764533
1941,0.00998645168764533
1942,0.00998645168764533
1943,0.00998645168764533
1944,0.00998645168764533
1945,0.00998645168764533
1946,0.00998645168764533
1947,0.00998645168764533
1948,0.00998645168764533
1949,0.00998645168764533
1950,0.00998645168764533
1951,0.00998645168764533
1952,0.00998645168764533
1953,0.00998645168764533
1954,0.00998645168764533
1955,0.00998645168764533
1956,0.00998645168764533
1957,0.00998645168764533
1958,0.00998645168764533
1959,0.00998645168764533
1960,0.00998645168764533
1961,0.00998645168764533
1962,0.00998645168764533
1963,0.00998645168764533
1964,0.00998645168764533
1965,0.00998645168764533
1966,0.00998645168764533
1967,0.00998645168764533
1968,0.00998645168764533
1969,0.00998645168764533
1970,0.00998645168764533
1971,0.00998645168764533
1972,0.00998645168764533
1973,0.00998645168764533
1974,0.00998645168764533
1975,0.00998645168764533
1976,0.00998645168764533
1977,0.00998645168764533
1978,0.00998645168764533
1979,0.00998645168764533
1980,0.00998645168764533
1981,0.00998645168764533
1982,0.00998645168764533
1983,0.00998645168764533
1984,0.00998645168764533
1985,0.00998645168764533
1986,0.00998645168764533
1987,0.00998645168764533
1988,0.00998645168764533
1989,0.00998645168764533
1990,0.00998645168764533
1991,0.00998645168764533
1992,0.00998645168764533
1993,0.00998645168764533
1994,0.00998645168764533
1995,0.00998645168764533
1996,0.00998645168764533
1997,0.00998645168764533
1998,0.00998645168764533
1999,0.00998645168764533
2000,0.00998645168764533
2001,0.00998645168764533
2002,0.00998645168764533
2003,0.00998645168764533
2004,0.00998645168764533
2005,0.00998645168764533
2006,0.00998645168764533
2007,0.00998645168764533
2008,0.00998645168764533
2009,0.00998645168764533
2010,0.00998645168764533
2011,0.00998645168764533
2012,0.00998645168764533
2013,0.00998645168764533
2014,0.00998645168764533
2015,0.00998645168764533
2016,0.00998645168764533
2017,0.00998645168764533
2018,0.00998645168764533
2019,0.00998645168764533
2020,0.00998645168764533
2021,0.00998645168764533
2022,0.00998645168764533
2023,0.00998645168764533
2024,0.00998645168764533
2025,0.00998645168764533
2026,0.00998645168764533
2027,0.00998645168764533
2028,0.00998645168764533
2029,0.00998645168764533
2030,0.00998645168764533
2031,0.00998645168764533
2032,0.00998645168764533
2033,0.00998645168764533
2034,0.00998645168764533
2035,0.00998645168764533
2036,0.00998645168764533
2037,0.00998645168764533
2038,0.00998645168764533
2039,0.00998645168764533
2040,0.00998645168764533
2041,0.00998645168764533
2042,0.00998645168764533
2043,0.00998645168764533
2044,0.00998645168764533
2045,0.00998645168764533
2046,0.00998645168764533
2047,0.00998645168764533
2048,0.00998645168764533
2049,0.00998645168764533
2050,0.00998645168764533
2051,0.00998645168764533
2052,0.00998645168764533
2053,0.00998645168764533
2054,0.00998645168764533
2055,0.00998645168764533
2056,0.00998645168764533
2057,0.00998645168764533
2058,0.00998645168764533
2059,0.00998645168764533
2060,0.00998645168764533
2061,0.00998645168764533
2062,0.00998645168764533
2063,0.00998645168764533
2064,0.00998645168764533
2065,0.00998645168764533
2066,0.00998645168764533
2067,0.00998645168764533
2068,0.00998645168764533
2069,0.00998645168764533
2070,0.00998645168764533
2071,0.00998645168764533
2072,0.00998645168764533
2073,0.00998645168764533
2074,0.00998645168764533
2075,0.00998645168764533
2076,0.00998645168764533
2077,0.00998645168764533
2078,0.00998645168764533
2079,0.00998645168764533
2080,0.00998645168764533
2081,0.00998645168764533
2082,0.00998645168764533
2083,0.00998645168764533
2084,0.00998645168764533
2085,0.00998645168764533
2086,0.00998645168764533
2087,0.00998645168764533
2088,0.00998645168764533
2089,0.00998645168764533
2090,0.00998645168764533
2091,0.00998645168764533
2092,0.00998645168764533
2093,0.00998645168764533
2094,0.00998645168764533
2095,0.00998645168764533
2096,0.00998645168764533
2097,0.00998645168764533
2098,0.00998645168764533
2099,0.00998645168764533
2100,0.00998645168764533
2101,0.00998645168764533
2102,0.00998645168764533
2103,0.00998645168764533
2104,0.00998645168764533
2105,0.00998645168764533
2106,0.00998645168764533
2107,0.00998645168764533
2108,0.00998645168764533
2109,0.00998645168764533
2110,0.00998645168764533
2111,0.00998645168764533
2112,0.00998645168764533
2113,0.00998645168764533
2114,0.00998645168764533
2115,0.00998645168764533
2116,0.00998645168764533
2117,0.00998645168764533
2118,0.00998645168764533
2119,0.00998645168764533
2120,0.00998645168764533
2121,0.00998645168764533
2122,0.00998645168764533
2123,0.00998645168764533
2124,0.00998645168764533
2125,0.00998645168764533
2126,0.00998645168764533
2127,0.00998645168764533
2128,0.00998645168764533
2129,0.00998645168764533
2130,0.00998645168764533
2131,0.00998645168764533
2132,0.00998645168764533
2133,0.00998645168764533
2134,0.00998645168764533
2135,0.00998645168764533
2136,0.00998645168764533
2137,0.00998645168764533
2138,0.00998645168764533
2139,0.00998645168764533
2140,0.00998645168764533
2141,0.00998645168764533
2142,0.00998645168764533
2143,0.00998645168764533
2144,0.00998645168764533
2145,0.00998645168764533
2146,0.00998645168764533
2147,0.00998645168764533
2148,0.00998645168764533
2149,0.00998645168764533
2150,0.00998645168764533
2151,0.00998645168764533
2152,0.00998645168764533
2153,0.00998645168764533
2154,0.00998645168764533
2155,0.00998645168764533
2156,0.00998645168764533
2157,0.00998645168764533
2158,0.00998645168764533
2159,0.00998645168764533
2160,0.00998645168764533
2161,0.00998645168764533
2162,0.00998645168764533
2163,0.00998645168764533
2164,0.00998645168764533
2165,0.00998645168764533
2166,0.00998645168764533
2167,0.00998645168764533
2168,0.00998645168764533
2169,0.00998645168764533
2170,0.00998645168764533
2171,0.00998645168764533
2172,0.00998645168764533
2173,0.00998645168764533
2174,0.00998645168764533
2175,0.00998645168764533
2176,0.00998645168764533
2177,0.00998645168764533
2178,0.00998645168764533
2179,0.00998645168764533
2180,0.00998645168764533
2181,0.00998645168764533
2182,0.00998645168764533
2183,0.00998645168764533
2184,0.00998645168764533
2185,0.00998645168764533
2186,0.00998645168764533
2187,0.00998645168764533
2188,0.00998645168764533
2189,0.00998645168764533
2190,0.00998645168764533
2191,0.00998645168764533
2192,0.00998645168764533
2193,0.00998645168764533
2194,0.00998645168764533
2195,0.00998645168764533
2196,0.00998645168764533
2197,0.00998645168764533
2198,0.00998645168764533
2199,0.00998645168764533
2200,0.00998645168764533
2201,0.00998645168764533
2202,0.00998645168764533
2203,0.00998645168764533
2204,0.00998645168764533
2205,0.00998645168764533
2206,0.00998645168764533
2207,0.00998645168764533
2208,0.00998645168764533
2209,0.00998645168764533
2210,0.00998645168764533
2211,0.00998645168764533
2212,0.00998645168764533
2213,0.00998645168764533
2214,0.00998645168764533
2215,0.00998645168764533
2216,0.00998645168764533
2217,0.00998645168764533
2218,0.00998645168764533
2219,0.00998645168764533
2220,0.00998645168764533
2221,0.00998645168764533
2222,0.00998645168764533
2223,0.00998645168764533
2224,0.00998645168764533
2225,0.00998645168764533
2226,0.00998645168764533
2227,0.00998645168764533
2228,0.00998645168764533
2229,0.00998645168764533
2230,0.00998645168764533
2231,0.00998645168764533
2232,0.00998645168764533
2233,0.00998645168764533
2234,0.00998645168764533
2235,0.00998645168764533
2236,0.00998645168764533
2237,0.00998645168764533
2238,0.00998645168764533
2239,0.00998645168764533
2240,0.00998645168764533
2241,0.00998645168764533
2242,0.00998645168764533
2243,0.00998645168764533
2244,0.00998645168764533
2245,0.00998645168764533
2246,0.00998645168764533
2247,0.00998645168764533
2248,0.00998645168764533
2249,0.00998645168764533
2250,0.00998645168764533
2251,0.00998645168764533
2252,0.00998645168764533
2253,0.00998645168764533
2254,0.00998645168764533
2255,0.00998645168764533
2256,0.00998645168764533
2257,0.00998645168764533
2258,0.00998645168764533
2259,0.00998645168764533
2260,0.00998645168764533
2261,0.00998645168764533
2262,0.00998645168764533
2263,0.00998645168764533
2264,0.00998645168764533
2265,0.00998645168764533
2266,0.00998645168764533
2267,0.00998645168764533
2268,0.00998645168764533
2269,0.00998645168764533
2270,0.00998645168764533
2271,0.00998645168764533
2272,0.00998645168764533
2273,0.00998645168764533
2274,0.00998645168764533
2275,0.00998645168764533
2276,0.00998645168764533
2277,0.00998645168764533
2278,0.00998645168764533
2279,0.00998645168764533
2280,0.00998645168764533
2281,0.00998645168764533
2282,0.00998645168764533
2283,0.00998645168764533
2284,0.00998645168764533
2285,0.00998645168764533
2286,0.00998645168764533
2287,0.00998645168764533
2288,0.00998645168764533
2289,0.00998645168764533
2290,0.00998645168764533
2291,0.00998645168764533
2292,0.00998645168764533
2293,0.00998645168764533
2294,0.00998645168764533
2295,0.00998645168764533
2296,0.00998645168764533
2297,0.00998645168764533
2298,0.00998645168764533
2299,0.00998645168764533
2300,0.00998645168764533
2301,0.00998645168764533
2302,0.00998645168764533
2303,0.00998645168764533
2304,0.00998645168764533
2305,0.00998645168764533
2306,0.00998645168764533
2307,0.00998645168764533
2308,0.00998645168764533
2309,0.00998645168764533
2310,0.00998645168764533
2311,0.00998645168764533
2312,0.00998645168764533
2313,0.00998645168764533
2314,0.00998645168764533
2315,0.00998645168764533
2316,0.00998645168764533
2317,0.00998645168764533
2318,0.00998645168764533
2319,0.00998645168764533
2320,0.00998645168764533
2321,0.00998645168764533
2322,0.00998645168764533
2323,0.00998645168764533
2324,0.00998645168764533
2325,0.00998645168764533
2326,0.00998645168764533
2327,0.00998645168764533
2328,0.00998645168764533
2329,0.00998645168764533
2330,0.00998645168764533
2331,0.00998645168764533
2332,0.00998645168764533
2333,0.00998645168764533
2334,0.00998645168764533
2335,0.00998645168764533
2336,0.00998645168764533
2337,0.00998645168764533
2338,0.00998645168764533
2339,0.00998645168764533
2340,0.00998645168764533
2341,0.00998645168764533
2342,0.00998645168764533
2343,0.00998645168764533
2344,0.00998645168764533
2345,0.00998645168764533
2346,0.00998645168764533
2347,0.00998645168764533
2348,0.00998645168764533
2349,0.00998645168764533
2350,0.00998645168764533
2351,0.00998645168764533
2352,0.00998645168764533
2353,0.00998645168764533
2354,0.00998645168764533
2355,0.00998645168764533
2356,0.00998645168764533
2357,0.00998645168764533
2358,0.00998645168764533
2359,0.00998645168764533
2360,0.00998645168764533
2361,0.00998645168764533
2362,0.00998645168764533
2363,0.00998645168764533
2364,0.00998645168764533
2365,0.00998645168764533
2366,0.00998645168764533
2367,0.00998645168764533
2368,0.00998645168764533
2369,0.00998645168764533
2370,0.00998645168764533
2371,0.00998645168764533
2372,0.00998645168764533
2373,0.00998645168764533
2374,0.00998645168764533
2375,0.00998645168764533
2376,0.00998645168764533
2377,0.00998645168764533
2378,0.00998645168764533
2379,0.00998645168764533
2380,0.00998645168764533
2381,0.00998645168764533
2382,0.00998645168764533
2383,0.00998645168764533
2384,0.00998645168764533
2385,0.00998645168764533
2386,0.00998645168764533
2387,0.00998645168764533
2388,0.00998645168764533
2389,0.00998645168764533
2390,0.00998645168764533
2391,0.00998645168764533
2392,0.00998645168764533
2393,0.00998645168764533
2394,0.00998645168764533
2395,0.00998645168764533
2396,0.00998645168764533
2397,0.00998645168764533
2398,0.00998645168764533
2399,0.00998645168764533
2400,0.00998645168764533
2401,0.00998645168764533
2402,0.00998645168764533
2403,0.00998645168764533
2404,0.00998645168764533
2405,0.00998645168764533
2406,0.00998645168764533
2407,0.00998645168764533
2408,0.00998645168764533
2409,0.00998645168764533
2410,0.00998645168764533
2411,0.00998645168764533
2412,0.00998645168764533
2413,0.00998645168764533
2414,0.00998645168764533
2415,0.00998645168764533
2416,0.00998645168764533
2417,0.00998645168764533
2418,0.00998645168764533
2419,0.00998645168764533
2420,0.00998645168764533
2421,0.00998645168764533
2422,0.00998645168764533
2423,0.00998645168764533
2424,0.00998645168764533
2425,0.00998645168764533
2426,0.00998645168764533
2427,0.00998645168764533
2428,0.00998645168764533
2429,0.00998645168764533
2430,0.00998645168764533
2431,0.00998645168764533
2432,0.00998645168764533
2433,0.00998645168764533
2434,0.00998645168764533
2435,0.00998645168764533
2436,0.00998645168764533
2437,0.00998645168764533
2438,0.00998645168764533
2439,0.00998645168764533
2440,0.00998645168764533
2441,0.00998645168764533
2442,0.00998645168764533
2443,0.00998645168764533
2444,0.00998645168764533
2445,0.00998645168764533
2446,0.00998645168764533
2447,0.00998645168764533
2448,0.00998645168764533
2449,0.00998645168764533
2450,0.00998645168764533
2451,0.00998645168764533
2452,0.00998645168764533
2453,0.00998645168764533
2454,0.00998645168764533
2455,0.00998645168764533
2456,0.00998645168764533
2457,0.00998645168764533
2458,0.00998645168764533
2459,0.00998645168764533
2460,0.00998645168764533
2461,0.00998645168764533
2462,0.00998645168764533
2463,0.00998645168764533
2464,0.00998645168764533
2465,0.00998645168764533
2466,0.00998645168764533
2467,0.00998645168764533
2468,0.00998645168764533
2469,0.00998645168764533
2470,0.00998645168764533
2471,0.00998645168764533
2472,0.00998645168764533
2473,0.00998645168764533
2474,0.00998645168764533
2475,0.00998645168764533
2476,0.00998645168764533
2477,0.00998645168764533
2478,0.00998645168764533
2479,0.00998645168764533
2480,0.00998645168764533
2481,0.00998645168764533
2482,0.00998645168764533
2483,0.00998645168764533
2484,0.00998645168764533
2485,0.00998645168764533
2486,0.00998645168764533
2487,0.00998645168764533
2488,0.00998645168764533
2489,0.00998645168764533
2490,0.00998645168764533
2491,0.00998645168764533
2492,0.00998645168764533
2493,0.00998645168764533
2494,0.00998645168764533
2495,0.00998645168764533
2496,0.00998645168764533
2497,0.00998645168764533
2498,0.00998645168764533
2499,0.00998645168764533
2500,0.00998645168764533
2501,0.00998645168764533
2502,0.00998645168764533
2503,0.00998645168764533
2504,0.00998645168764533
2505,0.00998645168764533
2506,0.00998645168764533
2507,0.00998645168764533
2508,0.00998645168764533
2509,0.00998645168764533
2510,0.00998645168764533
2511,0.00998645168764533
2512,0.00998645168764533
2513,0.00998645168764533
2514,0.00998645168764533
2515,0.00998645168764533
2516,0.00998645168764533
2517,0.00998645168764533
2518,0.00998645168764533
2519,0.00998645168764533
2520,0.00998645168764533
2521,0.00998645168764533
2522,0.00998645168764533
2523,0.00998645168764533
2524,0.00998645168764533
2525,0.00998645168764533
2526,0.00998645168764533
2527,0.00998645168764533
2528,0.00998645168764533
2529,0.00998645168764533
2530,0.00998645168764533
2531,0.00998645168764533
2532,0.00998645168764533
2533,0.00998645168764533
2534,0.00998645168764533
2535,0.00998645168764533
2536,0.00998645168764533
2537,0.00998645168764533
2538,0.00998645168764533
2539,0.00998645168764533
2540,0.00998645168764533
2541,0.00998645168764533
2542,0.00998645168764533
2543,0.00998645168764533
2544,0.00998645168764533
2545,0.00998645168764533
2546,0.00998645168764533
2547,0.00998645168764533
2548,0.00998645168764533
2549,0.00998645168764533
2550,0.00998645168764533
2551,0.00998645168764533
2552,0.00998645168764533
2553,0.00998645168764533
2554,0.00998645168764533
2555,0.00998645168764533
2556,0.00998645168764533
2557,0.00998645168764533
2558,0.00998645168764533
2559,0.00998645168764533
2560,0.00998645168764533
2561,0.00998645168764533
2562,0.00998645168764533
2563,0.00998645168764533
2564,0.00998645168764533
2565,0.00998645168764533
2566,0.00998645168764533
2567,0.00998645168764533
2568,0.00998645168764533
2569,0.00998645168764533
2570,0.00998645168764533
2571,0.00998645168764533
2572,0.00998645168764533
2573,0.00998645168764533
2574,0.00998645168764533
2575,0.00998645168764533
2576,0.00998645168764533
2577,0.00998645168764533
2578,0.00998645168764533
2579,0.00998645168764533
2580,0.00998645168764533
2581,0.00998645168764533
2582,0.00998645168764533
2583,0.00998645168764533
2584,0.00998645168764533
2585,0.00998645168764533
2586,0.00998645168764533
2587,0.00998645168764533
2588,0.00998645168764533
2589,0.00998645168764533
2590,0.00998645168764533
2591,0.00998645168764533
2592,0.00998645168764533
2593,0.00998645168764533
2594,0.00998645168764533
2595,0.00998645168764533
2596,0.00998645168764533
2597,0.00998645168764533
2598,0.00998645168764533
2599,0.00998645168764533
2600,0.00998645168764533
2601,0.00998645168764533
2602,0.00998645168764533
2603,0.00998645168764533
2604,0.00998645168764533
2605,0.00998645168764533
2606,0.00998645168764533
2607,0.00998645168764533
2608,0.00998645168764533
2609,0.00998645168764533
2610,0.00998645168764533
2611,0.00998645168764533
2612,0.00998645168764533
2613,0.00998645168764533
2614,0.00998645168764533
2615,0.00998645168764533
2616,0.00998645168764533
2617,0.00998645168764533
2618,0.00998645168764533
2619,0.00998645168764533
2620,0.00998645168764533
2621,0.00998645168764533
2622,0.00998645168764533
2623,0.00998645168764533
2624,0.00998645168764533
2625,0.00998645168764533
2626,0.00998645168764533
2627,0.00998645168764533
2628,0.00998645168764533
2629,0.00998645168764533
2630,0.00998645168764533
2631,0.00998645168764533
2632,0.00998645168764533
2633,0.00998645168764533
2634,0.00998645168764533
2635,0.00998645168764533
2636,0.00998645168764533
2637,0.00998645168764533
2638,0.00998645168764533
2639,0.00998645168764533
2640,0.00998645168764533
2641,0.00998645168764533
2642,0.00998645168764533
2643,0.00998645168764533
2644,0.00998645168764533
2645,0.00998645168764533
2646,0.00998645168764533
2647,0.00998645168764533
2648,0.00998645168764533
2649,0.00998645168764533
2650,0.00998645168764533
2651,0.00998645168764533
2652,0.00998645168764533
2653,0.00998645168764533
2654,0.00998645168764533
2655,0.00998645168764533
2656,0.00998645168764533
2657,0.00998645168764533
2658,0.00998645168764533
2659,0.00998645168764533
2660,0.00998645168764533
2661,0.00998645168764533
2662,0.00998645168764533
2663,0.00998645168764533
2664,0.00998645168764533
2665,0.00998645168764533
2666,0.00998645168764533
2667,0.00998645168764533
2668,0.00998645168764533
2669,0.00998645168764533
2670,0.00998645168764533
2671,0.00998645168764533
2672,0.00998645168764533
2673,0.00998645168764533
2674,0.00998645168764533
2675,0.00998645168764533
2676,0.00998645168764533
2677,0.00998645168764533
2678,0.00998645168764533
2679,0.00998645168764533
2680,0.00998645168764533
2681,0.00998645168764533
2682,0.00998645168764533
2683,0.00998645168764533
2684,0.00998645168764533
2685,0.00998645168764533
2686,0.00998645168764533
2687,0.00998645168764533
2688,0.00998645168764533
2689,0.00998645168764533
2690,0.00998645168764533
2691,0.00998645168764533
2692,0.00998645168764533
2693,0.00998645168764533
2694,0.00998645168764533
2695,0.00998645168764533
2696,0.00998645168764533
2697,0.00998645168764533
2698,0.00998645168764533
2699,0.00998645168764533
2700,0.00998645168764533
2701,0.00998645168764533
2702,0.00998645168764533
2703,0.00998645168764533
2704,0.00998645168764533
2705,0.00998645168764533
2706,0.00998645168764533
2707,0.00998645168764533
2708,0.00998645168764533
2709,0.00998645168764533
2710,0.00998645168764533
2711,0.00998645168764533
2712,0.00998645168764533
2713,0.00998645168764533
2714,0.00998645168764533
2715,0.00998645168764533
2716,0.00998645168764533
2717,0.00998645168764533
2718,0.00998645168764533
2719,0.00998645168764533
2720,0.00998645168764533
2721,0.00998645168764533
2722,0.00998645168764533
2723,0.00998645168764533
2724,0.00998645168764533
2725,0.00998645168764533
2726,0.00998645168764533
2727,0.00998645168764533
2728,0.00998645168764533
2729,0.00998645168764533
2730,0.00998645168764533
2731,0.00998645168764533
2732,0.00998645168764533
2733,0.00998645168764533
2734,0.00998645168764533
2735,0.00998645168764533
2736,0.00998645168764533
2737,0.00998645168764533
2738,0.00998645168764533
2739,0.00998645168764533
2740,0.00998645168764533
2741,0.00998645168764533
2742,0.00998645168764533
2743,0.00998645168764533
2744,0.00998645168764533
2745,0.00998645168764533
2746,0.00998645168764533
2747,0.00998645168764533
2748,0.00998645168764533
2749,0.00998645168764533
2750,0.00998645168764533
2751,0.00998645168764533
2752,0.00998645168764533
2753,0.00998645168764533
2754,0.00998645168764533
2755,0.00998645168764533
2756,0.00998645168764533
2757,0.00998645168764533
2758,0.00998645168764533
2759,0.00998645168764533
2760,0.00998645168764533
2761,0.00998645168764533
2762,0.00998645168764533
2763,0.00998645168764533
2764,0.00998645168764533
2765,0.00998645168764533
2766,0.00998645168764533
2767,0.00998645168764533
2768,0.00998645168764533
2769,0.00998645168764533
2770,0.00998645168764533
2771,0.00998645168764533
2772,0.00998645168764533
2773,0.00998645168764533
2774,0.00998645168764533
2775,0.00998645168764533
2776,0.00998645168764533
2777,0.00998645168764533
2778,0.00998645168764533
2779,0.00998645168764533
2780,0.00998645168764533
2781,0.00998645168764533
2782,0.00998645168764533
2783,0.00998645168764533
2784,0.00998645168764533
2785,0.00998645168764533
2786,0.00998645168764533
2787,0.00998645168764533
2788,0.00998645168764533
2789,0.00998645168764533
2790,0.00998645168764533
2791,0.00998645168764533
2792,0.00998645168764533
2793,0.00998645168764533
2794,0.00998645168764533
2795,0.00998645168764533
2796,0.00998645168764533
2797,0.00998645168764533
2798,0.00998645168764533
2799,0.00998645168764533
2800,0.00998645168764533
2801,0.00998645168764533
2802,0.00998645168764533
2803,0.00998645168764533
2804,0.00998645168764533
2805,0.00998645168764533
2806,0.00998645168764533
2807,0.00998645168764533
2808,0.00998645168764533
2809,0.00998645168764533
2810,0.00998645168764533
2811,0.00998645168764533
2812,0.00998645168764533
2813,0.00998645168764533
2814,0.00998645168764533
2815,0.00998645168764533
2816,0.00998645168764533
2817,0.00998645168764533
2818,0.00998645168764533
2819,0.00998645168764533
2820,0.00998645168764533
2821,0.00998645168764533
2822,0.00998645168764533
2823,0.00998645168764533
2824,0.00998645168764533
2825,0.00998645168764533
2826,0.00998645168764533
2827,0.00998645168764533
2828,0.00998645168764533
2829,0.00998645168764533
2830,0.00998645168764533
2831,0.00998645168764533
2832,0.00998645168764533
2833,0.00998645168764533
2834,0.00998645168764533
2835,0.00998645168764533
2836,0.00998645168764533
2837,0.00998645168764533
2838,0.00998645168764533
2839,0.00998645168764533
2840,0.00998645168764533
2841,0.00998645168764533
2842,0.00998645168764533
2843,0.00998645168764533
2844,0.00998645168764533
2845,0.00998645168764533
2846,0.00998645168764533
2847,0.00998645168764533
2848,0.00998645168764533
2849,0.00998645168764533
2850,0.00998645168764533
2851,0.00998645168764533
2852,0.00998645168764533
2853,0.00998645168764533
2854,0.00998645168764533
2855,0.00998645168764533
2856,0.00998645168764533
2857,0.00998645168764533
2858,0.00998645168764533
2859,0.00998645168764533
2860,0.00998645168764533
2861,0.00998645168764533
2862,0.00998645168764533
2863,0.00998645168764533
2864,0.00998645168764533
2865,0.00998645168764533
2866,0.00998645168764533
2867,0.00998645168764533
2868,0.00998645168764533
2869,0.00998645168764533
2870,0.00998645168764533
2871,0.00998645168764533
2872,0.00998645168764533
2873,0.00998645168764533
2874,0.00998645168764533
2875,0.00998645168764533
2876,0.00998645168764533
2877,0.00998645168764533
2878,0.00998645168764533
2879,0.00998645168764533
2880,0.00998645168764533
2881,0.00998645168764533
2882,0.00998645168764533
2883,0.00998645168764533
2884,0.00998645168764533
2885,0.00998645168764533
2886,0.00998645168764533
2887,0.00998645168764533
2888,0.00998645168764533
2889,0.00998645168764533
2890,0.00998645168764533
2891,0.00998645168764533
2892,0.00998645168764533
2893,0.00998645168764533
2894,0.00998645168764533
2895,0.00998645168764533
2896,0.00998645168764533
2897,0.00998645168764533
2898,0.00998645168764533
2899,0.00998645168764533
2900,0.00998645168764533
2901,0.00998645168764533
2902,0.00998645168764533
2903,0.00998645168764533
2904,0.00998645168764533
2905,0.00998645168764533
2906,0.00998645168764533
2907,0.00998645168764533
2908,0.00998645168764533
2909,0.00998645168764533
2910,0.00998645168764533
2911,0.00998645168764533
2912,0.00998645168764533
2913,0.00998645168764533
2914,0.00998645168764533
2915,0.00998645168764533
2916,0.00998645168764533
2917,0.00998645168764533
2918,0.00998645168764533
2919,0.00998645168764533
2920,0.00998645168764533
2921,0.00998645168764533
2922,0.00998645168764533
2923,0.00998645168764533
2924,0.00998645168764533
2925,0.00998645168764533
2926,0.00998645168764533
2927,0.00998645168764533
2928,0.00998645168764533
2929,0.00998645168764533
2930,0.00998645168764533
2931,0.00998645168764533
2932,0.00998645168764533
2933,0.00998645168764533
2934,0.00998645168764533
2935,0.00998645168764533
2936,0.00998645168764533
2937,0.00998645168764533
2938,0.00998645168764533
2939,0.00998645168764533
2940,0.00998645168764533
2941,0.00998645168764533
2942,0.00998645168764533
2943,0.00998645168764533
2944,0.00998645168764533
2945,0.00998645168764533
2946,0.00998645168764533
2947,0.00998645168764533
2948,0.00998645168764533
2949,0.00998645168764533
2950,0.00998645168764533
2951,0.00998645168764533
2952,0.00998645168764533
2953,0.00998645168764533
2954,0.00998645168764533
2955,0.00998645168764533
2956,0.00998645168764533
2957,0.00998645168764533
2958,0.00998645168764533
2959,0.00998645168764533
2960,0.00998645168764533
2961,0.00998645168764533
2962,0.00998645168764533
2963,0.00998645168764533
2964,0.00998645168764533
2965,0.00998645168764533
2966,0.00998645168764533
2967,0.00998645168764533
2968,0.00998645168764533
2969,0.00998645168764533
2970,0.00998645168764533
2971,0.00998645168764533
2972,0.00998645168764533
2973,0.00998645168764533
2974,0.00998645168764533
2975,0.00998645168764533
2976,0.00998645168764533
2977,0.00998645168764533
2978,0.00998645168764533
2979,0.00998645168764533
2980,0.00998645168764533
2981,0.00998645168764533
2982,0.00998645168764533
2983,0.00998645168764533
2984,0.00998645168764533
2985,0.00998645168764533
2986,0.00998645168764533
2987,0.00998645168764533
2988,0.00998645168764533
2989,0.00998645168764533
2990,0.00998645168764533
2991,0.00998645168764533
2992,0.00998645168764533
2993,0.00998645168764533
2994,0.00998645168764533
2995,0.00998645168764533
2996,0.00998645168764533
2997,0.00998645168764533
2998,0.00998645168764533
2999,0.00998645168764533
3000,0.00998645168764533
3001,0.00998645168764533
3002,0.00998645168764533
3003,0.00998645168764533
3004,0.00998645168764533
3005,0.00998645168764533
3006,0.00998645168764533
3007,0.00998645168764533
3008,0.00998645168764533
3009,0.00998645168764533
3010,0.00998645168764533
3011,0.00998645168764533
3012,0.00998645168764533
3013,0.00998645168764533
3014,0.00998645168764533
3015,0.00998645168764533
3016,0.00998645168764533
3017,0.00998645168764533
3018,0.00998645168764533
3019,0.00998645168764533
3020,0.00998645168764533
3021,0.00998645168764533
3022,0.00998645168764533
3023,0.00998645168764533
3024,0.00998645168764533
3025,0.00998645168764533
3026,0.00998645168764533
3027,0.00998645168764533
3028,0.00998645168764533
3029,0.00998645168764533
3030,0.00998645168764533
3031,0.00998645168764533
3032,0.00998645168764533
3033,0.00998645168764533
3034,0.00998645168764533
3035,0.00998645168764533
3036,0.00998645168764533
3037,0.00998645168764533
3038,0.00998645168764533
3039,0.00998645168764533
3040,0.00998645168764533
3041,0.00998645168764533
3042,0.00998645168764533
3043,0.00998645168764533
3044,0.00998645168764533
3045,0.00998645168764533
3046,0.00998645168764533
3047,0.00998645168764533
3048,0.00998645168764533
3049,0.00998645168764533
3050,0.00998645168764533
3051,0.00998645168764533
3052,0.00998645168764533
3053,0.00998645168764533
3054,0.00998645168764533
3055,0.00998645168764533
3056,0.00998645168764533
3057,0.00998645168764533
3058,0.00998645168764533
3059,0.00998645168764533
3060,0.00998645168764533
3061,0.00998645168764533
3062,0.00998645168764533
3063,0.00998645168764533
3064,0.00998645168764533
3065,0.00998645168764533
3066,0.00998645168764533
3067,0.00998645168764533
3068,0.00998645168764533
3069,0.00998645168764533
3070,0.00998645168764533
3071,0.00998645168764533
3072,0.00998645168764533
3073,0.00998645168764533
3074,0.00998645168764533
3075,0.00998645168764533
3076,0.00998645168764533
3077,0.00998645168764533
3078,0.00998645168764533
3079,0.00998645168764533
3080,0.00998645168764533
3081,0.00998645168764533
3082,0.00998645168764533
3083,0.00998645168764533
3084,0.00998645168764533
3085,0.00998645168764533
3086,0.00998645168764533
3087,0.00998645168764533
3088,0.00998645168764533
3089,0.00998645168764533
3090,0.00998645168764533
3091,0.00998645168764533
3092,0.00998645168764533
3093,0.00998645168764533
3094,0.00998645168764533
3095,0.00998645168764533
3096,0.00998645168764533
3097,0.00998645168764533
3098,0.00998645168764533
3099,0.00998645168764533
3100,0.00998645168764533
3101,0.00998645168764533
3102,0.00998645168764533
3103,0.00998645168764533
3104,0.00998645168764533
3105,0.00998645168764533
3106,0.00998645168764533
3107,0.00998645168764533
3108,0.00998645168764533
3109,0.00998645168764533
3110,0.00998645168764533
3111,0.00998645168764533
3112,0.00998645168764533
3113,0.00998645168764533
3114,0.00998645168764533
3115,0.00998645168764533
3116,0.00998645168764533
3117,0.00998645168764533
3118,0.00998645168764533
3119,0.00998645168764533
3120,0.00998645168764533
3121,0.00998645168764533
3122,0.00998645168764533
3123,0.00998645168764533
3124,0.00998645168764533
3125,0.00998645168764533
3126,0.00998645168764533
3127,0.00998645168764533
3128,0.00998645168764533
3129,0.00998645168764533
3130,0.00998645168764533
3131,0.00998645168764533
3132,0.00998645168764533
3133,0.00998645168764533
3134,0.00998645168764533
3135,0.00998645168764533
3136,0.00998645168764533
3137,0.00998645168764533
3138,0.00998645168764533
3139,0.00998645168764533
3140,0.00998645168764533
3141,0.00998645168764533
3142,0.00998645168764533
3143,0.00998645168764533
3144,0.00998645168764533
3145,0.00998645168764533
3146,0.00998645168764533
3147,0.00998645168764533
3148,0.00998645168764533
3149,0.00998645168764533
3150,0.00998645168764533
3151,0.00998645168764533
3152,0.00998645168764533
3153,0.00998645168764533
3154,0.00998645168764533
3155,0.00998645168764533
3156,0.00998645168764533
3157,0.00998645168764533
3158,0.00998645168764533
3159,0.00998645168764533
3160,0.00998645168764533
3161,0.00998645168764533
3162,0.00998645168764533
3163,0.00998645168764533
3164,0.00998645168764533
3165,0.00998645168764533
3166,0.00998645168764533
3167,0.00998645168764533
3168,0.00998645168764533
3169,0.00998645168764533
3170,0.00998645168764533
3171,0.00998645168764533
3172,0.00998645168764533
3173,0.00998645168764533
3174,0.00998645168764533
3175,0.00998645168764533
3176,0.00998645168764533
3177,0.00998645168764533
3178,0.00998645168764533
3179,0.00998645168764533
3180,0.00998645168764533
3181,0.00998645168764533
3182,0.00998645168764533
3183,0.00998645168764533
3184,0.00998645168764533
3185,0.00998645168764533
3186,0.00998645168764533
3187,0.00998645168764533
3188,0.00998645168764533
3189,0.00998645168764533
3190,0.00998645168764533
3191,0.00998645168764533
3192,0.00998645168764533
3193,0.00998645168764533
3194,0.00998645168764533
3195,0.00998645168764533
3196,0.00998645168764533
3197,0.00998645168764533
3198,0.00998645168764533
3199,0.00998645168764533
3200,0.00998645168764533
3201,0.00998645168764533
3202,0.00998645168764533
3203,0.00998645168764533
3204,0.00998645168764533
3205,0.00998645168764533
3206,0.00998645168764533
3207,0.00998645168764533
3208,0.00998645168764533
3209,0.00998645168764533
3210,0.00998645168764533
3211,0.00998645168764533
3212,0.00998645168764533
3213,0.00998645168764533
3214,0.00998645168764533
3215,0.00998645168764533
3216,0.00998645168764533
3217,0.00998645168764533
3218,0.00998645168764533
3219,0.00998645168764533
3220,0.00998645168764533
3221,0.00998645168764533
3222,0.00998645168764533
3223,0.00998645168764533
3224,0.00998645168764533
3225,0.00998645168764533
3226,0.00998645168764533
3227,0.00998645168764533
3228,0.00998645168764533
3229,0.00998645168764533
3230,0.00998645168764533
3231,0.00998645168764533
3232,0.00998645168764533
3233,0.00998645168764533
3234,0.00998645168764533
3235,0.00998645168764533
3236,0.00998645168764533
3237,0.00998645168764533
3238,0.00998645168764533
3239,0.00998645168764533
3240,0.00998645168764533
3241,0.00998645168764533
3242,0.00998645168764533
3243,0.00998645168764533
3244,0.00998645168764533
3245,0.00998645168764533
3246,0.00998645168764533
3247,0.00998645168764533
3248,0.00998645168764533
3249,0.00998645168764533
3250,0.00998645168764533
3251,0.00998645168764533
3252,0.00998645168764533
3253,0.00998645168764533
3254,0.00998645168764533
3255,0.00998645168764533
3256,0.00998645168764533
3257,0.00998645168764533
3258,0.00998645168764533
3259,0.00998645168764533
3260,0.00998645168764533
3261,0.00998645168764533
3262,0.00998645168764533
3263,0.00998645168764533
3264,0.00998645168764533
3265,0.00998645168764533
3266,0.00998645168764533
3267,0.00998645168764533
3268,0.00998645168764533
3269,0.00998645168764533
3270,0.00998645168764533
3271,0.00998645168764533
3272,0.00998645168764533
3273,0.00998645168764533
3274,0.00998645168764533
3275,0.00998645168764533
3276,0.00998645168764533
3277,0.00998645168764533
3278,0.00998645168764533
3279,0.00998645168764533
3280,0.00998645168764533
3281,0.00998645168764533
3282,0.00998645168764533
3283,0.00998645168764533
3284,0.00998645168764533
3285,0.00998645168764533
3286,0.00998645168764533
3287,0.00998645168764533
3288,0.00998645168764533
3289,0.00998645168764533
3290,0.00998645168764533
3291,0.00998645168764533
3292,0.00998645168764533
3293,0.00998645168764533
3294,0.00998645168764533
3295,0.00998645168764533
3296,0.00998645168764533
3297,0.00998645168764533
3298,0.00998645168764533
3299,0.00998645168764533
3300,0.00998645168764533
3301,0.00998645168764533
3302,0.00998645168764533
3303,0.00998645168764533
3304,0.00998645168764533
3305,0.00998645168764533
3306,0.00998645168764533
3307,0.00998645168764533
3308,0.00998645168764533
3309,0.00998645168764533
3310,0.00998645168764533
3311,0.00998645168764533
3312,0.00998645168764533
3313,0.00998645168764533
3314,0.00998645168764533
3315,0.00998645168764533
3316,0.00998645168764533
3317,0.00998645168764533
3318,0.00998645168764533
3319,0.00998645168764533
3320,0.00998645168764533
3321,0.00998645168764533
3322,0.00998645168764533
3323,0.00998645168764533
3324,0.00998645168764533
3325,0.00998645168764533
3326,0.00998645168764533
3327,0.00998645168764533
3328,0.00998645168764533
3329,0.00998645168764533
3330,0.00998645168764533
3331,0.00998645168764533
3332,0.00998645168764533
3333,0.00998645168764533
3334,0.00998645168764533
3335,0.00998645168764533
3336,0.00998645168764533
3337,0.00998645168764533
3338,0.00998645168764533
3339,0.00998645168764533
3340,0.00998645168764533
3341,0.00998645168764533
3342,0.00998645168764533
3343,0.00998645168764533
3344,0.00998645168764533
3345,0.00998645168764533
3346,0.00998645168764533
3347,0.00998645168764533
3348,0.00998645168764533
3349,0.00998645168764533
3350,0.00998645168764533
3351,0.00998645168764533
3352,0.00998645168764533
3353,0.00998645168764533
3354,0.00998645168764533
3355,0.00998645168764533
3356,0.00998645168764533
3357,0.00998645168764533
3358,0.00998645168764533
3359,0.00998645168764533
3360,0.00998645168764533
3361,0.00998645168764533
3362,0.00998645168764533
3363,0.00998645168764533
3364,0.00998645168764533
3365,0.00998645168764533
3366,0.00998645168764533
3367,0.00998645168764533
3368,0.00998645168764533
3369,0.00998645168764533
3370,0.00998645168764533
3371,0.00998645168764533
3372,0.00998645168764533
3373,0.00998645168764533
3374,0.00998645168764533
3375,0.00998645168764533
3376,0.00998645168764533
3377,0.00998645168764533
3378,0.00998645168764533
3379,0.00998645168764533
3380,0.00998645168764533
3381,0.00998645168764533
3382,0.00998645168764533
3383,0.00998645168764533
3384,0.00998645168764533
3385,0.00998645168764533
3386,0.00998645168764533
3387,0.00998645168764533
3388,0.00998645168764533
3389,0.00998645168764533
3390,0.00998645168764533
3391,0.00998645168764533
3392,0.00998645168764533
3393,0.00998645168764533
3394,0.00998645168764533
3395,0.00998645168764533
3396,0.00998645168764533
3397,0.00998645168764533
3398,0.00998645168764533
3399,0.00998645168764533
3400,0.00998645168764533
3401,0.00998645168764533
3402,0.00998645168764533
3403,0.00998645168764533
3404,0.00998645168764533
3405,0.00998645168764533
3406,0.00998645168764533
3407,0.00998645168764533
3408,0.00998645168764533
3409,0.00998645168764533
3410,0.00998645168764533
3411,0.00998645168764533
3412,0.00998645168764533
3413,0.00998645168764533
3414,0.00998645168764533
3415,0.00998645168764533
3416,0.00998645168764533
3417,0.00998645168764533
3418,0.00998645168764533
3419,0.00998645168764533
3420,0.00998645168764533
3421,0.00998645168764533
3422,0.00998645168764533
3423,0.00998645168764533
3424,0.00998645168764533
3425,0.00998645168764533
3426,0.00998645168764533
3427,0.00998645168764533
3428,0.00998645168764533
3429,0.00998645168764533
3430,0.00998645168764533
3431,0.00998645168764533
3432,0.00998645168764533
3433,0.00998645168764533
3434,0.00998645168764533
3435,0.00998645168764533
3436,0.00998645168764533
3437,0.00998645168764533
3438,0.00998645168764533
3439,0.00998645168764533
3440,0.00998645168764533
3441,0.00998645168764533
3442,0.00998645168764533
3443,0.00998645168764533
3444,0.00998645168764533
3445,0.00998645168764533
3446,0.00998645168764533
3447,0.00998645168764533
3448,0.00998645168764533
3449,0.00998645168764533
3450,0.00998645168764533
3451,0.00998645168764533
3452,0.00998645168764533
3453,0.00998645168764533
3454,0.00998645168764533
3455,0.00998645168764533
3456,0.00998645168764533
3457,0.00998645168764533
3458,0.00998645168764533
3459,0.00998645168764533
3460,0.00998645168764533
3461,0.00998645168764533
3462,0.00998645168764533
3463,0.00998645168764533
3464,0.00998645168764533
3465,0.00998645168764533
3466,0.00998645168764533
3467,0.00998645168764533
3468,0.00998645168764533
3469,0.00998645168764533
3470,0.00998645168764533
3471,0.00998645168764533
3472,0.00998645168764533
3473,0.00998645168764533
3474,0.00998645168764533
3475,0.00998645168764533
3476,0.00998645168764533
3477,0.00998645168764533
3478,0.00998645168764533
3479,0.00998645168764533
3480,0.00998645168764533
3481,0.00998645168764533
3482,0.00998645168764533
3483,0.00998645168764533
3484,0.00998645168764533
3485,0.00998645168764533
3486,0.00998645168764533
3487,0.00998645168764533
3488,0.00998645168764533
3489,0.00998645168764533
3490,0.00998645168764533
3491,0.00998645168764533
3492,0.00998645168764533
3493,0.00998645168764533
3494,0.00998645168764533
3495,0.00998645168764533
3496,0.00998645168764533
3497,0.00998645168764533
3498,0.00998645168764533
3499,0.00998645168764533
3500,0.00998645168764533
3501,0.00998645168764533
3502,0.00998645168764533
3503,0.00998645168764533
3504,0.00998645168764533
3505,0.00998645168764533
3506,0.00998645168764533
3507,0.00998645168764533
3508,0.00998645168764533
3509,0.00998645168764533
3510,0.00998645168764533
3511,0.00998645168764533
3512,0.00998645168764533
3513,0.00998645168764533
3514,0.00998645168764533
3515,0.00998645168764533
3516,0.00998645168764533
3517,0.00998645168764533
3518,0.00998645168764533
3519,0.00998645168764533
3520,0.00998645168764533
3521,0.00998645168764533
3522,0.00998645168764533
3523,0.00998645168764533
3524,0.00998645168764533
3525,0.00998645168764533
3526,0.00998645168764533
3527,0.00998645168764533
3528,0.00998645168764533
3529,0.00998645168764533
3530,0.00998645168764533
3531,0.00998645168764533
3532,0.00998645168764533
3533,0.00998645168764533
3534,0.00998645168764533
3535,0.00998645168764533
3536,0.00998645168764533
3537,0.00998645168764533
3538,0.00998645168764533
3539,0.00998645168764533
3540,0.00998645168764533
3541,0.00998645168764533
3542,0.00998645168764533
3543,0.00998645168764533
3544,0.00998645168764533
3545,0.00998645168764533
3546,0.00998645168764533
3547,0.00998645168764533
3548,0.00998645168764533
3549,0.00998645168764533
3550,0.00998645168764533
3551,0.00998645168764533
3552,0.00998645168764533
3553,0.00998645168764533
3554,0.00998645168764533
3555,0.00998645168764533
3556,0.00998645168764533
3557,0.00998645168764533
3558,0.00998645168764533
3559,0.00998645168764533
3560,0.00998645168764533
3561,0.00998645168764533
3562,0.00998645168764533
3563,0.00998645168764533
3564,0.00998645168764533
3565,0.00998645168764533
3566,0.00998645168764533
3567,0.00998645168764533
3568,0.00998645168764533
3569,0.00998645168764533
3570,0.00998645168764533
3571,0.00998645168764533
3572,0.00998645168764533
3573,0.00998645168764533
3574,0.00998645168764533
3575,0.00998645168764533
3576,0.00998645168764533
3577,0.00998645168764533
3578,0.00998645168764533
3579,0.00998645168764533
3580,0.00998645168764533
3581,0.00998645168764533
3582,0.00998645168764533
3583,0.00998645168764533
3584,0.00998645168764533
3585,0.00998645168764533
3586,0.00998645168764533
3587,0.00998645168764533
3588,0.00998645168764533
3589,0.00998645168764533
3590,0.00998645168764533
3591,0.00998645168764533
3592,0.00998645168764533
3593,0.00998645168764533
3594,0.00998645168764533
3595,0.00998645168764533
3596,0.00998645168764533
3597,0.00998645168764533
3598,0.00998645168764533
3599,0.00998645168764533
3600,0.00998645168764533
3601,0.00998645168764533
3602,0.00998645168764533
3603,0.00998645168764533
3604,0.00998645168764533
3605,0.00998645168764533
3606,0.00998645168764533
3607,0.00998645168764533
3608,0.00998645168764533
3609,0.00998645168764533
3610,0.00998645168764533
3611,0.00998645168764533
3612,0.00998645168764533
3613,0.00998645168764533
3614,0.00998645168764533
3615,0.00998645168764533
3616,0.00998645168764533
3617,0.00998645168764533
3618,0.00998645168764533
3619,0.00998645168764533
3620,0.00998645168764533
3621,0.00998645168764533
3622,0.00998645168764533
3623,0.00998645168764533
3624,0.00998645168764533
3625,0.00998645168764533
3626,0.00998645168764533
3627,0.00998645168764533
3628,0.00998645168764533
3629,0.00998645168764533
3630,0.00998645168764533
3631,0.00998645168764533
3632,0.00998645168764533
3633,0.00998645168764533
3634,0.00998645168764533
3635,0.00998645168764533
3636,0.00998645168764533
3637,0.00998645168764533
3638,0.00998645168764533
3639,0.00998645168764533
3640,0.00998645168764533
3641,0.00998645168764533
3642,0.00998645168764533
3643,0.00998645168764533
3644,0.00998645168764533
3645,0.00998645168764533
3646,0.00998645168764533
3647,0.00998645168764533
3648,0.00998645168764533
3649,0.00998645168764533
3650,0.00998645168764533
3651,0.00998645168764533
3652,0.00998645168764533
3653,0.00998645168764533
3654,0.00998645168764533
3655,0.00998645168764533
3656,0.00998645168764533
3657,0.00998645168764533
3658,0.00998645168764533
3659,0.00998645168764533
3660,0.00998645168764533
3661,0.00998645168764533
3662,0.00998645168764533
3663,0.00998645168764533
3664,0.00998645168764533
3665,0.00998645168764533
3666,0.00998645168764533
3667,0.00998645168764533
3668,0.00998645168764533
3669,0.00998645168764533
3670,0.00998645168764533
3671,0.00998645168764533
3672,0.00998645168764533
3673,0.00998645168764533
3674,0.00998645168764533
3675,0.00998645168764533
3676,0.00998645168764533
3677,0.00998645168764533
3678,0.00998645168764533
3679,0.00998645168764533
3680,0.00998645168764533
3681,0.00998645168764533
3682,0.00998645168764533
3683,0.00998645168764533
3684,0.00998645168764533
3685,0.00998645168764533
3686,0.00998645168764533
3687,0.00998645168764533
3688,0.00998645168764533
3689,0.00998645168764533
3690,0.00998645168764533
3691,0.00998645168764533
3692,0.00998645168764533
3693,0.00998645168764533
3694,0.00998645168764533
3695,0.00998645168764533
3696,0.00998645168764533
3697,0.00998645168764533
3698,0.00998645168764533
3699,0.00998645168764533
3700,0.00998645168764533
3701,0.00998645168764533
3702,0.00998645168764533
3703,0.00998645168764533
3704,0.00998645168764533
3705,0.00998645168764533
3706,0.00998645168764533
3707,0.00998645168764533
3708,0.00998645168764533
3709,0.00998645168764533
3710,0.00998645168764533
3711,0.00998645168764533
3712,0.00998645168764533
3713,0.00998645168764533
3714,0.00998645168764533
3715,0.00998645168764533
3716,0.00998645168764533
3717,0.00998645168764533
3718,0.00998645168764533
3719,0.00998645168764533
3720,0.00998645168764533
3721,0.00998645168764533
3722,0.00998645168764533
3723,0.00998645168764533
3724,0.00998645168764533
3725,0.00998645168764533
3726,0.00998645168764533
3727,0.00998645168764533
3728,0.00998645168764533
3729,0.00998645168764533
3730,0.00998645168764533
3731,0.00998645168764533
3732,0.00998645168764533
3733,0.00998645168764533
3734,0.00998645168764533
3735,0.00998645168764533
3736,0.00998645168764533
3737,0.00998645168764533
3738,0.00998645168764533
3739,0.00998645168764533
3740,0.00998645168764533
3741,0.00998645168764533
3742,0.00998645168764533
3743,0.00998645168764533
3744,0.00998645168764533
3745,0.00998645168764533
3746,0.00998645168764533
3747,0.00998645168764533
3748,0.00998645168764533
3749,0.00998645168764533
3750,0.00998645168764533
3751,0.00998645168764533
3752,0.00998645168764533
3753,0.00998645168764533
3754,0.00998645168764533
3755,0.00998645168764533
3756,0.00998645168764533
3757,0.00998645168764533
3758,0.00998645168764533
3759,0.00998645168764533
3760,0.00998645168764533
3761,0.00998645168764533
3762,0.00998645168764533
3763,0.00998645168764533
3764,0.00998645168764533
3765,0.00998645168764533
3766,0.00998645168764533
3767,0.00998645168764533
3768,0.00998645168764533
3769,0.00998645168764533
3770,0.00998645168764533
3771,0.00998645168764533
3772,0.00998645168764533
3773,0.00998645168764533
3774,0.00998645168764533
3775,0.00998645168764533
3776,0.00998645168764533
3777,0.00998645168764533
3778,0.00998645168764533
3779,0.00998645168764533
3780,0.00998645168764533
3781,0.00998645168764533
3782,0.00998645168764533
3783,0.00998645168764533
3784,0.00998645168764533
3785,0.00998645168764533
3786,0.00998645168764533
3787,0.00998645168764533
3788,0.00998645168764533
3789,0.00998645168764533
3790,0.00998645168764533
3791,0.00998645168764533
3792,0.00998645168764533
3793,0.00998645168764533
3794,0.00998645168764533
3795,0.00998645168764533
3796,0.00998645168764533
3797,0.00998645168764533
3798,0.00998645168764533
3799,0.00998645168764533
3800,0.00998645168764533
3801,0.00998645168764533
3802,0.00998645168764533
3803,0.00998645168764533
3804,0.00998645168764533
3805,0.00998645168764533
3806,0.00998645168764533
3807,0.00998645168764533
3808,0.00998645168764533
3809,0.00998645168764533
3810,0.00998645168764533
3811,0.00998645168764533
3812,0.00998645168764533
3813,0.00998645168764533
3814,0.00998645168764533
3815,0.00998645168764533
3816,0.00998645168764533
3817,0.00998645168764533
3818,0.00998645168764533
3819,0.00998645168764533
3820,0.00998645168764533
3821,0.00998645168764533
3822,0.00998645168764533
3823,0.00998645168764533
3824,0.00998645168764533
3825,0.00998645168764533
3826,0.00998645168764533
3827,0.00998645168764533
3828,0.00998645168764533
3829,0.00998645168764533
3830,0.00998645168764533
3831,0.00998645168764533
3832,0.00998645168764533
3833,0.00998645168764533
3834,0.00998645168764533
3835,0.00998645168764533
3836,0.00998645168764533
3837,0.00998645168764533
3838,0.00998645168764533
3839,0.00998645168764533
3840,0.00998645168764533
3841,0.00998645168764533
3842,0.00998645168764533
3843,0.00998645168764533
3844,0.00998645168764533
3845,0.00998645168764533
3846,0.00998645168764533
3847,0.00998645168764533
3848,0.00998645168764533
3849,0.00998645168764533
3850,0.00998645168764533
3851,0.00998645168764533
3852,0.00998645168764533
3853,0.00998645168764533
3854,0.00998645168764533
3855,0.00998645168764533
3856,0.00998645168764533
3857,0.00998645168764533
3858,0.00998645168764533
3859,0.00998645168764533
3860,0.00998645168764533
3861,0.00998645168764533
3862,0.00998645168764533
3863,0.00998645168764533
3864,0.00998645168764533
3865,0.00998645168764533
3866,0.00998645168764533
3867,0.00998645168764533
3868,0.00998645168764533
3869,0.00998645168764533
3870,0.00998645168764533
3871,0.00998645168764533
3872,0.00998645168764533
3873,0.00998645168764533
3874,0.00998645168764533
3875,0.00998645168764533
3876,0.00998645168764533
3877,0.00998645168764533
3878,0.00998645168764533
3879,0.00998645168764533
3880,0.00998645168764533
3881,0.00998645168764533
3882,0.00998645168764533
3883,0.00998645168764533
3884,0.00998645168764533
3885,0.00998645168764533
3886,0.00998645168764533
3887,0.00998645168764533
3888,0.00998645168764533
3889,0.00998645168764533
3890,0.00998645168764533
3891,0.00998645168764533
3892,0.00998645168764533
3893,0.00998645168764533
3894,0.00998645168764533
3895,0.00998645168764533
3896,0.00998645168764533
3897,0.00998645168764533
3898,0.00998645168764533
3899,0.00998645168764533
3900,0.00998645168764533
3901,0.00998645168764533
3902,0.00998645168764533
3903,0.00998645168764533
3904,0.00998645168764533
3905,0.00998645168764533
3906,0.00998645168764533
3907,0.00998645168764533
3908,0.00998645168764533
3909,0.00998645168764533
3910,0.00998645168764533
3911,0.00998645168764533
3912,0.00998645168764533
3913,0.00998645168764533
3914,0.00998645168764533
3915,0.00998645168764533
3916,0.00998645168764533
3917,0.00998645168764533
3918,0.00998645168764533
3919,0.00998645168764533
3920,0.00998645168764533
3921,0.00998645168764533
3922,0.00998645168764533
3923,0.00998645168764533
3924,0.00998645168764533
3925,0.00998645168764533
3926,0.00998645168764533
3927,0.00998645168764533
3928,0.00998645168764533
3929,0.00998645168764533
3930,0.00998645168764533
3931,0.00998645168764533
3932,0.00998645168764533
3933,0.00998645168764533
3934,0.00998645168764533
3935,0.00998645168764533
3936,0.00998645168764533
3937,0.00998645168764533
3938,0.00998645168764533
3939,0.00998645168764533
3940,0.00998645168764533
3941,0.00998645168764533
3942,0.00998645168764533
3943,0.00998645168764533
3944,0.00998645168764533
3945,0.00998645168764533
3946,0.00998645168764533
3947,0.00998645168764533
3948,0.00998645168764533
3949,0.00998645168764533
3950,0.00998645168764533
3951,0.00998645168764533
3952,0.00998645168764533
3953,0.00998645168764533
3954,0.00998645168764533
3955,0.00998645168764533
3956,0.00998645168764533
3957,0.00998645168764533
3958,0.00998645168764533
3959,0.00998645168764533
3960,0.00998645168764533
3961,0.00998645168764533
3962,0.00998645168764533
3963,0.00998645168764533
3964,0.00998645168764533
3965,0.00998645168764533
3966,0.00998645168764533
3967,0.00998645168764533
3968,0.00998645168764533
3969,0.00998645168764533
3970,0.00998645168764533
3971,0.00998645168764533
3972,0.00998645168764533
3973,0.00998645168764533
3974,0.00998645168764533
3975,0.00998645168764533
3976,0.00998645168764533
3977,0.00998645168764533
3978,0.00998645168764533
3979,0.00998645168764533
3980,0.00998645168764533
3981,0.00998645168764533
3982,0.00998645168764533
3983,0.00998645168764533
3984,0.00998645168764533
3985,0.00998645168764533
3986,0.00998645168764533
3987,0.00998645168764533
3988,0.00998645168764533
3989,0.00998645168764533
3990,0.00998645168764533
3991,0.00998645168764533
3992,0.00998645168764533
3993,0.00998645168764533
3994,0.00998645168764533
3995,0.00998645168764533
3996,0.00998645168764533
3997,0.00998645168764533
3998,0.00998645168764533
3999,0.00998645168764533
4000,0.00998645168764533
4001,0.00998645168764533
4002,0.00998645168764533
4003,0.00998645168764533
4004,0.00998645168764533
4005,0.00998645168764533
4006,0.00998645168764533
4007,0.00998645168764533
4008,0.00998645168764533
4009,0.00998645168764533
4010,0.00998645168764533
4011,0.00998645168764533
4012,0.00998645168764533
4013,0.00998645168764533
4014,0.00998645168764533
4015,0.00998645168764533
4016,0.00998645168764533
4017,0.00998645168764533
4018,0.00998645168764533
4019,0.00998645168764533
4020,0.00998645168764533
4021,0.00998645168764533
4022,0.00998645168764533
4023,0.00998645168764533
4024,0.00998645168764533
4025,0.00998645168764533
4026,0.00998645168764533
4027,0.00998645168764533
4028,0.00998645168764533
4029,0.00998645168764533
4030,0.00998645168764533
4031,0.00998645168764533
4032,0.00998645168764533
4033,0.00998645168764533
4034,0.00998645168764533
4035,0.00998645168764533
4036,0.00998645168764533
4037,0.00998645168764533
4038,0.00998645168764533
4039,0.00998645168764533
4040,0.00998645168764533
4041,0.00998645168764533
4042,0.00998645168764533
4043,0.00998645168764533
4044,0.00998645168764533
4045,0.00998645168764533
4046,0.00998645168764533
4047,0.00998645168764533
4048,0.00998645168764533
4049,0.00998645168764533
4050,0.00998645168764533
4051,0.00998645168764533
4052,0.00998645168764533
4053,0.00998645168764533
4054,0.00998645168764533
4055,0.00998645168764533
4056,0.00998645168764533
4057,0.00998645168764533
4058,0.00998645168764533
4059,0.00998645168764533
4060,0.00998645168764533
4061,0.00998645168764533
4062,0.00998645168764533
4063,0.00998645168764533
4064,0.00998645168764533
4065,0.00998645168764533
4066,0.00998645168764533
4067,0.00998645168764533
4068,0.00998645168764533
4069,0.00998645168764533
4070,0.00998645168764533
4071,0.00998645168764533
4072,0.00998645168764533
4073,0.00998645168764533
4074,0.00998645168764533
4075,0.00998645168764533
4076,0.00998645168764533
4077,0.00998645168764533
4078,0.00998645168764533
4079,0.00998645168764533
4080,0.00998645168764533
4081,0.00998645168764533
4082,0.00998645168764533
4083,0.00998645168764533
4084,0.00998645168764533
4085,0.00998645168764533
4086,0.00998645168764533
4087,0.00998645168764533
4088,0.00998645168764533
4089,0.00998645168764533
4090,0.00998645168764533
4091,0.00998645168764533
4092,0.00998645168764533
4093,0.00998645168764533
4094,0.00998645168764533
4095,0.00998645168764533
4096,0.00998645168764533
4097,0.00998645168764533
4098,0.00998645168764533
4099,0.00998645168764533
4100,0.00998645168764533
4101,0.00998645168764533
4102,0.00998645168764533
4103,0.00998645168764533
4104,0.00998645168764533
4105,0.00998645168764533
4106,0.00998645168764533
4107,0.00998645168764533
4108,0.00998645168764533
4109,0.00998645168764533
4110,0.00998645168764533
4111,0.00998645168764533
4112,0.00998645168764533
4113,0.00998645168764533
4114,0.00998645168764533
4115,0.00998645168764533
4116,0.00998645168764533
4117,0.00998645168764533
4118,0.00998645168764533
4119,0.00998645168764533
4120,0.00998645168764533
4121,0.00998645168764533
4122,0.00998645168764533
4123,0.00998645168764533
4124,0.00998645168764533
4125,0.00998645168764533
4126,0.00998645168764533
4127,0.00998645168764533
4128,0.00998645168764533
4129,0.00998645168764533
4130,0.00998645168764533
4131,0.00998645168764533
4132,0.00998645168764533
4133,0.00998645168764533
4134,0.00998645168764533
4135,0.00998645168764533
4136,0.00998645168764533
4137,0.00998645168764533
4138,0.00998645168764533
4139,0.00998645168764533
4140,0.00998645168764533
4141,0.00998645168764533
4142,0.00998645168764533
4143,0.00998645168764533
4144,0.00998645168764533
4145,0.00998645168764533
4146,0.00998645168764533
4147,0.00998645168764533
4148,0.00998645168764533
4149,0.00998645168764533
4150,0.00998645168764533
4151,0.00998645168764533
4152,0.00998645168764533
4153,0.00998645168764533
4154,0.00998645168764533
4155,0.00998645168764533
4156,0.00998645168764533
4157,0.00998645168764533
4158,0.00998645168764533
4159,0.00998645168764533
4160,0.00998645168764533
4161,0.00998645168764533
4162,0.00998645168764533
4163,0.00998645168764533
4164,0.00998645168764533
4165,0.00998645168764533
4166,0.00998645168764533
4167,0.00998645168764533
4168,0.00998645168764533
4169,0.00998645168764533
4170,0.00998645168764533
4171,0.00998645168764533
4172,0.00998645168764533
4173,0.00998645168764533
4174,0.00998645168764533
4175,0.00998645168764533
4176,0.00998645168764533
4177,0.00998645168764533
4178,0.00998645168764533
4179,0.00998645168764533
4180,0.00998645168764533
4181,0.00998645168764533
4182,0.00998645168764533
4183,0.00998645168764533
4184,0.00998645168764533
4185,0.00998645168764533
4186,0.00998645168764533
4187,0.00998645168764533
4188,0.00998645168764533
4189,0.00998645168764533
4190,0.00998645168764533
4191,0.00998645168764533
4192,0.00998645168764533
4193,0.00998645168764533
4194,0.00998645168764533
4195,0.00998645168764533
4196,0.00998645168764533
4197,0.00998645168764533
4198,0.00998645168764533
4199,0.00998645168764533
4200,0.00998645168764533
4201,0.00998645168764533
4202,0.00998645168764533
4203,0.00998645168764533
4204,0.00998645168764533
4205,0.00998645168764533
4206,0.00998645168764533
4207,0.00998645168764533
4208,0.00998645168764533
4209,0.00998645168764533
4210,0.00998645168764533
4211,0.00998645168764533
4212,0.00998645168764533
4213,0.00998645168764533
4214,0.00998645168764533
4215,0.00998645168764533
4216,0.00998645168764533
4217,0.00998645168764533
4218,0.00998645168764533
4219,0.00998645168764533
4220,0.00998645168764533
4221,0.00998645168764533
4222,0.00998645168764533
4223,0.00998645168764533
4224,0.00998645168764533
4225,0.00998645168764533
4226,0.00998645168764533
4227,0.00998645168764533
4228,0.00998645168764533
4229,0.00998645168764533
4230,0.00998645168764533
4231,0.00998645168764533
4232,0.00998645168764533
4233,0.00998645168764533
4234,0.00998645168764533
4235,0.00998645168764533
4236,0.00998645168764533
4237,0.00998645168764533
4238,0.00998645168764533
4239,0.00998645168764533
4240,0.00998645168764533
4241,0.00998645168764533
4242,0.00998645168764533
4243,0.00998645168764533
4244,0.00998645168764533
4245,0.00998645168764533
4246,0.00998645168764533
4247,0.00998645168764533
4248,0.00998645168764533
4249,0.00998645168764533
4250,0.00998645168764533
4251,0.00998645168764533
4252,0.00998645168764533
4253,0.00998645168764533
4254,0.00998645168764533
4255,0.00998645168764533
4256,0.00998645168764533
4257,0.00998645168764533
4258,0.00998645168764533
4259,0.00998645168764533
4260,0.00998645168764533
4261,0.00998645168764533
4262,0.00998645168764533
4263,0.00998645168764533
4264,0.00998645168764533
4265,0.00998645168764533
4266,0.00998645168764533
4267,0.00998645168764533
4268,0.00998645168764533
4269,0.00998645168764533
4270,0.00998645168764533
4271,0.00998645168764533
4272,0.00998645168764533
4273,0.00998645168764533
4274,0.00998645168764533
4275,0.00998645168764533
4276,0.00998645168764533
4277,0.00998645168764533
4278,0.00998645168764533
4279,0.00998645168764533
4280,0.00998645168764533
4281,0.00998645168764533
4282,0.00998645168764533
4283,0.00998645168764533
4284,0.00998645168764533
4285,0.00998645168764533
4286,0.00998645168764533
4287,0.00998645168764533
4288,0.00998645168764533
4289,0.00998645168764533
4290,0.00998645168764533
4291,0.00998645168764533
4292,0.00998645168764533
4293,0.00998645168764533
4294,0.00998645168764533
4295,0.00998645168764533
4296,0.00998645168764533
4297,0.00998645168764533
4298,0.00998645168764533
4299,0.00998645168764533
4300,0.00998645168764533
4301,0.00998645168764533
4302,0.00998645168764533
4303,0.00998645168764533
4304,0.00998645168764533
4305,0.00998645168764533
4306,0.00998645168764533
4307,0.00998645168764533
4308,0.00998645168764533
4309,0.00998645168764533
4310,0.00998645168764533
4311,0.00998645168764533
4312,0.00998645168764533
4313,0.00998645168764533
4314,0.00998645168764533
4315,0.00998645168764533
4316,0.00998645168764533
4317,0.00998645168764533
4318,0.00998645168764533
4319,0.00998645168764533
4320,0.00998645168764533
4321,0.00998645168764533
4322,0.00998645168764533
4323,0.00998645168764533
4324,0.00998645168764533
4325,0.00998645168764533
4326,0.00998645168764533
4327,0.00998645168764533
4328,0.00998645168764533
4329,0.00998645168764533
4330,0.00998645168764533
4331,0.00998645168764533
4332,0.00998645168764533
4333,0.00998645168764533
4334,0.00998645168764533
4335,0.00998645168764533
4336,0.00998645168764533
4337,0.00998645168764533
4338,0.00998645168764533
4339,0.00998645168764533
4340,0.00998645168764533
4341,0.00998645168764533
4342,0.00998645168764533
4343,0.00998645168764533
4344,0.00998645168764533
4345,0.00998645168764533
4346,0.00998645168764533
4347,0.00998645168764533
4348,0.00998645168764533
4349,0.00998645168764533
4350,0.00998645168764533
4351,0.00998645168764533
4352,0.00998645168764533
4353,0.00998645168764533
4354,0.00998645168764533
4355,0.00998645168764533
4356,0.00998645168764533
4357,0.00998645168764533
4358,0.00998645168764533
4359,0.00998645168764533
4360,0.00998645168764533
4361,0.00998645168764533
4362,0.00998645168764533
4363,0.00998645168764533
4364,0.00998645168764533
4365,0.00998645168764533
4366,0.00998645168764533
4367,0.00998645168764533
4368,0.00998645168764533
4369,0.00998645168764533
4370,0.00998645168764533
4371,0.00998645168764533
4372,0.00998645168764533
4373,0.00998645168764533
4374,0.00998645168764533
4375,0.00998645168764533
4376,0.00998645168764533
4377,0.00998645168764533
4378,0.00998645168764533
4379,0.00998645168764533
4380,0.00998645168764533
4381,0.00998645168764533
4382,0.00998645168764533
4383,0.00998645168764533
4384,0.00998645168764533
4385,0.00998645168764533
4386,0.00998645168764533
4387,0.00998645168764533
4388,0.00998645168764533
4389,0.00998645168764533
4390,0.00998645168764533
4391,0.00998645168764533
4392,0.00998645168764533
4393,0.00998645168764533
4394,0.00998645168764533
4395,0.00998645168764533
4396,0.00998645168764533
4397,0.00998645168764533
4398,0.00998645168764533
4399,0.00998645168764533
4400,0.00998645168764533
4401,0.00998645168764533
4402,0.00998645168764533
4403,0.00998645168764533
4404,0.00998645168764533
4405,0.00998645168764533
4406,0.00998645168764533
4407,0.00998645168764533
4408,0.00998645168764533
4409,0.00998645168764533
4410,0.00998645168764533
4411,0.00998645168764533
4412,0.00998645168764533
4413,0.00998645168764533
4414,0.00998645168764533
4415,0.00998645168764533
4416,0.00998645168764533
4417,0.00998645168764533
4418,0.00998645168764533
4419,0.00998645168764533
4420,0.00998645168764533
4421,0.00998645168764533
4422,0.00998645168764533
4423,0.00998645168764533
4424,0.00998645168764533
4425,0.00998645168764533
4426,0.00998645168764533
4427,0.00998645168764533
4428,0.00998645168764533
4429,0.00998645168764533
4430,0.00998645168764533
4431,0.00998645168764533
4432,0.00998645168764533
4433,0.00998645168764533
4434,0.00998645168764533
4435,0.00998645168764533
4436,0.00998645168764533
4437,0.00998645168764533
4438,0.00998645168764533
4439,0.00998645168764533
4440,0.00998645168764533
4441,0.00998645168764533
4442,0.00998645168764533
4443,0.00998645168764533
4444,0.00998645168764533
4445,0.00998645168764533
4446,0.00998645168764533
4447,0.00998645168764533
4448,0.00998645168764533
4449,0.00998645168764533
4450,0.00998645168764533
4451,0.00998645168764533
4452,0.00998645168764533
4453,0.00998645168764533
4454,0.00998645168764533
4455,0.00998645168764533
4456,0.00998645168764533
4457,0.00998645168764533
4458,0.00998645168764533
4459,0.00998645168764533
4460,0.00998645168764533
4461,0.00998645168764533
4462,0.00998645168764533
4463,0.00998645168764533
4464,0.00998645168764533
4465,0.00998645168764533
4466,0.00998645168764533
4467,0.00998645168764533
4468,0.00998645168764533
4469,0.00998645168764533
4470,0.00998645168764533
4471,0.00998645168764533
4472,0.00998645168764533
4473,0.00998645168764533
4474,0.00998645168764533
4475,0.00998645168764533
4476,0.00998645168764533
4477,0.00998645168764533
4478,0.00998645168764533
4479,0.00998645168764533
4480,0.00998645168764533
4481,0.00998645168764533
4482,0.00998645168764533
4483,0.00998645168764533
4484,0.00998645168764533
4485,0.00998645168764533
4486,0.00998645168764533
4487,0.00998645168764533
4488,0.00998645168764533
4489,0.00998645168764533
4490,0.00998645168764533
4491,0.00998645168764533
4492,0.00998645168764533
4493,0.00998645168764533
4494,0.00998645168764533
4495,0.00998645168764533
4496,0.00998645168764533
4497,0.00998645168764533
4498,0.00998645168764533
4499,0.00998645168764533
4500,0.00998645168764533
4501,0.00998645168764533
4502,0.00998645168764533
4503,0.00998645168764533
4504,0.00998645168764533
4505,0.00998645168764533
4506,0.00998645168764533
4507,0.00998645168764533
4508,0.00998645168764533
4509,0.00998645168764533
4510,0.00998645168764533
4511,0.00998645168764533
4512,0.00998645168764533
4513,0.00998645168764533
4514,0.00998645168764533
4515,0.00998645168764533
4516,0.00998645168764533
4517,0.00998645168764533
4518,0.00998645168764533
4519,0.00998645168764533
4520,0.00998645168764533
4521,0.00998645168764533
4522,0.00998645168764533
4523,0.00998645168764533
4524,0.00998645168764533
4525,0.00998645168764533
4526,0.00998645168764533
4527,0.00998645168764533
4528,0.00998645168764533
4529,0.00998645168764533
4530,0.00998645168764533
4531,0.00998645168764533
4532,0.00998645168764533
4533,0.00998645168764533
4534,0.00998645168764533
4535,0.00998645168764533
4536,0.00998645168764533
4537,0.00998645168764533
4538,0.00998645168764533
4539,0.00998645168764533
4540,0.00998645168764533
4541,0.00998645168764533
4542,0.00998645168764533
4543,0.00998645168764533
4544,0.00998645168764533
4545,0.00998645168764533
4546,0.00998645168764533
4547,0.00998645168764533
4548,0.00998645168764533
4549,0.00998645168764533
4550,0.00998645168764533
4551,0.00998645168764533
4552,0.00998645168764533
4553,0.00998645168764533
4554,0.00998645168764533
4555,0.00998645168764533
4556,0.00998645168764533
4557,0.00998645168764533
4558,0.00998645168764533
4559,0.00998645168764533
4560,0.00998645168764533
4561,0.00998645168764533
4562,0.00998645168764533
4563,0.00998645168764533
4564,0.00998645168764533
4565,0.00998645168764533
4566,0.00998645168764533
4567,0.00998645168764533
4568,0.00998645168764533
4569,0.00998645168764533
4570,0.00998645168764533
4571,0.00998645168764533
4572,0.00998645168764533
4573,0.00998645168764533
4574,0.00998645168764533
4575,0.00998645168764533
4576,0.00998645168764533
4577,0.00998645168764533
4578,0.00998645168764533
4579,0.00998645168764533
4580,0.00998645168764533
4581,0.00998645168764533
4582,0.00998645168764533
4583,0.00998645168764533
4584,0.00998645168764533
4585,0.00998645168764533
4586,0.00998645168764533
4587,0.00998645168764533
4588,0.00998645168764533
4589,0.00998645168764533
4590,0.00998645168764533
4591,0.00998645168764533
4592,0.00998645168764533
4593,0.00998645168764533
4594,0.00998645168764533
4595,0.00998645168764533
4596,0.00998645168764533
4597,0.00998645168764533
4598,0.00998645168764533
4599,0.00998645168764533
4600,0.00998645168764533
4601,0.00998645168764533
4602,0.00998645168764533
4603,0.00998645168764533
4604,0.00998645168764533
4605,0.00998645168764533
4606,0.00998645168764533
4607,0.00998645168764533
4608,0.00998645168764533
4609,0.00998645168764533
4610,0.00998645168764533
4611,0.00998645168764533
4612,0.00998645168764533
4613,0.00998645168764533
4614,0.00998645168764533
4615,0.00998645168764533
4616,0.00998645168764533
4617,0.00998645168764533
4618,0.00998645168764533
4619,0.00998645168764533
4620,0.00998645168764533
4621,0.00998645168764533
4622,0.00998645168764533
4623,0.00998645168764533
4624,0.00998645168764533
4625,0.00998645168764533
4626,0.00998645168764533
4627,0.00998645168764533
4628,0.00998645168764533
4629,0.00998645168764533
4630,0.00998645168764533
4631,0.00998645168764533
4632,0.00998645168764533
4633,0.00998645168764533
4634,0.00998645168764533
4635,0.00998645168764533
4636,0.00998645168764533
4637,0.00998645168764533
4638,0.00998645168764533
4639,0.00998645168764533
4640,0.00998645168764533
4641,0.00998645168764533
4642,0.00998645168764533
4643,0.00998645168764533
4644,0.00998645168764533
4645,0.00998645168764533
4646,0.00998645168764533
4647,0.00998645168764533
4648,0.00998645168764533
4649,0.00998645168764533
4650,0.00998645168764533
4651,0.00998645168764533
4652,0.00998645168764533
4653,0.00998645168764533
4654,0.00998645168764533
4655,0.00998645168764533
4656,0.00998645168764533
4657,0.00998645168764533
4658,0.00998645168764533
4659,0.00998645168764533
4660,0.00998645168764533
4661,0.00998645168764533
4662,0.00998645168764533
4663,0.00998645168764533
4664,0.00998645168764533
4665,0.00998645168764533
4666,0.00998645168764533
4667,0.00998645168764533
4668,0.00998645168764533
4669,0.00998645168764533
4670,0.00998645168764533
4671,0.00998645168764533
4672,0.00998645168764533
4673,0.00998645168764533
4674,0.00998645168764533
4675,0.00998645168764533
4676,0.00998645168764533
4677,0.00998645168764533
4678,0.00998645168764533
4679,0.00998645168764533
4680,0.00998645168764533
4681,0.00998645168764533
4682,0.00998645168764533
4683,0.00998645168764533
4684,0.00998645168764533
4685,0.00998645168764533
4686,0.00998645168764533
4687,0.00998645168764533
4688,0.00998645168764533
4689,0.00998645168764533
4690,0.00998645168764533
4691,0.00998645168764533
4692,0.00998645168764533
4693,0.00998645168764533
4694,0.00998645168764533
4695,0.00998645168764533
4696,0.00998645168764533
4697,0.00998645168764533
4698,0.00998645168764533
4699,0.00998645168764533
4700,0.00998645168764533
4701,0.00998645168764533
4702,0.00998645168764533
4703,0.00998645168764533
4704,0.00998645168764533
4705,0.00998645168764533
4706,0.00998645168764533
4707,0.00998645168764533
4708,0.00998645168764533
4709,0.00998645168764533
4710,0.00998645168764533
4711,0.00998645168764533
4712,0.00998645168764533
4713,0.00998645168764533
4714,0.00998645168764533
4715,0.00998645168764533
4716,0.00998645168764533
4717,0.00998645168764533
4718,0.00998645168764533
4719,0.00998645168764533
4720,0.00998645168764533
4721,0.00998645168764533
4722,0.00998645168764533
4723,0.00998645168764533
4724,0.00998645168764533
4725,0.00998645168764533
4726,0.00998645168764533
4727,0.00998645168764533
4728,0.00998645168764533
4729,0.00998645168764533
4730,0.00998645168764533
4731,0.00998645168764533
4732,0.00998645168764533
4733,0.00998645168764533
4734,0.00998645168764533
4735,0.00998645168764533
4736,0.00998645168764533
4737,0.00998645168764533
4738,0.00998645168764533
4739,0.00998645168764533
4740,0.00998645168764533
4741,0.00998645168764533
4742,0.00998645168764533
4743,0.00998645168764533
4744,0.00998645168764533
4745,0.00998645168764533
4746,0.00998645168764533
4747,0.00998645168764533
4748,0.00998645168764533
4749,0.00998645168764533
4750,0.00998645168764533
4751,0.00998645168764533
4752,0.00998645168764533
4753,0.00998645168764533
4754,0.00998645168764533
4755,0.00998645168764533
4756,0.00998645168764533
4757,0.00998645168764533
4758,0.00998645168764533
4759,0.00998645168764533
4760,0.00998645168764533
4761,0.00998645168764533
4762,0.00998645168764533
4763,0.00998645168764533
4764,0.00998645168764533
4765,0.00998645168764533
4766,0.00998645168764533
4767,0.00998645168764533
4768,0.00998645168764533
4769,0.00998645168764533
4770,0.00998645168764533
4771,0.00998645168764533
4772,0.00998645168764533
4773,0.00998645168764533
4774,0.00998645168764533
4775,0.00998645168764533
4776,0.00998645168764533
4777,0.00998645168764533
4778,0.00998645168764533
4779,0.00998645168764533
4780,0.00998645168764533
4781,0.00998645168764533
4782,0.00998645168764533
4783,0.00998645168764533
4784,0.00998645168764533
4785,0.00998645168764533
4786,0.00998645168764533
4787,0.00998645168764533
4788,0.00998645168764533
4789,0.00998645168764533
4790,0.00998645168764533
4791,0.00998645168764533
4792,0.00998645168764533
4793,0.00998645168764533
4794,0.00998645168764533
4795,0.00998645168764533
4796,0.00998645168764533
4797,0.00998645168764533
4798,0.00998645168764533
4799,0.00998645168764533
4800,0.00998645168764533
4801,0.00998645168764533
4802,0.00998645168764533
4803,0.00998645168764533
4804,0.00998645168764533
4805,0.00998645168764533
4806,0.00998645168764533
4807,0.00998645168764533
4808,0.00998645168764533
4809,0.00998645168764533
4810,0.00998645168764533
4811,0.00998645168764533
4812,0.00998645168764533
4813,0.00998645168764533
4814,0.00998645168764533
4815,0.00998645168764533
4816,0.00998645168764533
4817,0.00998645168764533
4818,0.00998645168764533
4819,0.00998645168764533
4820,0.00998645168764533
4821,0.00998645168764533
4822,0.00998645168764533
4823,0.00998645168764533
4824,0.00998645168764533
4825,0.00998645168764533
4826,0.00998645168764533
4827,0.00998645168764533
4828,0.00998645168764533
4829,0.00998645168764533
4830,0.00998645168764533
4831,0.00998645168764533
4832,0.00998645168764533
4833,0.00998645168764533
4834,0.00998645168764533
4835,0.00998645168764533
4836,0.00998645168764533
4837,0.00998645168764533
4838,0.00998645168764533
4839,0.00998645168764533
4840,0.00998645168764533
4841,0.00998645168764533
4842,0.00998645168764533
4843,0.00998645168764533
4844,0.00998645168764533
4845,0.00998645168764533
4846,0.00998645168764533
4847,0.00998645168764533
4848,0.00998645168764533
4849,0.00998645168764533
4850,0.00998645168764533
4851,0.00998645168764533
4852,0.00998645168764533
4853,0.00998645168764533
4854,0.00998645168764533
4855,0.00998645168764533
4856,0.00998645168764533
4857,0.00998645168764533
4858,0.00998645168764533
4859,0.00998645168764533
4860,0.00998645168764533
4861,0.00998645168764533
4862,0.00998645168764533
4863,0.00998645168764533
4864,0.00998645168764533
4865,0.00998645168764533
4866,0.00998645168764533
4867,0.00998645168764533
4868,0.00998645168764533
4869,0.00998645168764533
4870,0.00998645168764533
4871,0.00998645168764533
4872,0.00998645168764533
4873,0.00998645168764533
4874,0.00998645168764533
4875,0.00998645168764533
4876,0.00998645168764533
4877,0.00998645168764533
4878,0.00998645168764533
4879,0.00998645168764533
4880,0.00998645168764533
4881,0.00998645168764533
4882,0.00998645168764533
4883,0.00998645168764533
4884,0.00998645168764533
4885,0.00998645168764533
4886,0.00998645168764533
4887,0.00998645168764533
4888,0.00998645168764533
4889,0.00998645168764533
4890,0.00998645168764533
4891,0.00998645168764533
4892,0.00998645168764533
4893,0.00998645168764533
4894,0.00998645168764533
4895,0.00998645168764533
4896,0.00998645168764533
4897,0.00998645168764533
4898,0.00998645168764533
4899,0.00998645168764533
4900,0.00998645168764533
4901,0.00998645168764533
4902,0.00998645168764533
4903,0.00998645168764533
4904,0.00998645168764533
4905,0.00998645168764533
4906,0.00998645168764533
4907,0.00998645168764533
4908,0.00998645168764533
4909,0.00998645168764533
4910,0.00998645168764533
4911,0.00998645168764533
4912,0.00998645168764533
4913,0.00998645168764533
4914,0.00998645168764533
4915,0.00998645168764533
4916,0.00998645168764533
4917,0.00998645168764533
4918,0.00998645168764533
4919,0.00998645168764533
4920,0.00998645168764533
4921,0.00998645168764533
4922,0.00998645168764533
4923,0.00998645168764533
4924,0.00998645168764533
4925,0.00998645168764533
4926,0.00998645168764533
4927,0.00998645168764533
4928,0.00998645168764533
4929,0.00998645168764533
4930,0.00998645168764533
4931,0.00998645168764533
4932,0.00998645168764533
4933,0.00998645168764533
4934,0.00998645168764533
4935,0.00998645168764533
4936,0.00998645168764533
4937,0.00998645168764533
4938,0.00998645168764533
4939,0.00998645168764533
4940,0.00998645168764533
4941,0.00998645168764533
4942,0.00998645168764533
4943,0.00998645168764533
4944,0.00998645168764533
4945,0.00998645168764533
4946,0.00998645168764533
4947,0.00998645168764533
4948,0.00998645168764533
4949,0.00998645168764533
4950,0.00998645168764533
4951,0.00998645168764533
4952,0.00998645168764533
4953,0.00998645168764533
4954,0.00998645168764533
4955,0.00998645168764533
4956,0.00998645168764533
4957,0.00998645168764533
4958,0.00998645168764533
4959,0.00998645168764533
4960,0.00998645168764533
4961,0.00998645168764533
4962,0.00998645168764533
4963,0.00998645168764533
4964,0.00998645168764533
4965,0.00998645168764533
4966,0.00998645168764533
4967,0.00998645168764533
4968,0.00998645168764533
4969,0.00998645168764533
4970,0.00998645168764533
4971,0.00998645168764533
4972,0.00998645168764533
4973,0.00998645168764533
4974,0.00998645168764533
4975,0.00998645168764533
4976,0.00998645168764533
4977,0.00998645168764533
4978,0.00998645168764533
4979,0.00998645168764533
4980,0.00998645168764533
4981,0.00998645168764533
4982,0.00998645168764533
4983,0.00998645168764533
4984,0.00998645168764533
4985,0.00998645168764533
4986,0.00998645168764533
4987,0.00998645168764533
4988,0.00998645168764533
4989,0.00998645168764533
4990,0.00998645168764533
4991,0.00998645168764533
4992,0.00998645168764533
4993,0.00998645168764533
4994,0.00998645168764533
4995,0.00998645168764533
4996,0.00998645168764533
4997,0.00998645168764533
4998,0.00998645168764533
4999,0.00998645168764533
5000,0.00998645168764533
5001,0.00998645168764533
5002,0.00998645168764533
5003,0.00998645168764533
5004,0.00998645168764533
5005,0.00998645168764533
5006,0.00998645168764533
5007,0.00998645168764533
5008,0.00998645168764533
5009,0.00998645168764533
5010,0.00998645168764533
5011,0.00998645168764533
5012,0.00998645168764533
5013,0.00998645168764533
5014,0.00998645168764533
5015,0.00998645168764533
5016,0.00998645168764533
5017,0.00998645168764533
5018,0.00998645168764533
5019,0.00998645168764533
5020,0.00998645168764533
5021,0.00998645168764533
5022,0.00998645168764533
5023,0.00998645168764533
5024,0.00998645168764533
5025,0.00998645168764533
5026,0.00998645168764533
5027,0.00998645168764533
5028,0.00998645168764533
5029,0.00998645168764533
5030,0.00998645168764533
5031,0.00998645168764533
5032,0.00998645168764533
5033,0.00998645168764533
5034,0.00998645168764533
5035,0.00998645168764533
5036,0.00998645168764533
5037,0.00998645168764533
5038,0.00998645168764533
5039,0.00998645168764533
5040,0.00998645168764533
5041,0.00998645168764533
5042,0.00998645168764533
5043,0.00998645168764533
5044,0.00998645168764533
5045,0.00998645168764533
5046,0.00998645168764533
5047,0.00998645168764533
5048,0.00998645168764533
5049,0.00998645168764533
5050,0.00998645168764533
5051,0.00998645168764533
5052,0.00998645168764533
5053,0.00998645168764533
5054,0.00998645168764533
5055,0.00998645168764533
5056,0.00998645168764533
5057,0.00998645168764533
5058,0.00998645168764533
5059,0.00998645168764533
5060,0.00998645168764533
5061,0.00998645168764533
5062,0.00998645168764533
5063,0.00998645168764533
5064,0.00998645168764533
5065,0.00998645168764533
5066,0.00998645168764533
5067,0.00998645168764533
5068,0.00998645168764533
5069,0.00998645168764533
5070,0.00998645168764533
5071,0.00998645168764533
5072,0.00998645168764533
5073,0.00998645168764533
5074,0.00998645168764533
5075,0.00998645168764533
5076,0.00998645168764533
5077,0.00998645168764533
5078,0.00998645168764533
5079,0.00998645168764533
5080,0.00998645168764533
5081,0.00998645168764533
5082,0.00998645168764533
5083,0.00998645168764533
5084,0.00998645168764533
5085,0.00998645168764533
5086,0.00998645168764533
5087,0.00998645168764533
5088,0.00998645168764533
5089,0.00998645168764533
5090,0.00998645168764533
5091,0.00998645168764533
5092,0.00998645168764533
5093,0.00998645168764533
5094,0.00998645168764533
5095,0.00998645168764533
5096,0.00998645168764533
5097,0.00998645168764533
5098,0.00998645168764533
5099,0.00998645168764533
5100,0.00998645168764533
5101,0.00998645168764533
5102,0.00998645168764533
5103,0.00998645168764533
5104,0.00998645168764533
5105,0.00998645168764533
5106,0.00998645168764533
5107,0.00998645168764533
5108,0.00998645168764533
5109,0.00998645168764533
5110,0.00998645168764533
5111,0.00998645168764533
5112,0.00998645168764533
5113,0.00998645168764533
5114,0.00998645168764533
5115,0.00998645168764533
5116,0.00998645168764533
5117,0.00998645168764533
5118,0.00998645168764533
5119,0.00998645168764533
5120,0.00998645168764533
5121,0.00998645168764533
5122,0.00998645168764533
5123,0.00998645168764533
5124,0.00998645168764533
5125,0.00998645168764533
5126,0.00998645168764533
5127,0.00998645168764533
5128,0.00998645168764533
5129,0.00998645168764533
5130,0.00998645168764533
5131,0.00998645168764533
5132,0.00998645168764533
5133,0.00998645168764533
5134,0.00998645168764533
5135,0.00998645168764533
5136,0.00998645168764533
5137,0.00998645168764533
5138,0.00998645168764533
5139,0.00998645168764533
5140,0.00998645168764533
5141,0.00998645168764533
5142,0.00998645168764533
5143,0.00998645168764533
5144,0.00998645168764533
5145,0.00998645168764533
5146,0.00998645168764533
5147,0.00998645168764533
5148,0.00998645168764533
5149,0.00998645168764533
5150,0.00998645168764533
5151,0.00998645168764533
5152,0.00998645168764533
5153,0.00998645168764533
5154,0.00998645168764533
5155,0.00998645168764533
5156,0.00998645168764533
5157,0.00998645168764533
5158,0.00998645168764533
5159,0.00998645168764533
5160,0.00998645168764533
5161,0.00998645168764533
5162,0.00998645168764533
5163,0.00998645168764533
5164,0.00998645168764533
5165,0.00998645168764533
5166,0.00998645168764533
5167,0.00998645168764533
5168,0.00998645168764533
5169,0.00998645168764533
5170,0.00998645168764533
5171,0.00998645168764533
5172,0.00998645168764533
5173,0.00998645168764533
5174,0.00998645168764533
5175,0.00998645168764533
5176,0.00998645168764533
5177,0.00998645168764533
5178,0.00998645168764533
5179,0.00998645168764533
5180,0.00998645168764533
5181,0.00998645168764533
5182,0.00998645168764533
5183,0.00998645168764533
5184,0.00998645168764533
5185,0.00998645168764533
5186,0.00998645168764533
5187,0.00998645168764533
5188,0.00998645168764533
5189,0.00998645168764533
5190,0.00998645168764533
5191,0.00998645168764533
5192,0.00998645168764533
5193,0.00998645168764533
5194,0.00998645168764533
5195,0.00998645168764533
5196,0.00998645168764533
5197,0.00998645168764533
5198,0.00998645168764533
5199,0.00998645168764533
5200,0.00998645168764533
5201,0.00998645168764533
5202,0.00998645168764533
5203,0.00998645168764533
5204,0.00998645168764533
5205,0.00998645168764533
5206,0.00998645168764533
5207,0.00998645168764533
5208,0.00998645168764533
5209,0.00998645168764533
5210,0.00998645168764533
5211,0.00998645168764533
5212,0.00998645168764533
5213,0.00998645168764533
5214,0.00998645168764533
5215,0.00998645168764533
5216,0.00998645168764533
5217,0.00998645168764533
5218,0.00998645168764533
5219,0.00998645168764533
5220,0.00998645168764533
5221,0.00998645168764533
5222,0.00998645168764533
5223,0.00998645168764533
5224,0.00998645168764533
5225,0.00998645168764533
5226,0.00998645168764533
5227,0.00998645168764533
5228,0.00998645168764533
5229,0.00998645168764533
5230,0.00998645168764533
5231,0.00998645168764533
5232,0.00998645168764533
5233,0.00998645168764533
5234,0.00998645168764533
5235,0.00998645168764533
5236,0.00998645168764533
5237,0.00998645168764533
5238,0.00998645168764533
5239,0.00998645168764533
5240,0.00998645168764533
5241,0.00998645168764533
5242,0.00998645168764533
5243,0.00998645168764533
5244,0.00998645168764533
5245,0.00998645168764533
5246,0.00998645168764533
5247,0.00998645168764533
5248,0.00998645168764533
5249,0.00998645168764533
5250,0.00998645168764533
5251,0.00998645168764533
5252,0.00998645168764533
5253,0.00998645168764533
5254,0.00998645168764533
5255,0.00998645168764533
5256,0.00998645168764533
5257,0.00998645168764533
5258,0.00998645168764533
5259,0.00998645168764533
5260,0.00998645168764533
5261,0.00998645168764533
5262,0.00998645168764533
5263,0.00998645168764533
5264,0.00998645168764533
5265,0.00998645168764533
5266,0.00998645168764533
5267,0.00998645168764533
5268,0.00998645168764533
5269,0.00998645168764533
5270,0.00998645168764533
5271,0.00998645168764533
5272,0.00998645168764533
5273,0.00998645168764533
5274,0.00998645168764533
5275,0.00998645168764533
5276,0.00998645168764533
5277,0.00998645168764533
5278,0.00998645168764533
5279,0.00998645168764533
5280,0.00998645168764533
5281,0.00998645168764533
5282,0.00998645168764533
5283,0.00998645168764533
5284,0.00998645168764533
5285,0.00998645168764533
5286,0.00998645168764533
5287,0.00998645168764533
5288,0.00998645168764533
5289,0.00998645168764533
5290,0.00998645168764533
5291,0.00998645168764533
5292,0.00998645168764533
5293,0.00998645168764533
5294,0.00998645168764533
5295,0.00998645168764533
5296,0.00998645168764533
5297,0.00998645168764533
5298,0.00998645168764533
5299,0.00998645168764533
5300,0.00998645168764533
5301,0.00998645168764533
5302,0.00998645168764533
5303,0.00998645168764533
5304,0.00998645168764533
5305,0.00998645168764533
5306,0.00998645168764533
5307,0.00998645168764533
5308,0.00998645168764533
5309,0.00998645168764533
5310,0.00998645168764533
5311,0.00998645168764533
5312,0.00998645168764533
5313,0.00998645168764533
5314,0.00998645168764533
5315,0.00998645168764533
5316,0.00998645168764533
5317,0.00998645168764533
5318,0.00998645168764533
5319,0.00998645168764533
5320,0.00998645168764533
5321,0.00998645168764533
5322,0.00998645168764533
5323,0.00998645168764533
5324,0.00998645168764533
5325,0.00998645168764533
5326,0.00998645168764533
5327,0.00998645168764533
5328,0.00998645168764533
5329,0.00998645168764533
5330,0.00998645168764533
5331,0.00998645168764533
5332,0.00998645168764533
5333,0.00998645168764533
5334,0.00998645168764533
5335,0.00998645168764533
5336,0.00998645168764533
5337,0.00998645168764533
5338,0.00998645168764533
5339,0.00998645168764533
5340,0.00998645168764533
5341,0.00998645168764533
5342,0.00998645168764533
5343,0.00998645168764533
5344,0.00998645168764533
5345,0.00998645168764533
5346,0.00998645168764533
5347,0.00998645168764533
5348,0.00998645168764533
5349,0.00998645168764533
5350,0.00998645168764533
5351,0.00998645168764533
5352,0.00998645168764533
5353,0.00998645168764533
5354,0.00998645168764533
5355,0.00998645168764533
5356,0.00998645168764533
5357,0.00998645168764533
5358,0.00998645168764533
5359,0.00998645168764533
5360,0.00998645168764533
5361,0.00998645168764533
5362,0.00998645168764533
5363,0.00998645168764533
5364,0.00998645168764533
5365,0.00998645168764533
5366,0.00998645168764533
5367,0.00998645168764533
5368,0.00998645168764533
5369,0.00998645168764533
5370,0.00998645168764533
5371,0.00998645168764533
5372,0.00998645168764533
5373,0.00998645168764533
5374,0.00998645168764533
5375,0.00998645168764533
5376,0.00998645168764533
5377,0.00998645168764533
5378,0.00998645168764533
5379,0.00998645168764533
5380,0.00998645168764533
5381,0.00998645168764533
5382,0.00998645168764533
5383,0.00998645168764533
5384,0.00998645168764533
5385,0.00998645168764533
5386,0.00998645168764533
5387,0.00998645168764533
5388,0.00998645168764533
5389,0.00998645168764533
5390,0.00998645168764533
5391,0.00998645168764533
5392,0.00998645168764533
5393,0.00998645168764533
5394,0.00998645168764533
5395,0.00998645168764533
5396,0.00998645168764533
5397,0.00998645168764533
5398,0.00998645168764533
5399,0.00998645168764533
5400,0.00998645168764533
5401,0.00998645168764533
5402,0.00998645168764533
5403,0.00998645168764533
5404,0.00998645168764533
5405,0.00998645168764533
5406,0.00998645168764533
5407,0.00998645168764533
5408,0.00998645168764533
5409,0.00998645168764533
5410,0.00998645168764533
5411,0.00998645168764533
5412,0.00998645168764533
5413,0.00998645168764533
5414,0.00998645168764533
5415,0.00998645168764533
5416,0.00998645168764533
5417,0.00998645168764533
5418,0.00998645168764533
5419,0.00998645168764533
5420,0.00998645168764533
5421,0.00998645168764533
5422,0.00998645168764533
5423,0.00998645168764533
5424,0.00998645168764533
5425,0.00998645168764533
5426,0.00998645168764533
5427,0.00998645168764533
5428,0.00998645168764533
5429,0.00998645168764533
5430,0.00998645168764533
5431,0.00998645168764533
5432,0.00998645168764533
5433,0.00998645168764533
5434,0.00998645168764533
5435,0.00998645168764533
5436,0.00998645168764533
5437,0.00998645168764533
5438,0.00998645168764533
5439,0.00998645168764533
5440,0.00998645168764533
5441,0.00998645168764533
5442,0.00998645168764533
5443,0.00998645168764533
5444,0.00998645168764533
5445,0.00998645168764533
5446,0.00998645168764533
5447,0.00998645168764533
5448,0.00998645168764533
5449,0.00998645168764533
5450,0.00998645168764533
5451,0.00998645168764533
5452,0.00998645168764533
5453,0.00998645168764533
5454,0.00998645168764533
5455,0.00998645168764533
5456,0.00998645168764533
5457,0.00998645168764533
5458,0.00998645168764533
5459,0.00998645168764533
5460,0.00998645168764533
5461,0.00998645168764533
5462,0.00998645168764533
5463,0.00998645168764533
5464,0.00998645168764533
5465,0.00998645168764533
5466,0.00998645168764533
5467,0.00998645168764533
5468,0.00998645168764533
5469,0.00998645168764533
5470,0.00998645168764533
5471,0.00998645168764533
5472,0.00998645168764533
5473,0.00998645168764533
5474,0.00998645168764533
5475,0.00998645168764533
5476,0.00998645168764533
5477,0.00998645168764533
5478,0.00998645168764533
5479,0.00998645168764533
5480,0.00998645168764533
5481,0.00998645168764533
5482,0.00998645168764533
5483,0.00998645168764533
5484,0.00998645168764533
5485,0.00998645168764533
5486,0.00998645168764533
5487,0.00998645168764533
5488,0.00998645168764533
5489,0.00998645168764533
5490,0.00998645168764533
5491,0.00998645168764533
5492,0.00998645168764533
5493,0.00998645168764533
5494,0.00998645168764533
5495,0.00998645168764533
5496,0.00998645168764533
5497,0.00998645168764533
5498,0.00998645168764533
5499,0.00998645168764533
5500,0.00998645168764533
5501,0.00998645168764533
5502,0.00998645168764533
5503,0.00998645168764533
5504,0.00998645168764533
5505,0.00998645168764533
5506,0.00998645168764533
5507,0.00998645168764533
5508,0.00998645168764533
5509,0.00998645168764533
5510,0.00998645168764533
5511,0.00998645168764533
5512,0.00998645168764533
5513,0.00998645168764533
5514,0.00998645168764533
5515,0.00998645168764533
5516,0.00998645168764533
5517,0.00998645168764533
5518,0.00998645168764533
5519,0.00998645168764533
5520,0.00998645168764533
5521,0.00998645168764533
5522,0.00998645168764533
5523,0.00998645168764533
5524,0.00998645168764533
5525,0.00998645168764533
5526,0.00998645168764533
5527,0.00998645168764533
5528,0.00998645168764533
5529,0.00998645168764533
5530,0.00998645168764533
5531,0.00998645168764533
5532,0.00998645168764533
5533,0.00998645168764533
5534,0.00998645168764533
5535,0.00998645168764533
5536,0.00998645168764533
5537,0.00998645168764533
5538,0.00998645168764533
5539,0.00998645168764533
5540,0.00998645168764533
5541,0.00998645168764533
5542,0.00998645168764533
5543,0.00998645168764533
5544,0.00998645168764533
5545,0.00998645168764533
5546,0.00998645168764533
5547,0.00998645168764533
5548,0.00998645168764533
5549,0.00998645168764533
5550,0.00998645168764533
5551,0.00998645168764533
5552,0.00998645168764533
5553,0.00998645168764533
5554,0.00998645168764533
5555,0.00998645168764533
5556,0.00998645168764533
5557,0.00998645168764533
5558,0.00998645168764533
5559,0.00998645168764533
5560,0.00998645168764533
5561,0.00998645168764533
5562,0.00998645168764533
5563,0.00998645168764533
5564,0.00998645168764533
5565,0.00998645168764533
5566,0.00998645168764533
5567,0.00998645168764533
5568,0.00998645168764533
5569,0.00998645168764533
5570,0.00998645168764533
5571,0.00998645168764533
5572,0.00998645168764533
5573,0.00998645168764533
5574,0.00998645168764533
5575,0.00998645168764533
5576,0.00998645168764533
5577,0.00998645168764533
5578,0.00998645168764533
5579,0.00998645168764533
5580,0.00998645168764533
5581,0.00998645168764533
5582,0.00998645168764533
5583,0.00998645168764533
5584,0.00998645168764533
5585,0.00998645168764533
5586,0.00998645168764533
5587,0.00998645168764533
5588,0.00998645168764533
5589,0.00998645168764533
5590,0.00998645168764533
5591,0.00998645168764533
5592,0.00998645168764533
5593,0.00998645168764533
5594,0.00998645168764533
5595,0.00998645168764533
5596,0.00998645168764533
5597,0.00998645168764533
5598,0.00998645168764533
5599,0.00998645168764533
5600,0.00998645168764533
5601,0.00998645168764533
5602,0.00998645168764533
5603,0.00998645168764533
5604,0.00998645168764533
5605,0.00998645168764533
5606,0.00998645168764533
5607,0.00998645168764533
5608,0.00998645168764533
5609,0.00998645168764533
5610,0.00998645168764533
5611,0.00998645168764533
5612,0.00998645168764533
5613,0.00998645168764533
5614,0.00998645168764533
5615,0.00998645168764533
5616,0.00998645168764533
5617,0.00998645168764533
5618,0.00998645168764533
5619,0.00998645168764533
5620,0.00998645168764533
5621,0.00998645168764533
5622,0.00998645168764533
5623,0.00998645168764533
5624,0.00998645168764533
5625,0.00998645168764533
5626,0.00998645168764533
5627,0.00998645168764533
5628,0.00998645168764533
5629,0.00998645168764533
5630,0.00998645168764533
5631,0.00998645168764533
5632,0.00998645168764533
5633,0.00998645168764533
5634,0.00998645168764533
5635,0.00998645168764533
5636,0.00998645168764533
5637,0.00998645168764533
5638,0.00998645168764533
5639,0.00998645168764533
5640,0.00998645168764533
5641,0.00998645168764533
5642,0.00998645168764533
5643,0.00998645168764533
5644,0.00998645168764533
5645,0.00998645168764533
5646,0.00998645168764533
5647,0.00998645168764533
5648,0.00998645168764533
5649,0.00998645168764533
5650,0.00998645168764533
5651,0.00998645168764533
5652,0.00998645168764533
5653,0.00998645168764533
5654,0.00998645168764533
5655,0.00998645168764533
5656,0.00998645168764533
5657,0.00998645168764533
5658,0.00998645168764533
5659,0.00998645168764533
5660,0.00998645168764533
5661,0.00998645168764533
5662,0.00998645168764533
5663,0.00998645168764533
5664,0.00998645168764533
5665,0.00998645168764533
5666,0.00998645168764533
5667,0.00998645168764533
5668,0.00998645168764533
5669,0.00998645168764533
5670,0.00998645168764533
5671,0.00998645168764533
5672,0.00998645168764533
5673,0.00998645168764533
5674,0.00998645168764533
5675,0.00998645168764533
5676,0.00998645168764533
5677,0.00998645168764533
5678,0.00998645168764533
5679,0.00998645168764533
5680,0.00998645168764533
5681,0.00998645168764533
5682,0.00998645168764533
5683,0.00998645168764533
5684,0.00998645168764533
5685,0.00998645168764533
5686,0.00998645168764533
5687,0.00998645168764533
5688,0.00998645168764533
5689,0.00998645168764533
5690,0.00998645168764533
5691,0.00998645168764533
5692,0.00998645168764533
5693,0.00998645168764533
5694,0.00998645168764533
5695,0.00998645168764533
5696,0.00998645168764533
5697,0.00998645168764533
5698,0.00998645168764533
5699,0.00998645168764533
5700,0.00998645168764533
5701,0.00998645168764533
5702,0.00998645168764533
5703,0.00998645168764533
5704,0.00998645168764533
5705,0.00998645168764533
5706,0.00998645168764533
5707,0.00998645168764533
5708,0.00998645168764533
5709,0.00998645168764533
5710,0.00998645168764533
5711,0.00998645168764533
5712,0.00998645168764533
5713,0.00998645168764533
5714,0.00998645168764533
5715,0.00998645168764533
5716,0.00998645168764533
5717,0.00998645168764533
5718,0.00998645168764533
5719,0.00998645168764533
5720,0.00998645168764533
5721,0.00998645168764533
5722,0.00998645168764533
5723,0.00998645168764533
5724,0.00998645168764533
5725,0.00998645168764533
5726,0.00998645168764533
5727,0.00998645168764533
5728,0.00998645168764533
5729,0.00998645168764533
5730,0.00998645168764533
5731,0.00998645168764533
5732,0.00998645168764533
5733,0.00998645168764533
5734,0.00998645168764533
5735,0.00998645168764533
5736,0.00998645168764533
5737,0.00998645168764533
5738,0.00998645168764533
5739,0.00998645168764533
5740,0.00998645168764533
5741,0.00998645168764533
5742,0.00998645168764533
5743,0.00998645168764533
5744,0.00998645168764533
5745,0.00998645168764533
5746,0.00998645168764533
5747,0.00998645168764533
5748,0.00998645168764533
5749,0.00998645168764533
5750,0.00998645168764533
5751,0.00998645168764533
5752,0.00998645168764533
5753,0.00998645168764533
5754,0.00998645168764533
5755,0.00998645168764533
5756,0.00998645168764533
5757,0.00998645168764533
5758,0.00998645168764533
5759,0.00998645168764533
5760,0.00998645168764533
5761,0.00998645168764533
5762,0.00998645168764533
5763,0.00998645168764533
5764,0.00998645168764533
5765,0.00998645168764533
5766,0.00998645168764533
5767,0.00998645168764533
5768,0.00998645168764533
5769,0.00998645168764533
5770,0.00998645168764533
5771,0.00998645168764533
5772,0.00998645168764533
5773,0.00998645168764533
5774,0.00998645168764533
5775,0.00998645168764533
5776,0.00998645168764533
5777,0.00998645168764533
5778,0.00998645168764533
5779,0.00998645168764533
5780,0.00998645168764533
5781,0.00998645168764533
5782,0.00998645168764533
5783,0.00998645168764533
5784,0.00998645168764533
5785,0.00998645168764533
5786,0.00998645168764533
5787,0.00998645168764533
5788,0.00998645168764533
5789,0.00998645168764533
5790,0.00998645168764533
5791,0.00998645168764533
5792,0.00998645168764533
5793,0.00998645168764533
5794,0.00998645168764533
5795,0.00998645168764533
5796,0.00998645168764533
5797,0.00998645168764533
5798,0.00998645168764533
5799,0.00998645168764533
5800,0.00998645168764533
5801,0.00998645168764533
5802,0.00998645168764533
5803,0.00998645168764533
5804,0.00998645168764533
5805,0.00998645168764533
5806,0.00998645168764533
5807,0.00998645168764533
5808,0.00998645168764533
5809,0.00998645168764533
5810,0.00998645168764533
5811,0.00998645168764533
5812,0.00998645168764533
5813,0.00998645168764533
5814,0.00998645168764533
5815,0.00998645168764533
5816,0.00998645168764533
5817,0.00998645168764533
5818,0.00998645168764533
5819,0.00998645168764533
5820,0.00998645168764533
5821,0.00998645168764533
5822,0.00998645168764533
5823,0.00998645168764533
5824,0.00998645168764533
5825,0.00998645168764533
5826,0.00998645168764533
5827,0.00998645168764533
5828,0.00998645168764533
5829,0.00998645168764533
5830,0.00998645168764533
5831,0.00998645168764533
5832,0.00998645168764533
5833,0.00998645168764533
5834,0.00998645168764533
5835,0.00998645168764533
5836,0.00998645168764533
5837,0.00998645168764533
5838,0.00998645168764533
5839,0.00998645168764533
5840,0.00998645168764533
5841,0.00998645168764533
5842,0.00998645168764533
5843,0.00998645168764533
5844,0.00998645168764533
5845,0.00998645168764533
5846,0.00998645168764533
5847,0.00998645168764533
5848,0.00998645168764533
5849,0.00998645168764533
5850,0.00998645168764533
5851,0.00998645168764533
5852,0.00998645168764533
5853,0.00998645168764533
5854,0.00998645168764533
5855,0.00998645168764533
5856,0.00998645168764533
5857,0.00998645168764533
5858,0.00998645168764533
5859,0.00998645168764533
5860,0.00998645168764533
5861,0.00998645168764533
5862,0.00998645168764533
5863,0.00998645168764533
5864,0.00998645168764533
5865,0.00998645168764533
5866,0.00998645168764533
5867,0.00998645168764533
5868,0.00998645168764533
5869,0.00998645168764533
5870,0.00998645168764533
5871,0.00998645168764533
5872,0.00998645168764533
5873,0.00998645168764533
5874,0.00998645168764533
5875,0.00998645168764533
5876,0.00998645168764533
5877,0.00998645168764533
5878,0.00998645168764533
5879,0.00998645168764533
5880,0.00998645168764533
5881,0.00998645168764533
5882,0.00998645168764533
5883,0.00998645168764533
5884,0.00998645168764533
5885,0.00998645168764533
5886,0.00998645168764533
5887,0.00998645168764533
5888,0.00998645168764533
5889,0.00998645168764533
5890,0.00998645168764533
5891,0.00998645168764533
5892,0.00998645168764533
5893,0.00998645168764533
5894,0.00998645168764533
5895,0.00998645168764533
5896,0.00998645168764533
5897,0.00998645168764533
5898,0.00998645168764533
5899,0.00998645168764533
5900,0.00998645168764533
5901,0.00998645168764533
5902,0.00998645168764533
5903,0.00998645168764533
5904,0.00998645168764533
5905,0.00998645168764533
5906,0.00998645168764533
5907,0.00998645168764533
5908,0.00998645168764533
5909,0.00998645168764533
5910,0.00998645168764533
5911,0.00998645168764533
5912,0.00998645168764533
5913,0.00998645168764533
5914,0.00998645168764533
5915,0.00998645168764533
5916,0.00998645168764533
5917,0.00998645168764533
5918,0.00998645168764533
5919,0.00998645168764533
5920,0.00998645168764533
5921,0.00998645168764533
5922,0.00998645168764533
5923,0.00998645168764533
5924,0.00998645168764533
5925,0.00998645168764533
5926,0.00998645168764533
5927,0.00998645168764533
5928,0.00998645168764533
5929,0.00998645168764533
5930,0.00998645168764533
5931,0.00998645168764533
5932,0.00998645168764533
5933,0.00998645168764533
5934,0.00998645168764533
5935,0.00998645168764533
5936,0.00998645168764533
5937,0.00998645168764533
5938,0.00998645168764533
5939,0.00998645168764533
5940,0.00998645168764533
5941,0.00998645168764533
5942,0.00998645168764533
5943,0.00998645168764533
5944,0.00998645168764533
5945,0.00998645168764533
5946,0.00998645168764533
5947,0.00998645168764533
5948,0.00998645168764533
5949,0.00998645168764533
5950,0.00998645168764533
5951,0.00998645168764533
5952,0.00998645168764533
5953,0.00998645168764533
5954,0.00998645168764533
5955,0.00998645168764533
5956,0.00998645168764533
5957,0.00998645168764533
5958,0.00998645168764533
5959,0.00998645168764533
5960,0.00998645168764533
5961,0.00998645168764533
5962,0.00998645168764533
5963,0.00998645168764533
5964,0.00998645168764533
5965,0.00998645168764533
5966,0.00998645168764533
5967,0.00998645168764533
5968,0.00998645168764533
5969,0.00998645168764533
5970,0.00998645168764533
5971,0.00998645168764533
5972,0.00998645168764533
5973,0.00998645168764533
5974,0.00998645168764533
5975,0.00998645168764533
5976,0.00998645168764533
5977,0.00998645168764533
5978,0.00998645168764533
5979,0.00998645168764533
5980,0.00998645168764533
5981,0.00998645168764533
5982,0.00998645168764533
5983,0.00998645168764533
5984,0.00998645168764533
5985,0.00998645168764533
5986,0.00998645168764533
5987,0.00998645168764533
5988,0.00998645168764533
5989,0.00998645168764533
5990,0.00998645168764533
5991,0.00998645168764533
5992,0.00998645168764533
5993,0.00998645168764533
5994,0.00998645168764533
5995,0.00998645168764533
5996,0.00998645168764533
5997,0.00998645168764533
5998,0.00998645168764533
5999,0.00998645168764533
6000,0.00998645168764533
6001,0.00998645168764533
6002,0.00998645168764533
6003,0.00998645168764533
6004,0.00998645168764533
6005,0.00998645168764533
6006,0.00998645168764533
6007,0.00998645168764533
6008,0.00998645168764533
6009,0.00998645168764533
6010,0.00998645168764533
6011,0.00998645168764533
6012,0.00998645168764533
6013,0.00998645168764533
6014,0.00998645168764533
6015,0.00998645168764533
6016,0.00998645168764533
6017,0.00998645168764533
6018,0.00998645168764533
6019,0.00998645168764533
6020,0.00998645168764533
6021,0.00998645168764533
6022,0.00998645168764533
6023,0.00998645168764533
6024,0.00998645168764533
6025,0.00998645168764533
6026,0.00998645168764533
6027,0.00998645168764533
6028,0.00998645168764533
6029,0.00998645168764533
6030,0.00998645168764533
6031,0.00998645168764533
6032,0.00998645168764533
6033,0.00998645168764533
6034,0.00998645168764533
6035,0.00998645168764533
6036,0.00998645168764533
6037,0.00998645168764533
6038,0.00998645168764533
6039,0.00998645168764533
6040,0.00998645168764533
6041,0.00998645168764533
6042,0.00998645168764533
6043,0.00998645168764533
6044,0.00998645168764533
6045,0.00998645168764533
6046,0.00998645168764533
6047,0.00998645168764533
6048,0.00998645168764533
6049,0.00998645168764533
6050,0.00998645168764533
6051,0.00998645168764533
6052,0.00998645168764533
6053,0.00998645168764533
6054,0.00998645168764533
6055,0.00998645168764533
6056,0.00998645168764533
6057,0.00998645168764533
6058,0.00998645168764533
6059,0.00998645168764533
6060,0.00998645168764533
6061,0.00998645168764533
6062,0.00998645168764533
6063,0.00998645168764533
6064,0.00998645168764533
6065,0.00998645168764533
6066,0.00998645168764533
6067,0.00998645168764533
6068,0.00998645168764533
6069,0.00998645168764533
6070,0.00998645168764533
6071,0.00998645168764533
6072,0.00998645168764533
6073,0.00998645168764533
6074,0.00998645168764533
6075,0.00998645168764533
6076,0.00998645168764533
6077,0.00998645168764533
6078,0.00998645168764533
6079,0.00998645168764533
6080,0.00998645168764533
6081,0.00998645168764533
6082,0.00998645168764533
6083,0.00998645168764533
6084,0.00998645168764533
6085,0.00998645168764533
6086,0.00998645168764533
6087,0.00998645168764533
6088,0.00998645168764533
6089,0.00998645168764533
6090,0.00998645168764533
6091,0.00998645168764533
6092,0.00998645168764533
6093,0.00998645168764533
6094,0.00998645168764533
6095,0.00998645168764533
6096,0.00998645168764533
6097,0.00998645168764533
6098,0.00998645168764533
6099,0.00998645168764533
6100,0.00998645168764533
6101,0.00998645168764533
6102,0.00998645168764533
6103,0.00998645168764533
6104,0.00998645168764533
6105,0.00998645168764533
6106,0.00998645168764533
6107,0.00998645168764533
6108,0.00998645168764533
6109,0.00998645168764533
6110,0.00998645168764533
6111,0.00998645168764533
6112,0.00998645168764533
6113,0.00998645168764533
6114,0.00998645168764533
6115,0.00998645168764533
6116,0.00998645168764533
6117,0.00998645168764533
6118,0.00998645168764533
6119,0.00998645168764533
6120,0.00998645168764533
6121,0.00998645168764533
6122,0.00998645168764533
6123,0.00998645168764533
6124,0.00998645168764533
6125,0.00998645168764533
6126,0.00998645168764533
6127,0.00998645168764533
6128,0.00998645168764533
6129,0.00998645168764533
6130,0.00998645168764533
6131,0.00998645168764533
6132,0.00998645168764533
6133,0.00998645168764533
6134,0.00998645168764533
6135,0.00998645168764533
6136,0.00998645168764533
6137,0.00998645168764533
6138,0.00998645168764533
6139,0.00998645168764533
6140,0.00998645168764533
6141,0.00998645168764533
6142,0.00998645168764533
6143,0.00998645168764533
6144,0.00998645168764533
6145,0.00998645168764533
6146,0.00998645168764533
6147,0.00998645168764533
6148,0.00998645168764533
6149,0.00998645168764533
6150,0.00998645168764533
6151,0.00998645168764533
6152,0.00998645168764533
6153,0.00998645168764533
6154,0.00998645168764533
6155,0.00998645168764533
6156,0.00998645168764533
6157,0.00998645168764533
6158,0.00998645168764533
6159,0.00998645168764533
6160,0.00998645168764533
6161,0.00998645168764533
6162,0.00998645168764533
6163,0.00998645168764533
6164,0.00998645168764533
6165,0.00998645168764533
6166,0.00998645168764533
6167,0.00998645168764533
6168,0.00998645168764533
6169,0.00998645168764533
6170,0.00998645168764533
6171,0.00998645168764533
6172,0.00998645168764533
6173,0.00998645168764533
6174,0.00998645168764533
6175,0.00998645168764533
6176,0.00998645168764533
6177,0.00998645168764533
6178,0.00998645168764533
6179,0.00998645168764533
6180,0.00998645168764533
6181,0.00998645168764533
6182,0.00998645168764533
6183,0.00998645168764533
6184,0.00998645168764533
6185,0.00998645168764533
6186,0.00998645168764533
6187,0.00998645168764533
6188,0.00998645168764533
6189,0.00998645168764533
6190,0.00998645168764533
6191,0.00998645168764533
6192,0.00998645168764533
6193,0.00998645168764533
6194,0.00998645168764533
6195,0.00998645168764533
6196,0.00998645168764533
6197,0.00998645168764533
6198,0.00998645168764533
6199,0.00998645168764533
6200,0.00998645168764533
6201,0.00998645168764533
6202,0.00998645168764533
6203,0.00998645168764533
6204,0.00998645168764533
6205,0.00998645168764533
6206,0.00998645168764533
6207,0.00998645168764533
6208,0.00998645168764533
6209,0.00998645168764533
6210,0.00998645168764533
6211,0.00998645168764533
6212,0.00998645168764533
6213,0.00998645168764533
6214,0.00998645168764533
6215,0.00998645168764533
6216,0.00998645168764533
6217,0.00998645168764533
6218,0.00998645168764533
6219,0.00998645168764533
6220,0.00998645168764533
6221,0.00998645168764533
6222,0.00998645168764533
6223,0.00998645168764533
6224,0.00998645168764533
6225,0.00998645168764533
6226,0.00998645168764533
6227,0.00998645168764533
6228,0.00998645168764533
6229,0.00998645168764533
6230,0.00998645168764533
6231,0.00998645168764533
6232,0.00998645168764533
6233,0.00998645168764533
6234,0.00998645168764533
6235,0.00998645168764533
6236,0.00998645168764533
6237,0.00998645168764533
6238,0.00998645168764533
6239,0.00998645168764533
6240,0.00998645168764533
6241,0.00998645168764533
6242,0.00998645168764533
6243,0.00998645168764533
6244,0.00998645168764533
6245,0.00998645168764533
6246,0.00998645168764533
6247,0.00998645168764533
6248,0.00998645168764533
6249,0.00998645168764533
6250,0.00998645168764533
6251,0.00998645168764533
6252,0.00998645168764533
6253,0.00998645168764533
6254,0.00998645168764533
6255,0.00998645168764533
6256,0.00998645168764533
6257,0.00998645168764533
6258,0.00998645168764533
6259,0.00998645168764533
6260,0.00998645168764533
6261,0.00998645168764533
6262,0.00998645168764533
6263,0.00998645168764533
6264,0.00998645168764533
6265,0.00998645168764533
6266,0.00998645168764533
6267,0.00998645168764533
6268,0.00998645168764533
6269,0.00998645168764533
6270,0.00998645168764533
6271,0.00998645168764533
6272,0.00998645168764533
6273,0.00998645168764533
6274,0.00998645168764533
6275,0.00998645168764533
6276,0.00998645168764533
6277,0.00998645168764533
6278,0.00998645168764533
6279,0.00998645168764533
6280,0.00998645168764533
6281,0.00998645168764533
6282,0.00998645168764533
6283,0.00998645168764533
6284,0.00998645168764533
6285,0.00998645168764533
6286,0.00998645168764533
6287,0.00998645168764533
6288,0.00998645168764533
6289,0.00998645168764533
6290,0.00998645168764533
6291,0.00998645168764533
6292,0.00998645168764533
6293,0.00998645168764533
6294,0.00998645168764533
6295,0.00998645168764533
6296,0.00998645168764533
6297,0.00998645168764533
6298,0.00998645168764533
6299,0.00998645168764533
6300,0.00998645168764533
6301,0.00998645168764533
6302,0.00998645168764533
6303,0.00998645168764533
6304,0.00998645168764533
6305,0.00998645168764533
6306,0.00998645168764533
6307,0.00998645168764533
6308,0.00998645168764533
6309,0.00998645168764533
6310,0.00998645168764533
6311,0.00998645168764533
6312,0.00998645168764533
6313,0.00998645168764533
6314,0.00998645168764533
6315,0.00998645168764533
6316,0.00998645168764533
6317,0.00998645168764533
6318,0.00998645168764533
6319,0.00998645168764533
6320,0.00998645168764533
6321,0.00998645168764533
6322,0.00998645168764533
6323,0.00998645168764533
6324,0.00998645168764533
6325,0.00998645168764533
6326,0.00998645168764533
6327,0.00998645168764533
6328,0.00998645168764533
6329,0.00998645168764533
6330,0.00998645168764533
6331,0.00998645168764533
6332,0.00998645168764533
6333,0.00998645168764533
6334,0.00998645168764533
6335,0.00998645168764533
6336,0.00998645168764533
6337,0.00998645168764533
6338,0.00998645168764533
6339,0.00998645168764533
6340,0.00998645168764533
6341,0.00998645168764533
6342,0.00998645168764533
6343,0.00998645168764533
6344,0.00998645168764533
6345,0.00998645168764533
6346,0.00998645168764533
6347,0.00998645168764533
6348,0.00998645168764533
6349,0.00998645168764533
6350,0.00998645168764533
6351,0.00998645168764533
6352,0.00998645168764533
6353,0.00998645168764533
6354,0.00998645168764533
6355,0.00998645168764533
6356,0.00998645168764533
6357,0.00998645168764533
6358,0.00998645168764533
6359,0.00998645168764533
6360,0.00998645168764533
6361,0.00998645168764533
6362,0.00998645168764533
6363,0.00998645168764533
6364,0.00998645168764533
6365,0.00998645168764533
6366,0.00998645168764533
6367,0.00998645168764533
6368,0.00998645168764533
6369,0.00998645168764533
6370,0.00998645168764533
6371,0.00998645168764533
6372,0.00998645168764533
6373,0.00998645168764533
6374,0.00998645168764533
6375,0.00998645168764533
6376,0.00998645168764533
6377,0.00998645168764533
6378,0.00998645168764533
6379,0.00998645168764533
6380,0.00998645168764533
6381,0.00998645168764533
6382,0.00998645168764533
6383,0.00998645168764533
6384,0.00998645168764533
6385,0.00998645168764533
6386,0.00998645168764533
6387,0.00998645168764533
6388,0.00998645168764533
6389,0.00998645168764533
6390,0.00998645168764533
6391,0.00998645168764533
6392,0.00998645168764533
6393,0.00998645168764533
6394,0.00998645168764533
6395,0.00998645168764533
6396,0.00998645168764533
6397,0.00998645168764533
6398,0.00998645168764533
6399,0.00998645168764533
6400,0.00998645168764533
6401,0.00998645168764533
6402,0.00998645168764533
6403,0.00998645168764533
6404,0.00998645168764533
6405,0.00998645168764533
6406,0.00998645168764533
6407,0.00998645168764533
6408,0.00998645168764533
6409,0.00998645168764533
6410,0.00998645168764533
6411,0.00998645168764533
6412,0.00998645168764533
6413,0.00998645168764533
6414,0.00998645168764533
6415,0.00998645168764533
6416,0.00998645168764533
6417,0.00998645168764533
6418,0.00998645168764533
6419,0.00998645168764533
6420,0.00998645168764533
6421,0.00998645168764533
6422,0.00998645168764533
6423,0.00998645168764533
6424,0.00998645168764533
6425,0.00998645168764533
6426,0.00998645168764533
6427,0.00998645168764533
6428,0.00998645168764533
6429,0.00998645168764533
6430,0.00998645168764533
6431,0.00998645168764533
6432,0.00998645168764533
6433,0.00998645168764533
6434,0.00998645168764533
6435,0.00998645168764533
6436,0.00998645168764533
6437,0.00998645168764533
6438,0.00998645168764533
6439,0.00998645168764533
6440,0.00998645168764533
6441,0.00998645168764533
6442,0.00998645168764533
6443,0.00998645168764533
6444,0.00998645168764533
6445,0.00998645168764533
6446,0.00998645168764533
6447,0.00998645168764533
6448,0.00998645168764533
6449,0.00998645168764533
6450,0.00998645168764533
6451,0.00998645168764533
6452,0.00998645168764533
6453,0.00998645168764533
6454,0.00998645168764533
6455,0.00998645168764533
6456,0.00998645168764533
6457,0.00998645168764533
6458,0.00998645168764533
6459,0.00998645168764533
6460,0.00998645168764533
6461,0.00998645168764533
6462,0.00998645168764533
6463,0.00998645168764533
6464,0.00998645168764533
6465,0.00998645168764533
6466,0.00998645168764533
6467,0.00998645168764533
6468,0.00998645168764533
6469,0.00998645168764533
6470,0.00998645168764533
6471,0.00998645168764533
6472,0.00998645168764533
6473,0.00998645168764533
6474,0.00998645168764533
6475,0.00998645168764533
6476,0.00998645168764533
6477,0.00998645168764533
6478,0.00998645168764533
6479,0.00998645168764533
6480,0.00998645168764533
6481,0.00998645168764533
6482,0.00998645168764533
6483,0.00998645168764533
6484,0.00998645168764533
6485,0.00998645168764533
6486,0.00998645168764533
6487,0.00998645168764533
6488,0.00998645168764533
6489,0.00998645168764533
6490,0.00998645168764533
6491,0.00998645168764533
6492,0.00998645168764533
6493,0.00998645168764533
6494,0.00998645168764533
6495,0.00998645168764533
6496,0.00998645168764533
6497,0.00998645168764533
6498,0.00998645168764533
6499,0.00998645168764533
6500,0.00998645168764533
6501,0.00998645168764533
6502,0.00998645168764533
6503,0.00998645168764533
6504,0.00998645168764533
6505,0.00998645168764533
6506,0.00998645168764533
6507,0.00998645168764533
6508,0.00998645168764533
6509,0.00998645168764533
6510,0.00998645168764533
6511,0.00998645168764533
6512,0.00998645168764533
6513,0.00998645168764533
6514,0.00998645168764533
6515,0.00998645168764533
6516,0.00998645168764533
6517,0.00998645168764533
6518,0.00998645168764533
6519,0.00998645168764533
6520,0.00998645168764533
6521,0.00998645168764533
6522,0.00998645168764533
6523,0.00998645168764533
6524,0.00998645168764533
6525,0.00998645168764533
6526,0.00998645168764533
6527,0.00998645168764533
6528,0.00998645168764533
6529,0.00998645168764533
6530,0.00998645168764533
6531,0.00998645168764533
6532,0.00998645168764533
6533,0.00998645168764533
6534,0.00998645168764533
6535,0.00998645168764533
6536,0.00998645168764533
6537,0.00998645168764533
6538,0.00998645168764533
6539,0.00998645168764533
6540,0.00998645168764533
6541,0.00998645168764533
6542,0.00998645168764533
6543,0.00998645168764533
6544,0.00998645168764533
6545,0.00998645168764533
6546,0.00998645168764533
6547,0.00998645168764533
6548,0.00998645168764533
6549,0.00998645168764533
6550,0.00998645168764533
6551,0.00998645168764533
6552,0.00998645168764533
6553,0.00998645168764533
6554,0.00998645168764533
6555,0.00998645168764533
6556,0.00998645168764533
6557,0.00998645168764533
6558,0.00998645168764533
6559,0.00998645168764533
6560,0.00998645168764533
6561,0.00998645168764533
6562,0.00998645168764533
6563,0.00998645168764533
6564,0.00998645168764533
6565,0.00998645168764533
6566,0.00998645168764533
6567,0.00998645168764533
6568,0.00998645168764533
6569,0.00998645168764533
6570,0.00998645168764533
6571,0.00998645168764533
6572,0.00998645168764533
6573,0.00998645168764533
6574,0.00998645168764533
6575,0.00998645168764533
6576,0.00998645168764533
6577,0.00998645168764533
6578,0.00998645168764533
6579,0.00998645168764533
6580,0.00998645168764533
6581,0.00998645168764533
6582,0.00998645168764533
6583,0.00998645168764533
6584,0.00998645168764533
6585,0.00998645168764533
6586,0.00998645168764533
6587,0.00998645168764533
6588,0.00998645168764533
6589,0.00998645168764533
6590,0.00998645168764533
6591,0.00998645168764533
6592,0.00998645168764533
6593,0.00998645168764533
6594,0.00998645168764533
6595,0.00998645168764533
6596,0.00998645168764533
6597,0.00998645168764533
6598,0.00998645168764533
6599,0.00998645168764533
6600,0.00998645168764533
6601,0.00998645168764533
6602,0.00998645168764533
6603,0.00998645168764533
6604,0.00998645168764533
6605,0.00998645168764533
6606,0.00998645168764533
6607,0.00998645168764533
6608,0.00998645168764533
6609,0.00998645168764533
6610,0.00998645168764533
6611,0.00998645168764533
6612,0.00998645168764533
6613,0.00998645168764533
6614,0.00998645168764533
6615,0.00998645168764533
6616,0.00998645168764533
6617,0.00998645168764533
6618,0.00998645168764533
6619,0.00998645168764533
6620,0.00998645168764533
6621,0.00998645168764533
6622,0.00998645168764533
6623,0.00998645168764533
6624,0.00998645168764533
6625,0.00998645168764533
6626,0.00998645168764533
6627,0.00998645168764533
6628,0.00998645168764533
6629,0.00998645168764533
6630,0.00998645168764533
6631,0.00998645168764533
6632,0.00998645168764533
6633,0.00998645168764533
6634,0.00998645168764533
6635,0.00998645168764533
6636,0.00998645168764533
6637,0.00998645168764533
6638,0.00998645168764533
6639,0.00998645168764533
6640,0.00998645168764533
6641,0.00998645168764533
6642,0.00998645168764533
6643,0.00998645168764533
6644,0.00998645168764533
6645,0.00998645168764533
6646,0.00998645168764533
6647,0.00998645168764533
6648,0.00998645168764533
6649,0.00998645168764533
6650,0.00998645168764533
6651,0.00998645168764533
6652,0.00998645168764533
6653,0.00998645168764533
6654,0.00998645168764533
6655,0.00998645168764533
6656,0.00998645168764533
6657,0.00998645168764533
6658,0.00998645168764533
6659,0.00998645168764533
6660,0.00998645168764533
6661,0.00998645168764533
6662,0.00998645168764533
6663,0.00998645168764533
6664,0.00998645168764533
6665,0.00998645168764533
6666,0.00998645168764533
6667,0.00998645168764533
6668,0.00998645168764533
6669,0.00998645168764533
6670,0.00998645168764533
6671,0.00998645168764533
6672,0.00998645168764533
6673,0.00998645168764533
6674,0.00998645168764533
6675,0.00998645168764533
6676,0.00998645168764533
6677,0.00998645168764533
6678,0.00998645168764533
6679,0.00998645168764533
6680,0.00998645168764533
6681,0.00998645168764533
6682,0.00998645168764533
6683,0.00998645168764533
6684,0.00998645168764533
6685,0.00998645168764533
6686,0.00998645168764533
6687,0.00998645168764533
6688,0.00998645168764533
6689,0.00998645168764533
6690,0.00998645168764533
6691,0.00998645168764533
6692,0.00998645168764533
6693,0.00998645168764533
6694,0.00998645168764533
6695,0.00998645168764533
6696,0.00998645168764533
6697,0.00998645168764533
6698,0.00998645168764533
6699,0.00998645168764533
6700,0.00998645168764533
6701,0.00998645168764533
6702,0.00998645168764533
6703,0.00998645168764533
6704,0.00998645168764533
6705,0.00998645168764533
6706,0.00998645168764533
6707,0.00998645168764533
6708,0.00998645168764533
6709,0.00998645168764533
6710,0.00998645168764533
6711,0.00998645168764533
6712,0.00998645168764533
6713,0.00998645168764533
6714,0.00998645168764533
6715,0.00998645168764533
6716,0.00998645168764533
6717,0.00998645168764533
6718,0.00998645168764533
6719,0.00998645168764533
6720,0.00998645168764533
6721,0.00998645168764533
6722,0.00998645168764533
6723,0.00998645168764533
6724,0.00998645168764533
6725,0.00998645168764533
6726,0.00998645168764533
6727,0.00998645168764533
6728,0.00998645168764533
6729,0.00998645168764533
6730,0.00998645168764533
6731,0.00998645168764533
6732,0.00998645168764533
6733,0.00998645168764533
6734,0.00998645168764533
6735,0.00998645168764533
6736,0.00998645168764533
6737,0.00998645168764533
6738,0.00998645168764533
6739,0.00998645168764533
6740,0.00998645168764533
6741,0.00998645168764533
6742,0.00998645168764533
6743,0.00998645168764533
6744,0.00998645168764533
6745,0.00998645168764533
6746,0.00998645168764533
6747,0.00998645168764533
6748,0.00998645168764533
6749,0.00998645168764533
6750,0.00998645168764533
6751,0.00998645168764533
6752,0.00998645168764533
6753,0.00998645168764533
6754,0.00998645168764533
6755,0.00998645168764533
6756,0.00998645168764533
6757,0.00998645168764533
6758,0.00998645168764533
6759,0.00998645168764533
6760,0.00998645168764533
6761,0.00998645168764533
6762,0.00998645168764533
6763,0.00998645168764533
6764,0.00998645168764533
6765,0.00998645168764533
6766,0.00998645168764533
6767,0.00998645168764533
6768,0.00998645168764533
6769,0.00998645168764533
6770,0.00998645168764533
6771,0.00998645168764533
6772,0.00998645168764533
6773,0.00998645168764533
6774,0.00998645168764533
6775,0.00998645168764533
6776,0.00998645168764533
6777,0.00998645168764533
6778,0.00998645168764533
6779,0.00998645168764533
6780,0.00998645168764533
6781,0.00998645168764533
6782,0.00998645168764533
6783,0.00998645168764533
6784,0.00998645168764533
6785,0.00998645168764533
6786,0.00998645168764533
6787,0.00998645168764533
6788,0.00998645168764533
6789,0.00998645168764533
6790,0.00998645168764533
6791,0.00998645168764533
6792,0.00998645168764533
6793,0.00998645168764533
6794,0.00998645168764533
6795,0.00998645168764533
6796,0.00998645168764533
6797,0.00998645168764533
6798,0.00998645168764533
6799,0.00998645168764533
6800,0.00998645168764533
6801,0.00998645168764533
6802,0.00998645168764533
6803,0.00998645168764533
6804,0.00998645168764533
6805,0.00998645168764533
6806,0.00998645168764533
6807,0.00998645168764533
6808,0.00998645168764533
6809,0.00998645168764533
6810,0.00998645168764533
6811,0.00998645168764533
6812,0.00998645168764533
6813,0.00998645168764533
6814,0.00998645168764533
6815,0.00998645168764533
6816,0.00998645168764533
6817,0.00998645168764533
6818,0.00998645168764533
6819,0.00998645168764533
6820,0.00998645168764533
6821,0.00998645168764533
6822,0.00998645168764533
6823,0.00998645168764533
6824,0.00998645168764533
6825,0.00998645168764533
6826,0.00998645168764533
6827,0.00998645168764533
6828,0.00998645168764533
6829,0.00998645168764533
6830,0.00998645168764533
6831,0.00998645168764533
6832,0.00998645168764533
6833,0.00998645168764533
6834,0.00998645168764533
6835,0.00998645168764533
6836,0.00998645168764533
6837,0.00998645168764533
6838,0.00998645168764533
6839,0.00998645168764533
6840,0.00998645168764533
6841,0.00998645168764533
6842,0.00998645168764533
6843,0.00998645168764533
6844,0.00998645168764533
6845,0.00998645168764533
6846,0.00998645168764533
6847,0.00998645168764533
6848,0.00998645168764533
6849,0.00998645168764533
6850,0.00998645168764533
6851,0.00998645168764533
6852,0.00998645168764533
6853,0.00998645168764533
6854,0.00998645168764533
6855,0.00998645168764533
6856,0.00998645168764533
6857,0.00998645168764533
6858,0.00998645168764533
6859,0.00998645168764533
6860,0.00998645168764533
6861,0.00998645168764533
6862,0.00998645168764533
6863,0.00998645168764533
6864,0.00998645168764533
6865,0.00998645168764533
6866,0.00998645168764533
6867,0.00998645168764533
6868,0.00998645168764533
6869,0.00998645168764533
6870,0.00998645168764533
6871,0.00998645168764533
6872,0.00998645168764533
6873,0.00998645168764533
6874,0.00998645168764533
6875,0.00998645168764533
6876,0.00998645168764533
6877,0.00998645168764533
6878,0.00998645168764533
6879,0.00998645168764533
6880,0.00998645168764533
6881,0.00998645168764533
6882,0.00998645168764533
6883,0.00998645168764533
6884,0.00998645168764533
6885,0.00998645168764533
6886,0.00998645168764533
6887,0.00998645168764533
6888,0.00998645168764533
6889,0.00998645168764533
6890,0.00998645168764533
6891,0.00998645168764533
6892,0.00998645168764533
6893,0.00998645168764533
6894,0.00998645168764533
6895,0.00998645168764533
6896,0.00998645168764533
6897,0.00998645168764533
6898,0.00998645168764533
6899,0.00998645168764533
6900,0.00998645168764533
6901,0.00998645168764533
6902,0.00998645168764533
6903,0.00998645168764533
6904,0.00998645168764533
6905,0.00998645168764533
6906,0.00998645168764533
6907,0.00998645168764533
6908,0.00998645168764533
6909,0.00998645168764533
6910,0.00998645168764533
6911,0.00998645168764533
6912,0.00998645168764533
6913,0.00998645168764533
6914,0.00998645168764533
6915,0.00998645168764533
6916,0.00998645168764533
6917,0.00998645168764533
6918,0.00998645168764533
6919,0.00998645168764533
6920,0.00998645168764533
6921,0.00998645168764533
6922,0.00998645168764533
6923,0.00998645168764533
6924,0.00998645168764533
6925,0.00998645168764533
6926,0.00998645168764533
6927,0.00998645168764533
6928,0.00998645168764533
6929,0.00998645168764533
6930,0.00998645168764533
6931,0.00998645168764533
6932,0.00998645168764533
6933,0.00998645168764533
6934,0.00998645168764533
6935,0.00998645168764533
6936,0.00998645168764533
6937,0.00998645168764533
6938,0.00998645168764533
6939,0.00998645168764533
6940,0.00998645168764533
6941,0.00998645168764533
6942,0.00998645168764533
6943,0.00998645168764533
6944,0.00998645168764533
6945,0.00998645168764533
6946,0.00998645168764533
6947,0.00998645168764533
6948,0.00998645168764533
6949,0.00998645168764533
6950,0.00998645168764533
6951,0.00998645168764533
6952,0.00998645168764533
6953,0.00998645168764533
6954,0.00998645168764533
6955,0.00998645168764533
6956,0.00998645168764533
6957,0.00998645168764533
6958,0.00998645168764533
6959,0.00998645168764533
6960,0.00998645168764533
6961,0.00998645168764533
6962,0.00998645168764533
6963,0.00998645168764533
6964,0.00998645168764533
6965,0.00998645168764533
6966,0.00998645168764533
6967,0.00998645168764533
6968,0.00998645168764533
6969,0.00998645168764533
6970,0.00998645168764533
6971,0.00998645168764533
6972,0.00998645168764533
6973,0.00998645168764533
6974,0.00998645168764533
6975,0.00998645168764533
6976,0.00998645168764533
6977,0.00998645168764533
6978,0.00998645168764533
6979,0.00998645168764533
6980,0.00998645168764533
6981,0.00998645168764533
6982,0.00998645168764533
6983,0.00998645168764533
6984,0.00998645168764533
6985,0.00998645168764533
6986,0.00998645168764533
6987,0.00998645168764533
6988,0.00998645168764533
6989,0.00998645168764533
6990,0.00998645168764533
6991,0.00998645168764533
6992,0.00998645168764533
6993,0.00998645168764533
6994,0.00998645168764533
6995,0.00998645168764533
6996,0.00998645168764533
6997,0.00998645168764533
6998,0.00998645168764533
6999,0.00998645168764533
7000,0.00998645168764533
7001,0.00998645168764533
7002,0.00998645168764533
7003,0.00998645168764533
7004,0.00998645168764533
7005,0.00998645168764533
7006,0.00998645168764533
7007,0.00998645168764533
7008,0.00998645168764533
7009,0.00998645168764533
7010,0.00998645168764533
7011,0.00998645168764533
7012,0.00998645168764533
7013,0.00998645168764533
7014,0.00998645168764533
7015,0.00998645168764533
7016,0.00998645168764533
7017,0.00998645168764533
7018,0.00998645168764533
7019,0.00998645168764533
7020,0.00998645168764533
7021,0.00998645168764533
7022,0.00998645168764533
7023,0.00998645168764533
7024,0.00998645168764533
7025,0.00998645168764533
7026,0.00998645168764533
7027,0.00998645168764533
7028,0.00998645168764533
7029,0.00998645168764533
7030,0.00998645168764533
7031,0.00998645168764533
7032,0.00998645168764533
7033,0.00998645168764533
7034,0.00998645168764533
7035,0.00998645168764533
7036,0.00998645168764533
7037,0.00998645168764533
7038,0.00998645168764533
7039,0.00998645168764533
7040,0.00998645168764533
7041,0.00998645168764533
7042,0.00998645168764533
7043,0.00998645168764533
7044,0.00998645168764533
7045,0.00998645168764533
7046,0.00998645168764533
7047,0.00998645168764533
7048,0.00998645168764533
7049,0.00998645168764533
7050,0.00998645168764533
7051,0.00998645168764533
7052,0.00998645168764533
7053,0.00998645168764533
7054,0.00998645168764533
7055,0.00998645168764533
7056,0.00998645168764533
7057,0.00998645168764533
7058,0.00998645168764533
7059,0.00998645168764533
7060,0.00998645168764533
7061,0.00998645168764533
7062,0.00998645168764533
7063,0.00998645168764533
7064,0.00998645168764533
7065,0.00998645168764533
7066,0.00998645168764533
7067,0.00998645168764533
7068,0.00998645168764533
7069,0.00998645168764533
7070,0.00998645168764533
7071,0.00998645168764533
7072,0.00998645168764533
7073,0.00998645168764533
7074,0.00998645168764533
7075,0.00998645168764533
7076,0.00998645168764533
7077,0.00998645168764533
7078,0.00998645168764533
7079,0.00998645168764533
7080,0.00998645168764533
7081,0.00998645168764533
7082,0.00998645168764533
7083,0.00998645168764533
7084,0.00998645168764533
7085,0.00998645168764533
7086,0.00998645168764533
7087,0.00998645168764533
7088,0.00998645168764533
7089,0.00998645168764533
7090,0.00998645168764533
7091,0.00998645168764533
7092,0.00998645168764533
7093,0.00998645168764533
7094,0.00998645168764533
7095,0.00998645168764533
7096,0.00998645168764533
7097,0.00998645168764533
7098,0.00998645168764533
7099,0.00998645168764533
7100,0.00998645168764533
7101,0.00998645168764533
7102,0.00998645168764533
7103,0.00998645168764533
7104,0.00998645168764533
7105,0.00998645168764533
7106,0.00998645168764533
7107,0.00998645168764533
7108,0.00998645168764533
7109,0.00998645168764533
7110,0.00998645168764533
7111,0.00998645168764533
7112,0.00998645168764533
7113,0.00998645168764533
7114,0.00998645168764533
7115,0.00998645168764533
7116,0.00998645168764533
7117,0.00998645168764533
7118,0.00998645168764533
7119,0.00998645168764533
7120,0.00998645168764533
7121,0.00998645168764533
7122,0.00998645168764533
7123,0.00998645168764533
7124,0.00998645168764533
7125,0.00998645168764533
7126,0.00998645168764533
7127,0.00998645168764533
7128,0.00998645168764533
7129,0.00998645168764533
7130,0.00998645168764533
7131,0.00998645168764533
7132,0.00998645168764533
7133,0.00998645168764533
7134,0.00998645168764533
7135,0.00998645168764533
7136,0.00998645168764533
7137,0.00998645168764533
7138,0.00998645168764533
7139,0.00998645168764533
7140,0.00998645168764533
7141,0.00998645168764533
7142,0.00998645168764533
7143,0.00998645168764533
7144,0.00998645168764533
7145,0.00998645168764533
7146,0.00998645168764533
7147,0.00998645168764533
7148,0.00998645168764533
7149,0.00998645168764533
7150,0.00998645168764533
7151,0.00998645168764533
7152,0.00998645168764533
7153,0.00998645168764533
7154,0.00998645168764533
7155,0.00998645168764533
7156,0.00998645168764533
7157,0.00998645168764533
7158,0.00998645168764533
7159,0.00998645168764533
7160,0.00998645168764533
7161,0.00998645168764533
7162,0.00998645168764533
7163,0.00998645168764533
7164,0.00998645168764533
7165,0.00998645168764533
7166,0.00998645168764533
7167,0.00998645168764533
7168,0.00998645168764533
7169,0.00998645168764533
7170,0.00998645168764533
7171,0.00998645168764533
7172,0.00998645168764533
7173,0.00998645168764533
7174,0.00998645168764533
7175,0.00998645168764533
7176,0.00998645168764533
7177,0.00998645168764533
7178,0.00998645168764533
7179,0.00998645168764533
7180,0.00998645168764533
7181,0.00998645168764533
7182,0.00998645168764533
7183,0.00998645168764533
7184,0.00998645168764533
7185,0.00998645168764533
7186,0.00998645168764533
7187,0.00998645168764533
7188,0.00998645168764533
7189,0.00998645168764533
7190,0.00998645168764533
7191,0.00998645168764533
7192,0.00998645168764533
7193,0.00998645168764533
7194,0.00998645168764533
7195,0.00998645168764533
7196,0.00998645168764533
7197,0.00998645168764533
7198,0.00998645168764533
7199,0.00998645168764533
7200,0.00998645168764533
7201,0.00998645168764533
7202,0.00998645168764533
7203,0.00998645168764533
7204,0.00998645168764533
7205,0.00998645168764533
7206,0.00998645168764533
7207,0.00998645168764533
7208,0.00998645168764533
7209,0.00998645168764533
7210,0.00998645168764533
7211,0.00998645168764533
7212,0.00998645168764533
7213,0.00998645168764533
7214,0.00998645168764533
7215,0.00998645168764533
7216,0.00998645168764533
7217,0.00998645168764533
7218,0.00998645168764533
7219,0.00998645168764533
7220,0.00998645168764533
7221,0.00998645168764533
7222,0.00998645168764533
7223,0.00998645168764533
7224,0.00998645168764533
7225,0.00998645168764533
7226,0.00998645168764533
7227,0.00998645168764533
7228,0.00998645168764533
7229,0.00998645168764533
7230,0.00998645168764533
7231,0.00998645168764533
7232,0.00998645168764533
7233,0.00998645168764533
7234,0.00998645168764533
7235,0.00998645168764533
7236,0.00998645168764533
7237,0.00998645168764533
7238,0.00998645168764533
7239,0.00998645168764533
7240,0.00998645168764533
7241,0.00998645168764533
7242,0.00998645168764533
7243,0.00998645168764533
7244,0.00998645168764533
7245,0.00998645168764533
7246,0.00998645168764533
7247,0.00998645168764533
7248,0.00998645168764533
7249,0.00998645168764533
7250,0.00998645168764533
7251,0.00998645168764533
7252,0.00998645168764533
7253,0.00998645168764533
7254,0.00998645168764533
7255,0.00998645168764533
7256,0.00998645168764533
7257,0.00998645168764533
7258,0.00998645168764533
7259,0.00998645168764533
7260,0.00998645168764533
7261,0.00998645168764533
7262,0.00998645168764533
7263,0.00998645168764533
7264,0.00998645168764533
7265,0.00998645168764533
7266,0.00998645168764533
7267,0.00998645168764533
7268,0.00998645168764533
7269,0.00998645168764533
7270,0.00998645168764533
7271,0.00998645168764533
7272,0.00998645168764533
7273,0.00998645168764533
7274,0.00998645168764533
7275,0.00998645168764533
7276,0.00998645168764533
7277,0.00998645168764533
7278,0.00998645168764533
7279,0.00998645168764533
7280,0.00998645168764533
7281,0.00998645168764533
7282,0.00998645168764533
7283,0.00998645168764533
7284,0.00998645168764533
7285,0.00998645168764533
7286,0.00998645168764533
7287,0.00998645168764533
7288,0.00998645168764533
7289,0.00998645168764533
7290,0.00998645168764533
7291,0.00998645168764533
7292,0.00998645168764533
7293,0.00998645168764533
7294,0.00998645168764533
7295,0.00998645168764533
7296,0.00998645168764533
7297,0.00998645168764533
7298,0.00998645168764533
7299,0.00998645168764533
7300,0.00998645168764533
7301,0.00998645168764533
7302,0.00998645168764533
7303,0.00998645168764533
7304,0.00998645168764533
7305,0.00998645168764533
7306,0.00998645168764533
7307,0.00998645168764533
7308,0.00998645168764533
7309,0.00998645168764533
7310,0.00998645168764533
7311,0.00998645168764533
7312,0.00998645168764533
7313,0.00998645168764533
7314,0.00998645168764533
7315,0.00998645168764533
7316,0.00998645168764533
7317,0.00998645168764533
7318,0.00998645168764533
7319,0.00998645168764533
7320,0.00998645168764533
7321,0.00998645168764533
7322,0.00998645168764533
7323,0.00998645168764533
7324,0.00998645168764533
7325,0.00998645168764533
7326,0.00998645168764533
7327,0.00998645168764533
7328,0.00998645168764533
7329,0.00998645168764533
7330,0.00998645168764533
7331,0.00998645168764533
7332,0.00998645168764533
7333,0.00998645168764533
7334,0.00998645168764533
7335,0.00998645168764533
7336,0.00998645168764533
7337,0.00998645168764533
7338,0.00998645168764533
7339,0.00998645168764533
7340,0.00998645168764533
7341,0.00998645168764533
7342,0.00998645168764533
7343,0.00998645168764533
7344,0.00998645168764533
7345,0.00998645168764533
7346,0.00998645168764533
7347,0.00998645168764533
7348,0.00998645168764533
7349,0.00998645168764533
7350,0.00998645168764533
7351,0.00998645168764533
7352,0.00998645168764533
7353,0.00998645168764533
7354,0.00998645168764533
7355,0.00998645168764533
7356,0.00998645168764533
7357,0.00998645168764533
7358,0.00998645168764533
7359,0.00998645168764533
7360,0.00998645168764533
7361,0.00998645168764533
7362,0.00998645168764533
7363,0.00998645168764533
7364,0.00998645168764533
7365,0.00998645168764533
7366,0.00998645168764533
7367,0.00998645168764533
7368,0.00998645168764533
7369,0.00998645168764533
7370,0.00998645168764533
7371,0.00998645168764533
7372,0.00998645168764533
7373,0.00998645168764533
7374,0.00998645168764533
7375,0.00998645168764533
7376,0.00998645168764533
7377,0.00998645168764533
7378,0.00998645168764533
7379,0.00998645168764533
7380,0.00998645168764533
7381,0.00998645168764533
7382,0.00998645168764533
7383,0.00998645168764533
7384,0.00998645168764533
7385,0.00998645168764533
7386,0.00998645168764533
7387,0.00998645168764533
7388,0.00998645168764533
7389,0.00998645168764533
7390,0.00998645168764533
7391,0.00998645168764533
7392,0.00998645168764533
7393,0.00998645168764533
7394,0.00998645168764533
7395,0.00998645168764533
7396,0.00998645168764533
7397,0.00998645168764533
7398,0.00998645168764533
7399,0.00998645168764533
7400,0.00998645168764533
7401,0.00998645168764533
7402,0.00998645168764533
7403,0.00998645168764533
7404,0.00998645168764533
7405,0.00998645168764533
7406,0.00998645168764533
7407,0.00998645168764533
7408,0.00998645168764533
7409,0.00998645168764533
7410,0.00998645168764533
7411,0.00998645168764533
7412,0.00998645168764533
7413,0.00998645168764533
7414,0.00998645168764533
7415,0.00998645168764533
7416,0.00998645168764533
7417,0.00998645168764533
7418,0.00998645168764533
7419,0.00998645168764533
7420,0.00998645168764533
7421,0.00998645168764533
7422,0.00998645168764533
7423,0.00998645168764533
7424,0.00998645168764533
7425,0.00998645168764533
7426,0.00998645168764533
7427,0.00998645168764533
7428,0.00998645168764533
7429,0.00998645168764533
7430,0.00998645168764533
7431,0.00998645168764533
7432,0.00998645168764533
7433,0.00998645168764533
7434,0.00998645168764533
7435,0.00998645168764533
7436,0.00998645168764533
7437,0.00998645168764533
7438,0.00998645168764533
7439,0.00998645168764533
7440,0.00998645168764533
7441,0.00998645168764533
7442,0.00998645168764533
7443,0.00998645168764533
7444,0.00998645168764533
7445,0.00998645168764533
7446,0.00998645168764533
7447,0.00998645168764533
7448,0.00998645168764533
7449,0.00998645168764533
7450,0.00998645168764533
7451,0.00998645168764533
7452,0.00998645168764533
7453,0.00998645168764533
7454,0.00998645168764533
7455,0.00998645168764533
7456,0.00998645168764533
7457,0.00998645168764533
7458,0.00998645168764533
7459,0.00998645168764533
7460,0.00998645168764533
7461,0.00998645168764533
7462,0.00998645168764533
7463,0.00998645168764533
7464,0.00998645168764533
7465,0.00998645168764533
7466,0.00998645168764533
7467,0.00998645168764533
7468,0.00998645168764533
7469,0.00998645168764533
7470,0.00998645168764533
7471,0.00998645168764533
7472,0.00998645168764533
7473,0.00998645168764533
7474,0.00998645168764533
7475,0.00998645168764533
7476,0.00998645168764533
7477,0.00998645168764533
7478,0.00998645168764533
7479,0.00998645168764533
7480,0.00998645168764533
7481,0.00998645168764533
7482,0.00998645168764533
7483,0.00998645168764533
7484,0.00998645168764533
7485,0.00998645168764533
7486,0.00998645168764533
7487,0.00998645168764533
7488,0.00998645168764533
7489,0.00998645168764533
7490,0.00998645168764533
7491,0.00998645168764533
7492,0.00998645168764533
7493,0.00998645168764533
7494,0.00998645168764533
7495,0.00998645168764533
7496,0.00998645168764533
7497,0.00998645168764533
7498,0.00998645168764533
7499,0.00998645168764533
7500,0.00998645168764533
7501,0.00998645168764533
7502,0.00998645168764533
7503,0.00998645168764533
7504,0.00998645168764533
7505,0.00998645168764533
7506,0.00998645168764533
7507,0.00998645168764533
7508,0.00998645168764533
7509,0.00998645168764533
7510,0.00998645168764533
7511,0.00998645168764533
7512,0.00998645168764533
7513,0.00998645168764533
7514,0.00998645168764533
7515,0.00998645168764533
7516,0.00998645168764533
7517,0.00998645168764533
7518,0.00998645168764533
7519,0.00998645168764533
7520,0.00998645168764533
7521,0.00998645168764533
7522,0.00998645168764533
7523,0.00998645168764533
7524,0.00998645168764533
7525,0.00998645168764533
7526,0.00998645168764533
7527,0.00998645168764533
7528,0.00998645168764533
7529,0.00998645168764533
7530,0.00998645168764533
7531,0.00998645168764533
7532,0.00998645168764533
7533,0.00998645168764533
7534,0.00998645168764533
7535,0.00998645168764533
7536,0.00998645168764533
7537,0.00998645168764533
7538,0.00998645168764533
7539,0.00998645168764533
7540,0.00998645168764533
7541,0.00998645168764533
7542,0.00998645168764533
7543,0.00998645168764533
7544,0.00998645168764533
7545,0.00998645168764533
7546,0.00998645168764533
7547,0.00998645168764533
7548,0.00998645168764533
7549,0.00998645168764533
7550,0.00998645168764533
7551,0.00998645168764533
7552,0.00998645168764533
7553,0.00998645168764533
7554,0.00998645168764533
7555,0.00998645168764533
7556,0.00998645168764533
7557,0.00998645168764533
7558,0.00998645168764533
7559,0.00998645168764533
7560,0.00998645168764533
7561,0.00998645168764533
7562,0.00998645168764533
7563,0.00998645168764533
7564,0.00998645168764533
7565,0.00998645168764533
7566,0.00998645168764533
7567,0.00998645168764533
7568,0.00998645168764533
7569,0.00998645168764533
7570,0.00998645168764533
7571,0.00998645168764533
7572,0.00998645168764533
7573,0.00998645168764533
7574,0.00998645168764533
7575,0.00998645168764533
7576,0.00998645168764533
7577,0.00998645168764533
7578,0.00998645168764533
7579,0.00998645168764533
7580,0.00998645168764533
7581,0.00998645168764533
7582,0.00998645168764533
7583,0.00998645168764533
7584,0.00998645168764533
7585,0.00998645168764533
7586,0.00998645168764533
7587,0.00998645168764533
7588,0.00998645168764533
7589,0.00998645168764533
7590,0.00998645168764533
7591,0.00998645168764533
7592,0.00998645168764533
7593,0.00998645168764533
7594,0.00998645168764533
7595,0.00998645168764533
7596,0.00998645168764533
7597,0.00998645168764533
7598,0.00998645168764533
7599,0.00998645168764533
7600,0.00998645168764533
7601,0.00998645168764533
7602,0.00998645168764533
7603,0.00998645168764533
7604,0.00998645168764533
7605,0.00998645168764533
7606,0.00998645168764533
7607,0.00998645168764533
7608,0.00998645168764533
7609,0.00998645168764533
7610,0.00998645168764533
7611,0.00998645168764533
7612,0.00998645168764533
7613,0.00998645168764533
7614,0.00998645168764533
7615,0.00998645168764533
7616,0.00998645168764533
7617,0.00998645168764533
7618,0.00998645168764533
7619,0.00998645168764533
7620,0.00998645168764533
7621,0.00998645168764533
7622,0.00998645168764533
7623,0.00998645168764533
7624,0.00998645168764533
7625,0.00998645168764533
7626,0.00998645168764533
7627,0.00998645168764533
7628,0.00998645168764533
7629,0.00998645168764533
7630,0.00998645168764533
7631,0.00998645168764533
7632,0.00998645168764533
7633,0.00998645168764533
7634,0.00998645168764533
7635,0.00998645168764533
7636,0.00998645168764533
7637,0.00998645168764533
7638,0.00998645168764533
7639,0.00998645168764533
7640,0.00998645168764533
7641,0.00998645168764533
7642,0.00998645168764533
7643,0.00998645168764533
7644,0.00998645168764533
7645,0.00998645168764533
7646,0.00998645168764533
7647,0.00998645168764533
7648,0.00998645168764533
7649,0.00998645168764533
7650,0.00998645168764533
7651,0.00998645168764533
7652,0.00998645168764533
7653,0.00998645168764533
7654,0.00998645168764533
7655,0.00998645168764533
7656,0.00998645168764533
7657,0.00998645168764533
7658,0.00998645168764533
7659,0.00998645168764533
7660,0.00998645168764533
7661,0.00998645168764533
7662,0.00998645168764533
7663,0.00998645168764533
7664,0.00998645168764533
7665,0.00998645168764533
7666,0.00998645168764533
7667,0.00998645168764533
7668,0.00998645168764533
7669,0.00998645168764533
7670,0.00998645168764533
7671,0.00998645168764533
7672,0.00998645168764533
7673,0.00998645168764533
7674,0.00998645168764533
7675,0.00998645168764533
7676,0.00998645168764533
7677,0.00998645168764533
7678,0.00998645168764533
7679,0.00998645168764533
7680,0.00998645168764533
7681,0.00998645168764533
7682,0.00998645168764533
7683,0.00998645168764533
7684,0.00998645168764533
7685,0.00998645168764533
7686,0.00998645168764533
7687,0.00998645168764533
7688,0.00998645168764533
7689,0.00998645168764533
7690,0.00998645168764533
7691,0.00998645168764533
7692,0.00998645168764533
7693,0.00998645168764533
7694,0.00998645168764533
7695,0.00998645168764533
7696,0.00998645168764533
7697,0.00998645168764533
7698,0.00998645168764533
7699,0.00998645168764533
7700,0.00998645168764533
7701,0.00998645168764533
7702,0.00998645168764533
7703,0.00998645168764533
7704,0.00998645168764533
7705,0.00998645168764533
7706,0.00998645168764533
7707,0.00998645168764533
7708,0.00998645168764533
7709,0.00998645168764533
7710,0.00998645168764533
7711,0.00998645168764533
7712,0.00998645168764533
7713,0.00998645168764533
7714,0.00998645168764533
7715,0.00998645168764533
7716,0.00998645168764533
7717,0.00998645168764533
7718,0.00998645168764533
7719,0.00998645168764533
7720,0.00998645168764533
7721,0.00998645168764533
7722,0.00998645168764533
7723,0.00998645168764533
7724,0.00998645168764533
7725,0.00998645168764533
7726,0.00998645168764533
7727,0.00998645168764533
7728,0.00998645168764533
7729,0.00998645168764533
7730,0.00998645168764533
7731,0.00998645168764533
7732,0.00998645168764533
7733,0.00998645168764533
7734,0.00998645168764533
7735,0.00998645168764533
7736,0.00998645168764533
7737,0.00998645168764533
7738,0.00998645168764533
7739,0.00998645168764533
7740,0.00998645168764533
7741,0.00998645168764533
7742,0.00998645168764533
7743,0.00998645168764533
7744,0.00998645168764533
7745,0.00998645168764533
7746,0.00998645168764533
7747,0.00998645168764533
7748,0.00998645168764533
7749,0.00998645168764533
7750,0.00998645168764533
7751,0.00998645168764533
7752,0.00998645168764533
7753,0.00998645168764533
7754,0.00998645168764533
7755,0.00998645168764533
7756,0.00998645168764533
7757,0.00998645168764533
7758,0.00998645168764533
7759,0.00998645168764533
7760,0.00998645168764533
7761,0.00998645168764533
7762,0.00998645168764533
7763,0.00998645168764533
7764,0.00998645168764533
7765,0.00998645168764533
7766,0.00998645168764533
7767,0.00998645168764533
7768,0.00998645168764533
7769,0.00998645168764533
7770,0.00998645168764533
7771,0.00998645168764533
7772,0.00998645168764533
7773,0.00998645168764533
7774,0.00998645168764533
7775,0.00998645168764533
7776,0.00998645168764533
7777,0.00998645168764533
7778,0.00998645168764533
7779,0.00998645168764533
7780,0.00998645168764533
7781,0.00998645168764533
7782,0.00998645168764533
7783,0.00998645168764533
7784,0.00998645168764533
7785,0.00998645168764533
7786,0.00998645168764533
7787,0.00998645168764533
7788,0.00998645168764533
7789,0.00998645168764533
7790,0.00998645168764533
7791,0.00998645168764533
7792,0.00998645168764533
7793,0.00998645168764533
7794,0.00998645168764533
7795,0.00998645168764533
7796,0.00998645168764533
7797,0.00998645168764533
7798,0.00998645168764533
7799,0.00998645168764533
7800,0.00998645168764533
7801,0.00998645168764533
7802,0.00998645168764533
7803,0.00998645168764533
7804,0.00998645168764533
7805,0.00998645168764533
7806,0.00998645168764533
7807,0.00998645168764533
7808,0.00998645168764533
7809,0.00998645168764533
7810,0.00998645168764533
7811,0.00998645168764533
7812,0.00998645168764533
7813,0.00998645168764533
7814,0.00998645168764533
7815,0.00998645168764533
7816,0.00998645168764533
7817,0.00998645168764533
7818,0.00998645168764533
7819,0.00998645168764533
7820,0.00998645168764533
7821,0.00998645168764533
7822,0.00998645168764533
7823,0.00998645168764533
7824,0.00998645168764533
7825,0.00998645168764533
7826,0.00998645168764533
7827,0.00998645168764533
7828,0.00998645168764533
7829,0.00998645168764533
7830,0.00998645168764533
7831,0.00998645168764533
7832,0.00998645168764533
7833,0.00998645168764533
7834,0.00998645168764533
7835,0.00998645168764533
7836,0.00998645168764533
7837,0.00998645168764533
7838,0.00998645168764533
7839,0.00998645168764533
7840,0.00998645168764533
7841,0.00998645168764533
7842,0.00998645168764533
7843,0.00998645168764533
7844,0.00998645168764533
7845,0.00998645168764533
7846,0.00998645168764533
7847,0.00998645168764533
7848,0.00998645168764533
7849,0.00998645168764533
7850,0.00998645168764533
7851,0.00998645168764533
7852,0.00998645168764533
7853,0.00998645168764533
7854,0.00998645168764533
7855,0.00998645168764533
7856,0.00998645168764533
7857,0.00998645168764533
7858,0.00998645168764533
7859,0.00998645168764533
7860,0.00998645168764533
7861,0.00998645168764533
7862,0.00998645168764533
7863,0.00998645168764533
7864,0.00998645168764533
7865,0.00998645168764533
7866,0.00998645168764533
7867,0.00998645168764533
7868,0.00998645168764533
7869,0.00998645168764533
7870,0.00998645168764533
7871,0.00998645168764533
7872,0.00998645168764533
7873,0.00998645168764533
7874,0.00998645168764533
7875,0.00998645168764533
7876,0.00998645168764533
7877,0.00998645168764533
7878,0.00998645168764533
7879,0.00998645168764533
7880,0.00998645168764533
7881,0.00998645168764533
7882,0.00998645168764533
7883,0.00998645168764533
7884,0.00998645168764533
7885,0.00998645168764533
7886,0.00998645168764533
7887,0.00998645168764533
7888,0.00998645168764533
7889,0.00998645168764533
7890,0.00998645168764533
7891,0.00998645168764533
7892,0.00998645168764533
7893,0.00998645168764533
7894,0.00998645168764533
7895,0.00998645168764533
7896,0.00998645168764533
7897,0.00998645168764533
7898,0.00998645168764533
7899,0.00998645168764533
7900,0.00998645168764533
7901,0.00998645168764533
7902,0.00998645168764533
7903,0.00998645168764533
7904,0.00998645168764533
7905,0.00998645168764533
7906,0.00998645168764533
7907,0.00998645168764533
7908,0.00998645168764533
7909,0.00998645168764533
7910,0.00998645168764533
7911,0.00998645168764533
7912,0.00998645168764533
7913,0.00998645168764533
7914,0.00998645168764533
7915,0.00998645168764533
7916,0.00998645168764533
7917,0.00998645168764533
7918,0.00998645168764533
7919,0.00998645168764533
7920,0.00998645168764533
7921,0.00998645168764533
7922,0.00998645168764533
7923,0.00998645168764533
7924,0.00998645168764533
7925,0.00998645168764533
7926,0.00998645168764533
7927,0.00998645168764533
7928,0.00998645168764533
7929,0.00998645168764533
7930,0.00998645168764533
7931,0.00998645168764533
7932,0.00998645168764533
7933,0.00998645168764533
7934,0.00998645168764533
7935,0.00998645168764533
7936,0.00998645168764533
7937,0.00998645168764533
7938,0.00998645168764533
7939,0.00998645168764533
7940,0.00998645168764533
7941,0.00998645168764533
7942,0.00998645168764533
7943,0.00998645168764533
7944,0.00998645168764533
7945,0.00998645168764533
7946,0.00998645168764533
7947,0.00998645168764533
7948,0.00998645168764533
7949,0.00998645168764533
7950,0.00998645168764533
7951,0.00998645168764533
7952,0.00998645168764533
7953,0.00998645168764533
7954,0.00998645168764533
7955,0.00998645168764533
7956,0.00998645168764533
7957,0.00998645168764533
7958,0.00998645168764533
7959,0.00998645168764533
7960,0.00998645168764533
7961,0.00998645168764533
7962,0.00998645168764533
7963,0.00998645168764533
7964,0.00998645168764533
7965,0.00998645168764533
7966,0.00998645168764533
7967,0.00998645168764533
7968,0.00998645168764533
7969,0.00998645168764533
7970,0.00998645168764533
7971,0.00998645168764533
7972,0.00998645168764533
7973,0.00998645168764533
7974,0.00998645168764533
7975,0.00998645168764533
7976,0.00998645168764533
7977,0.00998645168764533
7978,0.00998645168764533
7979,0.00998645168764533
7980,0.00998645168764533
7981,0.00998645168764533
7982,0.00998645168764533
7983,0.00998645168764533
7984,0.00998645168764533
7985,0.00998645168764533
7986,0.00998645168764533
7987,0.00998645168764533
7988,0.00998645168764533
7989,0.00998645168764533
7990,0.00998645168764533
7991,0.00998645168764533
7992,0.00998645168764533
7993,0.00998645168764533
7994,0.00998645168764533
7995,0.00998645168764533
7996,0.00998645168764533
7997,0.00998645168764533
7998,0.00998645168764533
7999,0.00998645168764533
8000,0.00998645168764533
8001,0.00998645168764533
8002,0.00998645168764533
8003,0.00998645168764533
8004,0.00998645168764533
8005,0.00998645168764533
8006,0.00998645168764533
8007,0.00998645168764533
8008,0.00998645168764533
8009,0.00998645168764533
8010,0.00998645168764533
8011,0.00998645168764533
8012,0.00998645168764533
8013,0.00998645168764533
8014,0.00998645168764533
8015,0.00998645168764533
8016,0.00998645168764533
8017,0.00998645168764533
8018,0.00998645168764533
8019,0.00998645168764533
8020,0.00998645168764533
8021,0.00998645168764533
8022,0.00998645168764533
8023,0.00998645168764533
8024,0.00998645168764533
8025,0.00998645168764533
8026,0.00998645168764533
8027,0.00998645168764533
8028,0.00998645168764533
8029,0.00998645168764533
8030,0.00998645168764533
8031,0.00998645168764533
8032,0.00998645168764533
8033,0.00998645168764533
8034,0.00998645168764533
8035,0.00998645168764533
8036,0.00998645168764533
8037,0.00998645168764533
8038,0.00998645168764533
8039,0.00998645168764533
8040,0.00998645168764533
8041,0.00998645168764533
8042,0.00998645168764533
8043,0.00998645168764533
8044,0.00998645168764533
8045,0.00998645168764533
8046,0.00998645168764533
8047,0.00998645168764533
8048,0.00998645168764533
8049,0.00998645168764533
8050,0.00998645168764533
8051,0.00998645168764533
8052,0.00998645168764533
8053,0.00998645168764533
8054,0.00998645168764533
8055,0.00998645168764533
8056,0.00998645168764533
8057,0.00998645168764533
8058,0.00998645168764533
8059,0.00998645168764533
8060,0.00998645168764533
8061,0.00998645168764533
8062,0.00998645168764533
8063,0.00998645168764533
8064,0.00998645168764533
8065,0.00998645168764533
8066,0.00998645168764533
8067,0.00998645168764533
8068,0.00998645168764533
8069,0.00998645168764533
8070,0.00998645168764533
8071,0.00998645168764533
8072,0.00998645168764533
8073,0.00998645168764533
8074,0.00998645168764533
8075,0.00998645168764533
8076,0.00998645168764533
8077,0.00998645168764533
8078,0.00998645168764533
8079,0.00998645168764533
8080,0.00998645168764533
8081,0.00998645168764533
8082,0.00998645168764533
8083,0.00998645168764533
8084,0.00998645168764533
8085,0.00998645168764533
8086,0.00998645168764533
8087,0.00998645168764533
8088,0.00998645168764533
8089,0.00998645168764533
8090,0.00998645168764533
8091,0.00998645168764533
8092,0.00998645168764533
8093,0.00998645168764533
8094,0.00998645168764533
8095,0.00998645168764533
8096,0.00998645168764533
8097,0.00998645168764533
8098,0.00998645168764533
8099,0.00998645168764533
8100,0.00998645168764533
8101,0.00998645168764533
8102,0.00998645168764533
8103,0.00998645168764533
8104,0.00998645168764533
8105,0.00998645168764533
8106,0.00998645168764533
8107,0.00998645168764533
8108,0.00998645168764533
8109,0.00998645168764533
8110,0.00998645168764533
8111,0.00998645168764533
8112,0.00998645168764533
8113,0.00998645168764533
8114,0.00998645168764533
8115,0.00998645168764533
8116,0.00998645168764533
8117,0.00998645168764533
8118,0.00998645168764533
8119,0.00998645168764533
8120,0.00998645168764533
8121,0.00998645168764533
8122,0.00998645168764533
8123,0.00998645168764533
8124,0.00998645168764533
8125,0.00998645168764533
8126,0.00998645168764533
8127,0.00998645168764533
8128,0.00998645168764533
8129,0.00998645168764533
8130,0.00998645168764533
8131,0.00998645168764533
8132,0.00998645168764533
8133,0.00998645168764533
8134,0.00998645168764533
8135,0.00998645168764533
8136,0.00998645168764533
8137,0.00998645168764533
8138,0.00998645168764533
8139,0.00998645168764533
8140,0.00998645168764533
8141,0.00998645168764533
8142,0.00998645168764533
8143,0.00998645168764533
8144,0.00998645168764533
8145,0.00998645168764533
8146,0.00998645168764533
8147,0.00998645168764533
8148,0.00998645168764533
8149,0.00998645168764533
8150,0.00998645168764533
8151,0.00998645168764533
8152,0.00998645168764533
8153,0.00998645168764533
8154,0.00998645168764533
8155,0.00998645168764533
8156,0.00998645168764533
8157,0.00998645168764533
8158,0.00998645168764533
8159,0.00998645168764533
8160,0.00998645168764533
8161,0.00998645168764533
8162,0.00998645168764533
8163,0.00998645168764533
8164,0.00998645168764533
8165,0.00998645168764533
8166,0.00998645168764533
8167,0.00998645168764533
8168,0.00998645168764533
8169,0.00998645168764533
8170,0.00998645168764533
8171,0.00998645168764533
8172,0.00998645168764533
8173,0.00998645168764533
8174,0.00998645168764533
8175,0.00998645168764533
8176,0.00998645168764533
8177,0.00998645168764533
8178,0.00998645168764533
8179,0.00998645168764533
8180,0.00998645168764533
8181,0.00998645168764533
8182,0.00998645168764533
8183,0.00998645168764533
8184,0.00998645168764533
8185,0.00998645168764533
8186,0.00998645168764533
8187,0.00998645168764533
8188,0.00998645168764533
8189,0.00998645168764533
8190,0.00998645168764533
8191,0.00998645168764533
8192,0.00998645168764533
8193,0.00998645168764533
8194,0.00998645168764533
8195,0.00998645168764533
8196,0.00998645168764533
8197,0.00998645168764533
8198,0.00998645168764533
8199,0.00998645168764533
8200,0.00998645168764533
8201,0.00998645168764533
8202,0.00998645168764533
8203,0.00998645168764533
8204,0.00998645168764533
8205,0.00998645168764533
8206,0.00998645168764533
8207,0.00998645168764533
8208,0.00998645168764533
8209,0.00998645168764533
8210,0.00998645168764533
8211,0.00998645168764533
8212,0.00998645168764533
8213,0.00998645168764533
8214,0.00998645168764533
8215,0.00998645168764533
8216,0.00998645168764533
8217,0.00998645168764533
8218,0.00998645168764533
8219,0.00998645168764533
8220,0.00998645168764533
8221,0.00998645168764533
8222,0.00998645168764533
8223,0.00998645168764533
8224,0.00998645168764533
8225,0.00998645168764533
8226,0.00998645168764533
8227,0.00998645168764533
8228,0.00998645168764533
8229,0.00998645168764533
8230,0.00998645168764533
8231,0.00998645168764533
8232,0.00998645168764533
8233,0.00998645168764533
8234,0.00998645168764533
8235,0.00998645168764533
8236,0.00998645168764533
8237,0.00998645168764533
8238,0.00998645168764533
8239,0.00998645168764533
8240,0.00998645168764533
8241,0.00998645168764533
8242,0.00998645168764533
8243,0.00998645168764533
8244,0.00998645168764533
8245,0.00998645168764533
8246,0.00998645168764533
8247,0.00998645168764533
8248,0.00998645168764533
8249,0.00998645168764533
8250,0.00998645168764533
8251,0.00998645168764533
8252,0.00998645168764533
8253,0.00998645168764533
8254,0.00998645168764533
8255,0.00998645168764533
8256,0.00998645168764533
8257,0.00998645168764533
8258,0.00998645168764533
8259,0.00998645168764533
8260,0.00998645168764533
8261,0.00998645168764533
8262,0.00998645168764533
8263,0.00998645168764533
8264,0.00998645168764533
8265,0.00998645168764533
8266,0.00998645168764533
8267,0.00998645168764533
8268,0.00998645168764533
8269,0.00998645168764533
8270,0.00998645168764533
8271,0.00998645168764533
8272,0.00998645168764533
8273,0.00998645168764533
8274,0.00998645168764533
8275,0.00998645168764533
8276,0.00998645168764533
8277,0.00998645168764533
8278,0.00998645168764533
8279,0.00998645168764533
8280,0.00998645168764533
8281,0.00998645168764533
8282,0.00998645168764533
8283,0.00998645168764533
8284,0.00998645168764533
8285,0.00998645168764533
8286,0.00998645168764533
8287,0.00998645168764533
8288,0.00998645168764533
8289,0.00998645168764533
8290,0.00998645168764533
8291,0.00998645168764533
8292,0.00998645168764533
8293,0.00998645168764533
8294,0.00998645168764533
8295,0.00998645168764533
8296,0.00998645168764533
8297,0.00998645168764533
8298,0.00998645168764533
8299,0.00998645168764533
8300,0.00998645168764533
8301,0.00998645168764533
8302,0.00998645168764533
8303,0.00998645168764533
8304,0.00998645168764533
8305,0.00998645168764533
8306,0.00998645168764533
8307,0.00998645168764533
8308,0.00998645168764533
8309,0.00998645168764533
8310,0.00998645168764533
8311,0.00998645168764533
8312,0.00998645168764533
8313,0.00998645168764533
8314,0.00998645168764533
8315,0.00998645168764533
8316,0.00998645168764533
8317,0.00998645168764533
8318,0.00998645168764533
8319,0.00998645168764533
8320,0.00998645168764533
8321,0.00998645168764533
8322,0.00998645168764533
8323,0.00998645168764533
8324,0.00998645168764533
8325,0.00998645168764533
8326,0.00998645168764533
8327,0.00998645168764533
8328,0.00998645168764533
8329,0.00998645168764533
8330,0.00998645168764533
8331,0.00998645168764533
8332,0.00998645168764533
8333,0.00998645168764533
8334,0.00998645168764533
8335,0.00998645168764533
8336,0.00998645168764533
8337,0.00998645168764533
8338,0.00998645168764533
8339,0.00998645168764533
8340,0.00998645168764533
8341,0.00998645168764533
8342,0.00998645168764533
8343,0.00998645168764533
8344,0.00998645168764533
8345,0.00998645168764533
8346,0.00998645168764533
8347,0.00998645168764533
8348,0.00998645168764533
8349,0.00998645168764533
8350,0.00998645168764533
8351,0.00998645168764533
8352,0.00998645168764533
8353,0.00998645168764533
8354,0.00998645168764533
8355,0.00998645168764533
8356,0.00998645168764533
8357,0.00998645168764533
8358,0.00998645168764533
8359,0.00998645168764533
8360,0.00998645168764533
8361,0.00998645168764533
8362,0.00998645168764533
8363,0.00998645168764533
8364,0.00998645168764533
8365,0.00998645168764533
8366,0.00998645168764533
8367,0.00998645168764533
8368,0.00998645168764533
8369,0.00998645168764533
8370,0.00998645168764533
8371,0.00998645168764533
8372,0.00998645168764533
8373,0.00998645168764533
8374,0.00998645168764533
8375,0.00998645168764533
8376,0.00998645168764533
8377,0.00998645168764533
8378,0.00998645168764533
8379,0.00998645168764533
8380,0.00998645168764533
8381,0.00998645168764533
8382,0.00998645168764533
8383,0.00998645168764533
8384,0.00998645168764533
8385,0.00998645168764533
8386,0.00998645168764533
8387,0.00998645168764533
8388,0.00998645168764533
8389,0.00998645168764533
8390,0.00998645168764533
8391,0.00998645168764533
8392,0.00998645168764533
8393,0.00998645168764533
8394,0.00998645168764533
8395,0.00998645168764533
8396,0.00998645168764533
8397,0.00998645168764533
8398,0.00998645168764533
8399,0.00998645168764533
8400,0.00998645168764533
8401,0.00998645168764533
8402,0.00998645168764533
8403,0.00998645168764533
8404,0.00998645168764533
8405,0.00998645168764533
8406,0.00998645168764533
8407,0.00998645168764533
8408,0.00998645168764533
8409,0.00998645168764533
8410,0.00998645168764533
8411,0.00998645168764533
8412,0.00998645168764533
8413,0.00998645168764533
8414,0.00998645168764533
8415,0.00998645168764533
8416,0.00998645168764533
8417,0.00998645168764533
8418,0.00998645168764533
8419,0.00998645168764533
8420,0.00998645168764533
8421,0.00998645168764533
8422,0.00998645168764533
8423,0.00998645168764533
8424,0.00998645168764533
8425,0.00998645168764533
8426,0.00998645168764533
8427,0.00998645168764533
8428,0.00998645168764533
8429,0.00998645168764533
8430,0.00998645168764533
8431,0.00998645168764533
8432,0.00998645168764533
8433,0.00998645168764533
8434,0.00998645168764533
8435,0.00998645168764533
8436,0.00998645168764533
8437,0.00998645168764533
8438,0.00998645168764533
8439,0.00998645168764533
8440,0.00998645168764533
8441,0.00998645168764533
8442,0.00998645168764533
8443,0.00998645168764533
8444,0.00998645168764533
8445,0.00998645168764533
8446,0.00998645168764533
8447,0.00998645168764533
8448,0.00998645168764533
8449,0.00998645168764533
8450,0.00998645168764533
8451,0.00998645168764533
8452,0.00998645168764533
8453,0.00998645168764533
8454,0.00998645168764533
8455,0.00998645168764533
8456,0.00998645168764533
8457,0.00998645168764533
8458,0.00998645168764533
8459,0.00998645168764533
8460,0.00998645168764533
8461,0.00998645168764533
8462,0.00998645168764533
8463,0.00998645168764533
8464,0.00998645168764533
8465,0.00998645168764533
8466,0.00998645168764533
8467,0.00998645168764533
8468,0.00998645168764533
8469,0.00998645168764533
8470,0.00998645168764533
8471,0.00998645168764533
8472,0.00998645168764533
8473,0.00998645168764533
8474,0.00998645168764533
8475,0.00998645168764533
8476,0.00998645168764533
8477,0.00998645168764533
8478,0.00998645168764533
8479,0.00998645168764533
8480,0.00998645168764533
8481,0.00998645168764533
8482,0.00998645168764533
8483,0.00998645168764533
8484,0.00998645168764533
8485,0.00998645168764533
8486,0.00998645168764533
8487,0.00998645168764533
8488,0.00998645168764533
8489,0.00998645168764533
8490,0.00998645168764533
8491,0.00998645168764533
8492,0.00998645168764533
8493,0.00998645168764533
8494,0.00998645168764533
8495,0.00998645168764533
8496,0.00998645168764533
8497,0.00998645168764533
8498,0.00998645168764533
8499,0.00998645168764533
8500,0.00998645168764533
8501,0.00998645168764533
8502,0.00998645168764533
8503,0.00998645168764533
8504,0.00998645168764533
8505,0.00998645168764533
8506,0.00998645168764533
8507,0.00998645168764533
8508,0.00998645168764533
8509,0.00998645168764533
8510,0.00998645168764533
8511,0.00998645168764533
8512,0.00998645168764533
8513,0.00998645168764533
8514,0.00998645168764533
8515,0.00998645168764533
8516,0.00998645168764533
8517,0.00998645168764533
8518,0.00998645168764533
8519,0.00998645168764533
8520,0.00998645168764533
8521,0.00998645168764533
8522,0.00998645168764533
8523,0.00998645168764533
8524,0.00998645168764533
8525,0.00998645168764533
8526,0.00998645168764533
8527,0.00998645168764533
8528,0.00998645168764533
8529,0.00998645168764533
8530,0.00998645168764533
8531,0.00998645168764533
8532,0.00998645168764533
8533,0.00998645168764533
8534,0.00998645168764533
8535,0.00998645168764533
8536,0.00998645168764533
8537,0.00998645168764533
8538,0.00998645168764533
8539,0.00998645168764533
8540,0.00998645168764533
8541,0.00998645168764533
8542,0.00998645168764533
8543,0.00998645168764533
8544,0.00998645168764533
8545,0.00998645168764533
8546,0.00998645168764533
8547,0.00998645168764533
8548,0.00998645168764533
8549,0.00998645168764533
8550,0.00998645168764533
8551,0.00998645168764533
8552,0.00998645168764533
8553,0.00998645168764533
8554,0.00998645168764533
8555,0.00998645168764533
8556,0.00998645168764533
8557,0.00998645168764533
8558,0.00998645168764533
8559,0.00998645168764533
8560,0.00998645168764533
8561,0.00998645168764533
8562,0.00998645168764533
8563,0.00998645168764533
8564,0.00998645168764533
8565,0.00998645168764533
8566,0.00998645168764533
8567,0.00998645168764533
8568,0.00998645168764533
8569,0.00998645168764533
8570,0.00998645168764533
8571,0.00998645168764533
8572,0.00998645168764533
8573,0.00998645168764533
8574,0.00998645168764533
8575,0.00998645168764533
8576,0.00998645168764533
8577,0.00998645168764533
8578,0.00998645168764533
8579,0.00998645168764533
8580,0.00998645168764533
8581,0.00998645168764533
8582,0.00998645168764533
8583,0.00998645168764533
8584,0.00998645168764533
8585,0.00998645168764533
8586,0.00998645168764533
8587,0.00998645168764533
8588,0.00998645168764533
8589,0.00998645168764533
8590,0.00998645168764533
8591,0.00998645168764533
8592,0.00998645168764533
8593,0.00998645168764533
8594,0.00998645168764533
8595,0.00998645168764533
8596,0.00998645168764533
8597,0.00998645168764533
8598,0.00998645168764533
8599,0.00998645168764533
8600,0.00998645168764533
8601,0.00998645168764533
8602,0.00998645168764533
8603,0.00998645168764533
8604,0.00998645168764533
8605,0.00998645168764533
8606,0.00998645168764533
8607,0.00998645168764533
8608,0.00998645168764533
8609,0.00998645168764533
8610,0.00998645168764533
8611,0.00998645168764533
8612,0.00998645168764533
8613,0.00998645168764533
8614,0.00998645168764533
8615,0.00998645168764533
8616,0.00998645168764533
8617,0.00998645168764533
8618,0.00998645168764533
8619,0.00998645168764533
8620,0.00998645168764533
8621,0.00998645168764533
8622,0.00998645168764533
8623,0.00998645168764533
8624,0.00998645168764533
8625,0.00998645168764533
8626,0.00998645168764533
8627,0.00998645168764533
8628,0.00998645168764533
8629,0.00998645168764533
8630,0.00998645168764533
8631,0.00998645168764533
8632,0.00998645168764533
8633,0.00998645168764533
8634,0.00998645168764533
8635,0.00998645168764533
8636,0.00998645168764533
8637,0.00998645168764533
8638,0.00998645168764533
8639,0.00998645168764533
8640,0.00998645168764533
8641,0.00998645168764533
8642,0.00998645168764533
8643,0.00998645168764533
8644,0.00998645168764533
8645,0.00998645168764533
8646,0.00998645168764533
8647,0.00998645168764533
8648,0.00998645168764533
8649,0.00998645168764533
8650,0.00998645168764533
8651,0.00998645168764533
8652,0.00998645168764533
8653,0.00998645168764533
8654,0.00998645168764533
8655,0.00998645168764533
8656,0.00998645168764533
8657,0.00998645168764533
8658,0.00998645168764533
8659,0.00998645168764533
8660,0.00998645168764533
8661,0.00998645168764533
8662,0.00998645168764533
8663,0.00998645168764533
8664,0.00998645168764533
8665,0.00998645168764533
8666,0.00998645168764533
8667,0.00998645168764533
8668,0.00998645168764533
8669,0.00998645168764533
8670,0.00998645168764533
8671,0.00998645168764533
8672,0.00998645168764533
8673,0.00998645168764533
8674,0.00998645168764533
8675,0.00998645168764533
8676,0.00998645168764533
8677,0.00998645168764533
8678,0.00998645168764533
8679,0.00998645168764533
8680,0.00998645168764533
8681,0.00998645168764533
8682,0.00998645168764533
8683,0.00998645168764533
8684,0.00998645168764533
8685,0.00998645168764533
8686,0.00998645168764533
8687,0.00998645168764533
8688,0.00998645168764533
8689,0.00998645168764533
8690,0.00998645168764533
8691,0.00998645168764533
8692,0.00998645168764533
8693,0.00998645168764533
8694,0.00998645168764533
8695,0.00998645168764533
8696,0.00998645168764533
8697,0.00998645168764533
8698,0.00998645168764533
8699,0.00998645168764533
8700,0.00998645168764533
8701,0.00998645168764533
8702,0.00998645168764533
8703,0.00998645168764533
8704,0.00998645168764533
8705,0.00998645168764533
8706,0.00998645168764533
8707,0.00998645168764533
8708,0.00998645168764533
8709,0.00998645168764533
8710,0.00998645168764533
8711,0.00998645168764533
8712,0.00998645168764533
8713,0.00998645168764533
8714,0.00998645168764533
8715,0.00998645168764533
8716,0.00998645168764533
8717,0.00998645168764533
8718,0.00998645168764533
8719,0.00998645168764533
8720,0.00998645168764533
8721,0.00998645168764533
8722,0.00998645168764533
8723,0.00998645168764533
8724,0.00998645168764533
8725,0.00998645168764533
8726,0.00998645168764533
8727,0.00998645168764533
8728,0.00998645168764533
8729,0.00998645168764533
8730,0.00998645168764533
8731,0.00998645168764533
8732,0.00998645168764533
8733,0.00998645168764533
8734,0.00998645168764533
8735,0.00998645168764533
8736,0.00998645168764533
8737,0.00998645168764533
8738,0.00998645168764533
8739,0.00998645168764533
8740,0.00998645168764533
8741,0.00998645168764533
8742,0.00998645168764533
8743,0.00998645168764533
8744,0.00998645168764533
8745,0.00998645168764533
8746,0.00998645168764533
8747,0.00998645168764533
8748,0.00998645168764533
8749,0.00998645168764533
8750,0.00998645168764533
8751,0.00998645168764533
8752,0.00998645168764533
8753,0.00998645168764533
8754,0.00998645168764533
8755,0.00998645168764533
8756,0.00998645168764533
8757,0.00998645168764533
8758,0.00998645168764533
8759,0.00998645168764533
8760,0.00998645168764533
8761,0.00998645168764533
8762,0.00998645168764533
8763,0.00998645168764533
8764,0.00998645168764533
8765,0.00998645168764533
8766,0.00998645168764533
8767,0.00998645168764533
8768,0.00998645168764533
8769,0.00998645168764533
8770,0.00998645168764533
8771,0.00998645168764533
8772,0.00998645168764533
8773,0.00998645168764533
8774,0.00998645168764533
8775,0.00998645168764533
8776,0.00998645168764533
8777,0.00998645168764533
8778,0.00998645168764533
8779,0.00998645168764533
8780,0.00998645168764533
8781,0.00998645168764533
8782,0.00998645168764533
8783,0.00998645168764533
8784,0.00998645168764533
8785,0.00998645168764533
8786,0.00998645168764533
8787,0.00998645168764533
8788,0.00998645168764533
8789,0.00998645168764533
8790,0.00998645168764533
8791,0.00998645168764533
8792,0.00998645168764533
8793,0.00998645168764533
8794,0.00998645168764533
8795,0.00998645168764533
8796,0.00998645168764533
8797,0.00998645168764533
8798,0.00998645168764533
8799,0.00998645168764533
8800,0.00998645168764533
8801,0.00998645168764533
8802,0.00998645168764533
8803,0.00998645168764533
8804,0.00998645168764533
8805,0.00998645168764533
8806,0.00998645168764533
8807,0.00998645168764533
8808,0.00998645168764533
8809,0.00998645168764533
8810,0.00998645168764533
8811,0.00998645168764533
8812,0.00998645168764533
8813,0.00998645168764533
8814,0.00998645168764533
8815,0.00998645168764533
8816,0.00998645168764533
8817,0.00998645168764533
8818,0.00998645168764533
8819,0.00998645168764533
8820,0.00998645168764533
8821,0.00998645168764533
8822,0.00998645168764533
8823,0.00998645168764533
8824,0.00998645168764533
8825,0.00998645168764533
8826,0.00998645168764533
8827,0.00998645168764533
8828,0.00998645168764533
8829,0.00998645168764533
8830,0.00998645168764533
8831,0.00998645168764533
8832,0.00998645168764533
8833,0.00998645168764533
8834,0.00998645168764533
8835,0.00998645168764533
8836,0.00998645168764533
8837,0.00998645168764533
8838,0.00998645168764533
8839,0.00998645168764533
8840,0.00998645168764533
8841,0.00998645168764533
8842,0.00998645168764533
8843,0.00998645168764533
8844,0.00998645168764533
8845,0.00998645168764533
8846,0.00998645168764533
8847,0.00998645168764533
8848,0.00998645168764533
8849,0.00998645168764533
8850,0.00998645168764533
8851,0.00998645168764533
8852,0.00998645168764533
8853,0.00998645168764533
8854,0.00998645168764533
8855,0.00998645168764533
8856,0.00998645168764533
8857,0.00998645168764533
8858,0.00998645168764533
8859,0.00998645168764533
8860,0.00998645168764533
8861,0.00998645168764533
8862,0.00998645168764533
8863,0.00998645168764533
8864,0.00998645168764533
8865,0.00998645168764533
8866,0.00998645168764533
8867,0.00998645168764533
8868,0.00998645168764533
8869,0.00998645168764533
8870,0.00998645168764533
8871,0.00998645168764533
8872,0.00998645168764533
8873,0.00998645168764533
8874,0.00998645168764533
8875,0.00998645168764533
8876,0.00998645168764533
8877,0.00998645168764533
8878,0.00998645168764533
8879,0.00998645168764533
8880,0.00998645168764533
8881,0.00998645168764533
8882,0.00998645168764533
8883,0.00998645168764533
8884,0.00998645168764533
8885,0.00998645168764533
8886,0.00998645168764533
8887,0.00998645168764533
8888,0.00998645168764533
8889,0.00998645168764533
8890,0.00998645168764533
8891,0.00998645168764533
8892,0.00998645168764533
8893,0.00998645168764533
8894,0.00998645168764533
8895,0.00998645168764533
8896,0.00998645168764533
8897,0.00998645168764533
8898,0.00998645168764533
8899,0.00998645168764533
8900,0.00998645168764533
8901,0.00998645168764533
8902,0.00998645168764533
8903,0.00998645168764533
8904,0.00998645168764533
8905,0.00998645168764533
8906,0.00998645168764533
8907,0.00998645168764533
8908,0.00998645168764533
8909,0.00998645168764533
8910,0.00998645168764533
8911,0.00998645168764533
8912,0.00998645168764533
8913,0.00998645168764533
8914,0.00998645168764533
8915,0.00998645168764533
8916,0.00998645168764533
8917,0.00998645168764533
8918,0.00998645168764533
8919,0.00998645168764533
8920,0.00998645168764533
8921,0.00998645168764533
8922,0.00998645168764533
8923,0.00998645168764533
8924,0.00998645168764533
8925,0.00998645168764533
8926,0.00998645168764533
8927,0.00998645168764533
8928,0.00998645168764533
8929,0.00998645168764533
8930,0.00998645168764533
8931,0.00998645168764533
8932,0.00998645168764533
8933,0.00998645168764533
8934,0.00998645168764533
8935,0.00998645168764533
8936,0.00998645168764533
8937,0.00998645168764533
8938,0.00998645168764533
8939,0.00998645168764533
8940,0.00998645168764533
8941,0.00998645168764533
8942,0.00998645168764533
8943,0.00998645168764533
8944,0.00998645168764533
8945,0.00998645168764533
8946,0.00998645168764533
8947,0.00998645168764533
8948,0.00998645168764533
8949,0.00998645168764533
8950,0.00998645168764533
8951,0.00998645168764533
8952,0.00998645168764533
8953,0.00998645168764533
8954,0.00998645168764533
8955,0.00998645168764533
8956,0.00998645168764533
8957,0.00998645168764533
8958,0.00998645168764533
8959,0.00998645168764533
8960,0.00998645168764533
8961,0.00998645168764533
8962,0.00998645168764533
8963,0.00998645168764533
8964,0.00998645168764533
8965,0.00998645168764533
8966,0.00998645168764533
8967,0.00998645168764533
8968,0.00998645168764533
8969,0.00998645168764533
8970,0.00998645168764533
8971,0.00998645168764533
8972,0.00998645168764533
8973,0.00998645168764533
8974,0.00998645168764533
8975,0.00998645168764533
8976,0.00998645168764533
8977,0.00998645168764533
8978,0.00998645168764533
8979,0.00998645168764533
8980,0.00998645168764533
8981,0.00998645168764533
8982,0.00998645168764533
8983,0.00998645168764533
8984,0.00998645168764533
8985,0.00998645168764533
8986,0.00998645168764533
8987,0.00998645168764533
8988,0.00998645168764533
8989,0.00998645168764533
8990,0.00998645168764533
8991,0.00998645168764533
8992,0.00998645168764533
8993,0.00998645168764533
8994,0.00998645168764533
8995,0.00998645168764533
8996,0.00998645168764533
8997,0.00998645168764533
8998,0.00998645168764533
8999,0.00998645168764533
9000,0.00998645168764533
9001,0.00998645168764533
9002,0.00998645168764533
9003,0.00998645168764533
9004,0.00998645168764533
9005,0.00998645168764533
9006,0.00998645168764533
9007,0.00998645168764533
9008,0.00998645168764533
9009,0.00998645168764533
9010,0.00998645168764533
9011,0.00998645168764533
9012,0.00998645168764533
9013,0.00998645168764533
9014,0.00998645168764533
9015,0.00998645168764533
9016,0.00998645168764533
9017,0.00998645168764533
9018,0.00998645168764533
9019,0.00998645168764533
9020,0.00998645168764533
9021,0.00998645168764533
9022,0.00998645168764533
9023,0.00998645168764533
9024,0.00998645168764533
9025,0.00998645168764533
9026,0.00998645168764533
9027,0.00998645168764533
9028,0.00998645168764533
9029,0.00998645168764533
9030,0.00998645168764533
9031,0.00998645168764533
9032,0.00998645168764533
9033,0.00998645168764533
9034,0.00998645168764533
9035,0.00998645168764533
9036,0.00998645168764533
9037,0.00998645168764533
9038,0.00998645168764533
9039,0.00998645168764533
9040,0.00998645168764533
9041,0.00998645168764533
9042,0.00998645168764533
9043,0.00998645168764533
9044,0.00998645168764533
9045,0.00998645168764533
9046,0.00998645168764533
9047,0.00998645168764533
9048,0.00998645168764533
9049,0.00998645168764533
9050,0.00998645168764533
9051,0.00998645168764533
9052,0.00998645168764533
9053,0.00998645168764533
9054,0.00998645168764533
9055,0.00998645168764533
9056,0.00998645168764533
9057,0.00998645168764533
9058,0.00998645168764533
9059,0.00998645168764533
9060,0.00998645168764533
9061,0.00998645168764533
9062,0.00998645168764533
9063,0.00998645168764533
9064,0.00998645168764533
9065,0.00998645168764533
9066,0.00998645168764533
9067,0.00998645168764533
9068,0.00998645168764533
9069,0.00998645168764533
9070,0.00998645168764533
9071,0.00998645168764533
9072,0.00998645168764533
9073,0.00998645168764533
9074,0.00998645168764533
9075,0.00998645168764533
9076,0.00998645168764533
9077,0.00998645168764533
9078,0.00998645168764533
9079,0.00998645168764533
9080,0.00998645168764533
9081,0.00998645168764533
9082,0.00998645168764533
9083,0.00998645168764533
9084,0.00998645168764533
9085,0.00998645168764533
9086,0.00998645168764533
9087,0.00998645168764533
9088,0.00998645168764533
9089,0.00998645168764533
9090,0.00998645168764533
9091,0.00998645168764533
9092,0.00998645168764533
9093,0.00998645168764533
9094,0.00998645168764533
9095,0.00998645168764533
9096,0.00998645168764533
9097,0.00998645168764533
9098,0.00998645168764533
9099,0.00998645168764533
9100,0.00998645168764533
9101,0.00998645168764533
9102,0.00998645168764533
9103,0.00998645168764533
9104,0.00998645168764533
9105,0.00998645168764533
9106,0.00998645168764533
9107,0.00998645168764533
9108,0.00998645168764533
9109,0.00998645168764533
9110,0.00998645168764533
9111,0.00998645168764533
9112,0.00998645168764533
9113,0.00998645168764533
9114,0.00998645168764533
9115,0.00998645168764533
9116,0.00998645168764533
9117,0.00998645168764533
9118,0.00998645168764533
9119,0.00998645168764533
9120,0.00998645168764533
9121,0.00998645168764533
9122,0.00998645168764533
9123,0.00998645168764533
9124,0.00998645168764533
9125,0.00998645168764533
9126,0.00998645168764533
9127,0.00998645168764533
9128,0.00998645168764533
9129,0.00998645168764533
9130,0.00998645168764533
9131,0.00998645168764533
9132,0.00998645168764533
9133,0.00998645168764533
9134,0.00998645168764533
9135,0.00998645168764533
9136,0.00998645168764533
9137,0.00998645168764533
9138,0.00998645168764533
9139,0.00998645168764533
9140,0.00998645168764533
9141,0.00998645168764533
9142,0.00998645168764533
9143,0.00998645168764533
9144,0.00998645168764533
9145,0.00998645168764533
9146,0.00998645168764533
9147,0.00998645168764533
9148,0.00998645168764533
9149,0.00998645168764533
9150,0.00998645168764533
9151,0.00998645168764533
9152,0.00998645168764533
9153,0.00998645168764533
9154,0.00998645168764533
9155,0.00998645168764533
9156,0.00998645168764533
9157,0.00998645168764533
9158,0.00998645168764533
9159,0.00998645168764533
9160,0.00998645168764533
9161,0.00998645168764533
9162,0.00998645168764533
9163,0.00998645168764533
9164,0.00998645168764533
9165,0.00998645168764533
9166,0.00998645168764533
9167,0.00998645168764533
9168,0.00998645168764533
9169,0.00998645168764533
9170,0.00998645168764533
9171,0.00998645168764533
9172,0.00998645168764533
9173,0.00998645168764533
9174,0.00998645168764533
9175,0.00998645168764533
9176,0.00998645168764533
9177,0.00998645168764533
9178,0.00998645168764533
9179,0.00998645168764533
9180,0.00998645168764533
9181,0.00998645168764533
9182,0.00998645168764533
9183,0.00998645168764533
9184,0.00998645168764533
9185,0.00998645168764533
9186,0.00998645168764533
9187,0.00998645168764533
9188,0.00998645168764533
9189,0.00998645168764533
9190,0.00998645168764533
9191,0.00998645168764533
9192,0.00998645168764533
9193,0.00998645168764533
9194,0.00998645168764533
9195,0.00998645168764533
9196,0.00998645168764533
9197,0.00998645168764533
9198,0.00998645168764533
9199,0.00998645168764533
9200,0.00998645168764533
9201,0.00998645168764533
9202,0.00998645168764533
9203,0.00998645168764533
9204,0.00998645168764533
9205,0.00998645168764533
9206,0.00998645168764533
9207,0.00998645168764533
9208,0.00998645168764533
9209,0.00998645168764533
9210,0.00998645168764533
9211,0.00998645168764533
9212,0.00998645168764533
9213,0.00998645168764533
9214,0.00998645168764533
9215,0.00998645168764533
9216,0.00998645168764533
9217,0.00998645168764533
9218,0.00998645168764533
9219,0.00998645168764533
9220,0.00998645168764533
9221,0.00998645168764533
9222,0.00998645168764533
9223,0.00998645168764533
9224,0.00998645168764533
9225,0.00998645168764533
9226,0.00998645168764533
9227,0.00998645168764533
9228,0.00998645168764533
9229,0.00998645168764533
9230,0.00998645168764533
9231,0.00998645168764533
9232,0.00998645168764533
9233,0.00998645168764533
9234,0.00998645168764533
9235,0.00998645168764533
9236,0.00998645168764533
9237,0.00998645168764533
9238,0.00998645168764533
9239,0.00998645168764533
9240,0.00998645168764533
9241,0.00998645168764533
9242,0.00998645168764533
9243,0.00998645168764533
9244,0.00998645168764533
9245,0.00998645168764533
9246,0.00998645168764533
9247,0.00998645168764533
9248,0.00998645168764533
9249,0.00998645168764533
9250,0.00998645168764533
9251,0.00998645168764533
9252,0.00998645168764533
9253,0.00998645168764533
9254,0.00998645168764533
9255,0.00998645168764533
9256,0.00998645168764533
9257,0.00998645168764533
9258,0.00998645168764533
9259,0.00998645168764533
9260,0.00998645168764533
9261,0.00998645168764533
9262,0.00998645168764533
9263,0.00998645168764533
9264,0.00998645168764533
9265,0.00998645168764533
9266,0.00998645168764533
9267,0.00998645168764533
9268,0.00998645168764533
9269,0.00998645168764533
9270,0.00998645168764533
9271,0.00998645168764533
9272,0.00998645168764533
9273,0.00998645168764533
9274,0.00998645168764533
9275,0.00998645168764533
9276,0.00998645168764533
9277,0.00998645168764533
9278,0.00998645168764533
9279,0.00998645168764533
9280,0.00998645168764533
9281,0.00998645168764533
9282,0.00998645168764533
9283,0.00998645168764533
9284,0.00998645168764533
9285,0.00998645168764533
9286,0.00998645168764533
9287,0.00998645168764533
9288,0.00998645168764533
9289,0.00998645168764533
9290,0.00998645168764533
9291,0.00998645168764533
9292,0.00998645168764533
9293,0.00998645168764533
9294,0.00998645168764533
9295,0.00998645168764533
9296,0.00998645168764533
9297,0.00998645168764533
9298,0.00998645168764533
9299,0.00998645168764533
9300,0.00998645168764533
9301,0.00998645168764533
9302,0.00998645168764533
9303,0.00998645168764533
9304,0.00998645168764533
9305,0.00998645168764533
9306,0.00998645168764533
9307,0.00998645168764533
9308,0.00998645168764533
9309,0.00998645168764533
9310,0.00998645168764533
9311,0.00998645168764533
9312,0.00998645168764533
9313,0.00998645168764533
9314,0.00998645168764533
9315,0.00998645168764533
9316,0.00998645168764533
9317,0.00998645168764533
9318,0.00998645168764533
9319,0.00998645168764533
9320,0.00998645168764533
9321,0.00998645168764533
9322,0.00998645168764533
9323,0.00998645168764533
9324,0.00998645168764533
9325,0.00998645168764533
9326,0.00998645168764533
9327,0.00998645168764533
9328,0.00998645168764533
9329,0.00998645168764533
9330,0.00998645168764533
9331,0.00998645168764533
9332,0.00998645168764533
9333,0.00998645168764533
9334,0.00998645168764533
9335,0.00998645168764533
9336,0.00998645168764533
9337,0.00998645168764533
9338,0.00998645168764533
9339,0.00998645168764533
9340,0.00998645168764533
9341,0.00998645168764533
9342,0.00998645168764533
9343,0.00998645168764533
9344,0.00998645168764533
9345,0.00998645168764533
9346,0.00998645168764533
9347,0.00998645168764533
9348,0.00998645168764533
9349,0.00998645168764533
9350,0.00998645168764533
9351,0.00998645168764533
9352,0.00998645168764533
9353,0.00998645168764533
9354,0.00998645168764533
9355,0.00998645168764533
9356,0.00998645168764533
9357,0.00998645168764533
9358,0.00998645168764533
9359,0.00998645168764533
9360,0.00998645168764533
9361,0.00998645168764533
9362,0.00998645168764533
9363,0.00998645168764533
9364,0.00998645168764533
9365,0.00998645168764533
9366,0.00998645168764533
9367,0.00998645168764533
9368,0.00998645168764533
9369,0.00998645168764533
9370,0.00998645168764533
9371,0.00998645168764533
9372,0.00998645168764533
9373,0.00998645168764533
9374,0.00998645168764533
9375,0.00998645168764533
9376,0.00998645168764533
9377,0.00998645168764533
9378,0.00998645168764533
9379,0.00998645168764533
9380,0.00998645168764533
9381,0.00998645168764533
9382,0.00998645168764533
9383,0.00998645168764533
9384,0.00998645168764533
9385,0.00998645168764533
9386,0.00998645168764533
9387,0.00998645168764533
9388,0.00998645168764533
9389,0.00998645168764533
9390,0.00998645168764533
9391,0.00998645168764533
9392,0.00998645168764533
9393,0.00998645168764533
9394,0.00998645168764533
9395,0.00998645168764533
9396,0.00998645168764533
9397,0.00998645168764533
9398,0.00998645168764533
9399,0.00998645168764533
9400,0.00998645168764533
9401,0.00998645168764533
9402,0.00998645168764533
9403,0.00998645168764533
9404,0.00998645168764533
9405,0.00998645168764533
9406,0.00998645168764533
9407,0.00998645168764533
9408,0.00998645168764533
9409,0.00998645168764533
9410,0.00998645168764533
9411,0.00998645168764533
9412,0.00998645168764533
9413,0.00998645168764533
9414,0.00998645168764533
9415,0.00998645168764533
9416,0.00998645168764533
9417,0.00998645168764533
9418,0.00998645168764533
9419,0.00998645168764533
9420,0.00998645168764533
9421,0.00998645168764533
9422,0.00998645168764533
9423,0.00998645168764533
9424,0.00998645168764533
9425,0.00998645168764533
9426,0.00998645168764533
9427,0.00998645168764533
9428,0.00998645168764533
9429,0.00998645168764533
9430,0.00998645168764533
9431,0.00998645168764533
9432,0.00998645168764533
9433,0.00998645168764533
9434,0.00998645168764533
9435,0.00998645168764533
9436,0.00998645168764533
9437,0.00998645168764533
9438,0.00998645168764533
9439,0.00998645168764533
9440,0.00998645168764533
9441,0.00998645168764533
9442,0.00998645168764533
9443,0.00998645168764533
9444,0.00998645168764533
9445,0.00998645168764533
9446,0.00998645168764533
9447,0.00998645168764533
9448,0.00998645168764533
9449,0.00998645168764533
9450,0.00998645168764533
9451,0.00998645168764533
9452,0.00998645168764533
9453,0.00998645168764533
9454,0.00998645168764533
9455,0.00998645168764533
9456,0.00998645168764533
9457,0.00998645168764533
9458,0.00998645168764533
9459,0.00998645168764533
9460,0.00998645168764533
9461,0.00998645168764533
9462,0.00998645168764533
9463,0.00998645168764533
9464,0.00998645168764533
9465,0.00998645168764533
9466,0.00998645168764533
9467,0.00998645168764533
9468,0.00998645168764533
9469,0.00998645168764533
9470,0.00998645168764533
9471,0.00998645168764533
9472,0.00998645168764533
9473,0.00998645168764533
9474,0.00998645168764533
9475,0.00998645168764533
9476,0.00998645168764533
9477,0.00998645168764533
9478,0.00998645168764533
9479,0.00998645168764533
9480,0.00998645168764533
9481,0.00998645168764533
9482,0.00998645168764533
9483,0.00998645168764533
9484,0.00998645168764533
9485,0.00998645168764533
9486,0.00998645168764533
9487,0.00998645168764533
9488,0.00998645168764533
9489,0.00998645168764533
9490,0.00998645168764533
9491,0.00998645168764533
9492,0.00998645168764533
9493,0.00998645168764533
9494,0.00998645168764533
9495,0.00998645168764533
9496,0.00998645168764533
9497,0.00998645168764533
9498,0.00998645168764533
9499,0.00998645168764533
9500,0.00998645168764533
9501,0.00998645168764533
9502,0.00998645168764533
9503,0.00998645168764533
9504,0.00998645168764533
9505,0.00998645168764533
9506,0.00998645168764533
9507,0.00998645168764533
9508,0.00998645168764533
9509,0.00998645168764533
9510,0.00998645168764533
9511,0.00998645168764533
9512,0.00998645168764533
9513,0.00998645168764533
9514,0.00998645168764533
9515,0.00998645168764533
9516,0.00998645168764533
9517,0.00998645168764533
9518,0.00998645168764533
9519,0.00998645168764533
9520,0.00998645168764533
9521,0.00998645168764533
9522,0.00998645168764533
9523,0.00998645168764533
9524,0.00998645168764533
9525,0.00998645168764533
9526,0.00998645168764533
9527,0.00998645168764533
9528,0.00998645168764533
9529,0.00998645168764533
9530,0.00998645168764533
9531,0.00998645168764533
9532,0.00998645168764533
9533,0.00998645168764533
9534,0.00998645168764533
9535,0.00998645168764533
9536,0.00998645168764533
9537,0.00998645168764533
9538,0.00998645168764533
9539,0.00998645168764533
9540,0.00998645168764533
9541,0.00998645168764533
9542,0.00998645168764533
9543,0.00998645168764533
9544,0.00998645168764533
9545,0.00998645168764533
9546,0.00998645168764533
9547,0.00998645168764533
9548,0.00998645168764533
9549,0.00998645168764533
9550,0.00998645168764533
9551,0.00998645168764533
9552,0.00998645168764533
9553,0.00998645168764533
9554,0.00998645168764533
9555,0.00998645168764533
9556,0.00998645168764533
9557,0.00998645168764533
9558,0.00998645168764533
9559,0.00998645168764533
9560,0.00998645168764533
9561,0.00998645168764533
9562,0.00998645168764533
9563,0.00998645168764533
9564,0.00998645168764533
9565,0.00998645168764533
9566,0.00998645168764533
9567,0.00998645168764533
9568,0.00998645168764533
9569,0.00998645168764533
9570,0.00998645168764533
9571,0.00998645168764533
9572,0.00998645168764533
9573,0.00998645168764533
9574,0.00998645168764533
9575,0.00998645168764533
9576,0.00998645168764533
9577,0.00998645168764533
9578,0.00998645168764533
9579,0.00998645168764533
9580,0.00998645168764533
9581,0.00998645168764533
9582,0.00998645168764533
9583,0.00998645168764533
9584,0.00998645168764533
9585,0.00998645168764533
9586,0.00998645168764533
9587,0.00998645168764533
9588,0.00998645168764533
9589,0.00998645168764533
9590,0.00998645168764533
9591,0.00998645168764533
9592,0.00998645168764533
9593,0.00998645168764533
9594,0.00998645168764533
9595,0.00998645168764533
9596,0.00998645168764533
9597,0.00998645168764533
9598,0.00998645168764533
9599,0.00998645168764533
9600,0.00998645168764533
9601,0.00998645168764533
9602,0.00998645168764533
9603,0.00998645168764533
9604,0.00998645168764533
9605,0.00998645168764533
9606,0.00998645168764533
9607,0.00998645168764533
9608,0.00998645168764533
9609,0.00998645168764533
9610,0.00998645168764533
9611,0.00998645168764533
9612,0.00998645168764533
9613,0.00998645168764533
9614,0.00998645168764533
9615,0.00998645168764533
9616,0.00998645168764533
9617,0.00998645168764533
9618,0.00998645168764533
9619,0.00998645168764533
9620,0.00998645168764533
9621,0.00998645168764533
9622,0.00998645168764533
9623,0.00998645168764533
9624,0.00998645168764533
9625,0.00998645168764533
9626,0.00998645168764533
9627,0.00998645168764533
9628,0.00998645168764533
9629,0.00998645168764533
9630,0.00998645168764533
9631,0.00998645168764533
9632,0.00998645168764533
9633,0.00998645168764533
9634,0.00998645168764533
9635,0.00998645168764533
9636,0.00998645168764533
9637,0.00998645168764533
9638,0.00998645168764533
9639,0.00998645168764533
9640,0.00998645168764533
9641,0.00998645168764533
9642,0.00998645168764533
9643,0.00998645168764533
9644,0.00998645168764533
9645,0.00998645168764533
9646,0.00998645168764533
9647,0.00998645168764533
9648,0.00998645168764533
9649,0.00998645168764533
9650,0.00998645168764533
9651,0.00998645168764533
9652,0.00998645168764533
9653,0.00998645168764533
9654,0.00998645168764533
9655,0.00998645168764533
9656,0.00998645168764533
9657,0.00998645168764533
9658,0.00998645168764533
9659,0.00998645168764533
9660,0.00998645168764533
9661,0.00998645168764533
9662,0.00998645168764533
9663,0.00998645168764533
9664,0.00998645168764533
9665,0.00998645168764533
9666,0.00998645168764533
9667,0.00998645168764533
9668,0.00998645168764533
9669,0.00998645168764533
9670,0.00998645168764533
9671,0.00998645168764533
9672,0.00998645168764533
9673,0.00998645168764533
9674,0.00998645168764533
9675,0.00998645168764533
9676,0.00998645168764533
9677,0.00998645168764533
9678,0.00998645168764533
9679,0.00998645168764533
9680,0.00998645168764533
9681,0.00998645168764533
9682,0.00998645168764533
9683,0.00998645168764533
9684,0.00998645168764533
9685,0.00998645168764533
9686,0.00998645168764533
9687,0.00998645168764533
9688,0.00998645168764533
9689,0.00998645168764533
9690,0.00998645168764533
9691,0.00998645168764533
9692,0.00998645168764533
9693,0.00998645168764533
9694,0.00998645168764533
9695,0.00998645168764533
9696,0.00998645168764533
9697,0.00998645168764533
9698,0.00998645168764533
9699,0.00998645168764533
9700,0.00998645168764533
9701,0.00998645168764533
9702,0.00998645168764533
9703,0.00998645168764533
9704,0.00998645168764533
9705,0.00998645168764533
9706,0.00998645168764533
9707,0.00998645168764533
9708,0.00998645168764533
9709,0.00998645168764533
9710,0.00998645168764533
9711,0.00998645168764533
9712,0.00998645168764533
9713,0.00998645168764533
9714,0.00998645168764533
9715,0.00998645168764533
9716,0.00998645168764533
9717,0.00998645168764533
9718,0.00998645168764533
9719,0.00998645168764533
9720,0.00998645168764533
9721,0.00998645168764533
9722,0.00998645168764533
9723,0.00998645168764533
9724,0.00998645168764533
9725,0.00998645168764533
9726,0.00998645168764533
9727,0.00998645168764533
9728,0.00998645168764533
9729,0.00998645168764533
9730,0.00998645168764533
9731,0.00998645168764533
9732,0.00998645168764533
9733,0.00998645168764533
9734,0.00998645168764533
9735,0.00998645168764533
9736,0.00998645168764533
9737,0.00998645168764533
9738,0.00998645168764533
9739,0.00998645168764533
9740,0.00998645168764533
9741,0.00998645168764533
9742,0.00998645168764533
9743,0.00998645168764533
9744,0.00998645168764533
9745,0.00998645168764533
9746,0.00998645168764533
9747,0.00998645168764533
9748,0.00998645168764533
9749,0.00998645168764533
9750,0.00998645168764533
9751,0.00998645168764533
9752,0.00998645168764533
9753,0.00998645168764533
9754,0.00998645168764533
9755,0.00998645168764533
9756,0.00998645168764533
9757,0.00998645168764533
9758,0.00998645168764533
9759,0.00998645168764533
9760,0.00998645168764533
9761,0.00998645168764533
9762,0.00998645168764533
9763,0.00998645168764533
9764,0.00998645168764533
9765,0.00998645168764533
9766,0.00998645168764533
9767,0.00998645168764533
9768,0.00998645168764533
9769,0.00998645168764533
9770,0.00998645168764533
9771,0.00998645168764533
9772,0.00998645168764533
9773,0.00998645168764533
9774,0.00998645168764533
9775,0.00998645168764533
9776,0.00998645168764533
9777,0.00998645168764533
9778,0.00998645168764533
9779,0.00998645168764533
9780,0.00998645168764533
9781,0.00998645168764533
9782,0.00998645168764533
9783,0.00998645168764533
9784,0.00998645168764533
9785,0.00998645168764533
9786,0.00998645168764533
9787,0.00998645168764533
9788,0.00998645168764533
9789,0.00998645168764533
9790,0.00998645168764533
9791,0.00998645168764533
9792,0.00998645168764533
9793,0.00998645168764533
9794,0.00998645168764533
9795,0.00998645168764533
9796,0.00998645168764533
9797,0.00998645168764533
9798,0.00998645168764533
9799,0.00998645168764533
9800,0.00998645168764533
9801,0.00998645168764533
9802,0.00998645168764533
9803,0.00998645168764533
9804,0.00998645168764533
9805,0.00998645168764533
9806,0.00998645168764533
9807,0.00998645168764533
9808,0.00998645168764533
9809,0.00998645168764533
9810,0.00998645168764533
9811,0.00998645168764533
9812,0.00998645168764533
9813,0.00998645168764533
9814,0.00998645168764533
9815,0.00998645168764533
9816,0.00998645168764533
9817,0.00998645168764533
9818,0.00998645168764533
9819,0.00998645168764533
9820,0.00998645168764533
9821,0.00998645168764533
9822,0.00998645168764533
9823,0.00998645168764533
9824,0.00998645168764533
9825,0.00998645168764533
9826,0.00998645168764533
9827,0.00998645168764533
9828,0.00998645168764533
9829,0.00998645168764533
9830,0.00998645168764533
9831,0.00998645168764533
9832,0.00998645168764533
9833,0.00998645168764533
9834,0.00998645168764533
9835,0.00998645168764533
9836,0.00998645168764533
9837,0.00998645168764533
9838,0.00998645168764533
9839,0.00998645168764533
9840,0.00998645168764533
9841,0.00998645168764533
9842,0.00998645168764533
9843,0.00998645168764533
9844,0.00998645168764533
9845,0.00998645168764533
9846,0.00998645168764533
9847,0.00998645168764533
9848,0.00998645168764533
9849,0.00998645168764533
9850,0.00998645168764533
9851,0.00998645168764533
9852,0.00998645168764533
9853,0.00998645168764533
9854,0.00998645168764533
9855,0.00998645168764533
9856,0.00998645168764533
9857,0.00998645168764533
9858,0.00998645168764533
9859,0.00998645168764533
9860,0.00998645168764533
9861,0.00998645168764533
9862,0.00998645168764533
9863,0.00998645168764533
9864,0.00998645168764533
9865,0.00998645168764533
9866,0.00998645168764533
9867,0.00998645168764533
9868,0.00998645168764533
9869,0.00998645168764533
9870,0.00998645168764533
9871,0.00998645168764533
9872,0.00998645168764533
9873,0.00998645168764533
9874,0.00998645168764533
9875,0.00998645168764533
9876,0.00998645168764533
9877,0.00998645168764533
9878,0.00998645168764533
9879,0.00998645168764533
9880,0.00998645168764533
9881,0.00998645168764533
9882,0.00998645168764533
9883,0.00998645168764533
9884,0.00998645168764533
9885,0.00998645168764533
9886,0.00998645168764533
9887,0.00998645168764533
9888,0.00998645168764533
9889,0.00998645168764533
9890,0.00998645168764533
9891,0.00998645168764533
9892,0.00998645168764533
9893,0.00998645168764533
9894,0.00998645168764533
9895,0.00998645168764533
9896,0.00998645168764533
9897,0.00998645168764533
9898,0.00998645168764533
9899,0.00998645168764533
9900,0.00998645168764533
9901,0.00998645168764533
9902,0.00998645168764533
9903,0.00998645168764533
9904,0.00998645168764533
9905,0.00998645168764533
9906,0.00998645168764533
9907,0.00998645168764533
9908,0.00998645168764533
9909,0.00998645168764533
9910,0.00998645168764533
9911,0.00998645168764533
9912,0.00998645168764533
9913,0.00998645168764533
9914,0.00998645168764533
9915,0.00998645168764533
9916,0.00998645168764533
9917,0.00998645168764533
9918,0.00998645168764533
9919,0.00998645168764533
9920,0.00998645168764533
9921,0.00998645168764533
9922,0.00998645168764533
9923,0.00998645168764533
9924,0.00998645168764533
9925,0.00998645168764533
9926,0.00998645168764533
9927,0.00998645168764533
9928,0.00998645168764533
9929,0.00998645168764533
9930,0.00998645168764533
9931,0.00998645168764533
9932,0.00998645168764533
9933,0.00998645168764533
9934,0.00998645168764533
9935,0.00998645168764533
9936,0.00998645168764533
9937,0.00998645168764533
9938,0.00998645168764533
9939,0.00998645168764533
9940,0.00998645168764533
9941,0.00998645168764533
9942,0.00998645168764533
9943,0.00998645168764533
9944,0.00998645168764533
9945,0.00998645168764533
9946,0.00998645168764533
9947,0.00998645168764533
9948,0.00998645168764533
9949,0.00998645168764533
9950,0.00998645168764533
9951,0.00998645168764533
9952,0.00998645168764533
9953,0.00998645168764533
9954,0.00998645168764533
9955,0.00998645168764533
9956,0.00998645168764533
9957,0.00998645168764533
9958,0.00998645168764533
9959,0.00998645168764533
9960,0.00998645168764533
9961,0.00998645168764533
9962,0.00998645168764533
9963,0.00998645168764533
9964,0.00998645168764533
9965,0.00998645168764533
9966,0.00998645168764533
9967,0.00998645168764533
9968,0.00998645168764533
9969,0.00998645168764533
9970,0.00998645168764533
9971,0.00998645168764533
9972,0.00998645168764533
9973,0.00998645168764533
9974,0.00998645168764533
9975,0.00998645168764533
9976,0.00998645168764533
9977,0.00998645168764533
9978,0.00998645168764533
9979,0.00998645168764533
9980,0.00998645168764533
9981,0.00998645168764533
9982,0.00998645168764533
9983,0.00998645168764533
9984,0.00998645168764533
9985,0.00998645168764533
9986,0.00998645168764533
9987,0.00998645168764533
9988,0.00998645168764533
9989,0.00998645168764533
9990,0.00998645168764533
9991,0.00998645168764533
9992,0.00998645168764533
9993,0.00998645168764533
9994,0.00998645168764533
9995,0.00998645168764533
9996,0.00998645168764533
9997,0.00998645168764533
9998,0.00998645168764533
9999,0.00998645168764533
10000,0.00998645168764533
